"﻿""address""",allCategories,allPhones,category,city,contactCompletenessScore,email,hasEmail,hasPhone,hasWebsite,id,latitude,leadSource,longitude,name,phone,postcode,rating,ratingCount,reviewCount,scrapedAt,searchCity,searchQuery,socialLinks,url,website,workingHours,relevance
"улица Крупской, 171а","Буровые работы, Строительство дорог, Ремонт помещений, Строительство и обслуживание электросетей",+73852629917,Буровые работы,Барнаул,40,,false,true,false,563478234536247,53.337532,2GIS,83.757835,Ремонтно-строительная компания,+73852629917,656031,,2,,2026-10-09T03:07:23.319470+00:00,Барнаул,бурение скважин,,https://2gis.ru/firm/563478234536247,,"Пн: 08:00-12:00, 13:00-17:00; Вт: 08:00-12:00, 13:00-17:00; Ср: 08:00-12:00, 13:00-17:00; Чт: 08:00-12:00, 13:00-17:00; Пт: 08:00-12:00, 13:00-16:00",B
"Павловский тракт, 102","Буровые работы, Наружное отопление, водоснабжение, канализация, Внутренние системы отопления, водоснабжения, канализации, Аренда спецтехники","+73852693359, +79029983359",Буровые работы,Барнаул,100,ovk-stroy78@mail.ru,true,true,true,70000001020512071,53.343069,2GIS,83.693118,"ОВК-СТРОЙ, компания по наружному отоплению, водоснабжению, канализации, доставке технической воды и услуг илососа",+73852693359,656066,5,73,73,2026-10-09T03:07:23.415730+00:00,Барнаул,бурение скважин,whatsapp:https://wa.me/79029983359?text=%D0%97%D0%B4%D1%80%D0%B0%D0%B2%D1%81%D1%82%D0%B2%D1%83%D0%B9%D1%82%D0%B5!%0A%0A%D0%9F%D0%B8%D1%88%D1%83%20%D0%B8%D0%B7%20%D0%BF%D1%80%D0%B8%D0%BB%D0%BE%D0%B6%D0%B5%D0%BD%D0%B8%D1%8F%202%D0%93%D0%98%D0%A1.%0A%0A,https://2gis.ru/firm/70000001020512071,http://xn--90ad4a.xn--c1avg,Пн: 00:00-24:00; Вт: 00:00-24:00; Ср: 00:00-24:00; Чт: 00:00-24:00; Пт: 00:00-24:00; Сб: 00:00-24:00; Вс: 00:00-24:00,C
"проспект Энергетиков, 37","Буровые работы, Наружное отопление, водоснабжение, канализация, Внутренние системы отопления, водоснабжения, канализации, Строительство и обслуживание наружного газоснабжения, Товары для отопления, водоснабжения, канализации","+73852590050, +73852590040, +73852226322",Буровые работы,Барнаул,100,5@viksstroy.ru,true,true,true,563478234732541,53.333762,2GIS,83.636202,"ВиКС, строительно-монтажное предприятие",+73852590050,656922,4.3,35,14,2026-10-09T03:07:23.498961+00:00,Барнаул,бурение скважин,,https://2gis.ru/firm/563478234732541,http://viksstroy.ru,Пн: 08:00-17:00; Вт: 08:00-17:00; Ср: 08:00-17:00; Чт: 08:00-17:00; Пт: 08:00-17:00,C
"Ветеринарная улица, 13","Буровые работы, Наружное отопление, водоснабжение, канализация, Строительство и обслуживание наружного газоснабжения, Внутренние системы отопления, водоснабжения, канализации, Системы водоотведения",+79237794717,Буровые работы,Барнаул,75,viktoeberlinn97160@gmail.com,true,true,false,70000001099892881,53.306501,2GIS,83.606461,ГНБ Сибирь,+79237794717,656922,5,101,96,2026-10-09T03:07:23.527019+00:00,Барнаул,бурение скважин,"whatsapp:https://wa.me/79237794717?text=%D0%97%D0%B4%D1%80%D0%B0%D0%B2%D1%81%D1%82%D0%B2%D1%83%D0%B9%D1%82%D0%B5!%0A%0A%D0%9F%D0%B8%D1%88%D1%83%20%D0%B8%D0%B7%20%D0%BF%D1%80%D0%B8%D0%BB%D0%BE%D0%B6%D0%B5%D0%BD%D0%B8%D1%8F%202%D0%93%D0%98%D0%A1.%0A%0A, telegram:https://t.me/+79237794717",https://2gis.ru/firm/70000001099892881,,Пн: 00:00-24:00; Вт: 00:00-24:00; Ср: 00:00-24:00; Чт: 00:00-24:00; Пт: 00:00-24:00; Сб: 00:00-24:00; Вс: 00:00-24:00,C
"Власихинская улица, 146д","Буровые работы, Системы водоотведения, Наружное отопление, водоснабжение, канализация, Проектирование инженерных систем","+73852581280, +79059296300, +79132101114",Буровые работы,Барнаул,100,222mastera@mail.ru,true,true,true,70000001067920970,53.328931,2GIS,83.700452,Атланта,+73852581280,656006,5,4,1,2026-10-09T03:07:23.567852+00:00,Барнаул,бурение скважин,"whatsapp:https://wa.me/79835481280?text=%D0%97%D0%B4%D1%80%D0%B0%D0%B2%D1%81%D1%82%D0%B2%D1%83%D0%B9%D1%82%D0%B5!%0A%0A%D0%9F%D0%B8%D1%88%D1%83%20%D0%B8%D0%B7%20%D0%BF%D1%80%D0%B8%D0%BB%D0%BE%D0%B6%D0%B5%D0%BD%D0%B8%D1%8F%202%D0%93%D0%98%D0%A1.%0A%0A, telegram:https://t.me/+79835481280",https://2gis.ru/firm/70000001067920970,http://xn--22-8kcay4b4agj.xn--p1ai,"Пн: 09:00-12:00, 13:00-18:00; Вт: 09:00-12:00, 13:00-18:00; Ср: 09:00-12:00, 13:00-18:00; Чт: 09:00-12:00, 13:00-18:00; Пт: 09:00-12:00, 13:00-18:00",C
"проспект Калинина, 67г","Буровые работы, Насосное оборудование, Проектирование инженерных систем","+73852770282, +73852333433, +73852770276, +73852337229",Буровые работы,Барнаул,100,vostok-ok@inbox.ru,true,true,true,563478234400257,53.390145,2GIS,83.741508,"Востокбурвод, производственно-строительная компания",+73852770282,656037,5,9,1,2026-10-09T03:07:23.590537+00:00,Барнаул,бурение скважин,,https://2gis.ru/firm/563478234400257,http://vbv22.ru,"Пн: 08:00-12:00, 12:35-16:45; Вт: 08:00-12:00, 12:35-16:45; Ср: 08:00-12:00, 12:35-16:45; Чт: 08:00-12:00, 12:35-16:45; Пт: 08:00-12:00, 12:35-16:00",B
"улица Профинтерна, 28а","Буровые работы, Вывоз снега, Земляные работы, Аренда спецтехники, Вывоз мусора","+79663000002, +73852532121",Буровые работы,Барнаул,100,nikaplus_official@mail.ru,true,true,true,70000001099003281,53.35941,2GIS,83.767518,Ника плюс,+79663000002,656002,5,60,55,2026-10-09T03:07:23.639444+00:00,Барнаул,бурение скважин,whatsapp:https://wa.me/79663000002?text=%D0%97%D0%B4%D1%80%D0%B0%D0%B2%D1%81%D1%82%D0%B2%D1%83%D0%B9%D1%82%D0%B5!%0A%0A%D0%9F%D0%B8%D1%88%D1%83%20%D0%B8%D0%B7%20%D0%BF%D1%80%D0%B8%D0%BB%D0%BE%D0%B6%D0%B5%D0%BD%D0%B8%D1%8F%202%D0%93%D0%98%D0%A1.%0A%0A,https://2gis.ru/firm/70000001099003281,http://np-official.ru,Пн: 00:00-24:00; Вт: 00:00-24:00; Ср: 00:00-24:00; Чт: 00:00-24:00; Пт: 00:00-24:00; Сб: 00:00-24:00; Вс: 00:00-24:00,C
"Центральная улица, 2г","Буровые работы, Наружное отопление, водоснабжение, канализация","+73852609380, +79237270111",Буровые работы,Барнаул,100,burenie22@mail.ru,true,true,true,70000001006195806,53.381314,2GIS,83.403312,"Алтайгидробур, компания буровых работ",+73852609380,656910,4.6,10,9,2026-10-09T03:07:23.731787+00:00,Барнаул,бурение скважин,"whatsapp:https://wa.me/79237270111?text=%D0%97%D0%B4%D1%80%D0%B0%D0%B2%D1%81%D1%82%D0%B2%D1%83%D0%B9%D1%82%D0%B5!%0A%0A%D0%9F%D0%B8%D1%88%D1%83%20%D0%B8%D0%B7%20%D0%BF%D1%80%D0%B8%D0%BB%D0%BE%D0%B6%D0%B5%D0%BD%D0%B8%D1%8F%202%D0%93%D0%98%D0%A1.%0A%0A, telegram:https://t.me/burenie22",https://2gis.ru/firm/70000001006195806,http://xn--80aadhfxfo6atcpv.xn--p1ai,Пн: 08:00-22:00; Вт: 08:00-22:00; Ср: 08:00-22:00; Чт: 08:00-22:00; Пт: 08:00-22:00; Сб: 08:00-22:00; Вс: 08:00-22:00,C
"улица Анатолия, 81а","Буровые работы, Геологические работы, Геодезические работы, Экологические работы, Гидрогеологические работы","+73852997222, +79640867222",Буровые работы,Барнаул,100,info@tisiz22.ru,true,true,true,70000001087626422,53.337502,2GIS,83.790714,Трест инженерно-строительных изысканий,+73852997222,656056,5,3,2,2026-10-09T03:07:24.000471+00:00,Барнаул,бурение скважин,,https://2gis.ru/firm/70000001087626422,http://www.tisiz22.ru,"Пн: 08:00-12:00, 13:00-17:00; Вт: 08:00-12:00, 13:00-17:00; Ср: 08:00-12:00, 13:00-17:00; Чт: 08:00-12:00, 13:00-17:00; Пт: 08:00-12:00, 13:00-16:00",A
"проспект Ленина, 138","Буровые работы, Оборудование для очистки воды, Насосное оборудование, Внутренние системы отопления, водоснабжения, канализации, Товары для отопления, водоснабжения, канализации","+73852532160, +79646032160, +79609366060",Буровые работы,Барнаул,100,waterengin@yandex.ru,true,true,true,70000001067340696,53.374757,2GIS,83.748291,Центр Водных Технологий,+73852532160,656037,5,12,3,2026-10-09T03:07:24.026559+00:00,Барнаул,бурение скважин,whatsapp:https://wa.me/79646032160?text=%D0%97%D0%B4%D1%80%D0%B0%D0%B2%D1%81%D1%82%D0%B2%D1%83%D0%B9%D1%82%D0%B5!%0A%0A%D0%9F%D0%B8%D1%88%D1%83%20%D0%B8%D0%B7%20%D0%BF%D1%80%D0%B8%D0%BB%D0%BE%D0%B6%D0%B5%D0%BD%D0%B8%D1%8F%202%D0%93%D0%98%D0%A1.%0A%0A,https://2gis.ru/firm/70000001067340696,http://waterengin.ru/,Пн: 10:00-18:00; Вт: 10:00-18:00; Ср: 10:00-18:00; Чт: 10:00-18:00; Пт: 10:00-18:00,C
"проспект Калинина, 116/10","Буровые работы, Свайные работы, Металлоконструкции для строительства, Строительство фундамента, Кованые изделия","88002220361, +79230004697, +73852730122",Буровые работы,Барнаул,100,mail@bzvs.ru,true,true,true,70000001049186898,53.39284,2GIS,83.743967,Барнаульский завод винтовых свай,88002220361,656037,2.6,6,3,2026-10-09T03:07:24.135238+00:00,Барнаул,бурение скважин,whatsapp:https://wa.me/79230004697?text=%D0%97%D0%B4%D1%80%D0%B0%D0%B2%D1%81%D1%82%D0%B2%D1%83%D0%B9%D1%82%D0%B5!%0A%0A%D0%9F%D0%B8%D1%88%D1%83%20%D0%B8%D0%B7%20%D0%BF%D1%80%D0%B8%D0%BB%D0%BE%D0%B6%D0%B5%D0%BD%D0%B8%D1%8F%202%D0%93%D0%98%D0%A1.%0A%0A,https://2gis.ru/firm/70000001049186898,http://www.bzvs.ru,Пн: 09:00-18:00; Вт: 09:00-18:00; Ср: 09:00-18:00; Чт: 09:00-18:00; Пт: 09:00-18:00,A
"проспект Космонавтов, 32Б/1","Буровые работы, Строительство и обслуживание наружного газоснабжения, Котельное оборудование, Ремонт зданий, Наружное отопление, водоснабжение, канализация","+73852503030, +73852487878, +79069400878",Буровые работы,Барнаул,100,info@altaiprom.ru,true,true,true,563478234593314,53.391989,2GIS,83.664959,"Алтайпром, многопрофильная компания",+73852503030,656063,5,5,2,2026-10-09T03:07:24.177660+00:00,Барнаул,бурение скважин,,https://2gis.ru/firm/563478234593314,http://altaiprom.ru,Пн: 08:00-17:00; Вт: 08:00-17:00; Ср: 08:00-17:00; Чт: 08:00-17:00; Пт: 08:00-17:00,C
"Путиловская улица, 20","Буровые работы, Котельное оборудование, Монтаж климатических систем, Проектирование инженерных систем, Внутренние системы отопления, водоснабжения, канализации",+73852532020,Буровые работы,Барнаул,75,tgv-br@mail.ru,true,true,false,563478234763186,53.356218,2GIS,83.787148,"ТГВ, торгово-монтажная компания",+73852532020,656038,5,9,3,2026-10-09T03:07:24.202476+00:00,Барнаул,бурение скважин,,https://2gis.ru/firm/563478234763186,,Пн: 08:00-17:00; Вт: 08:00-17:00; Ср: 08:00-17:00; Чт: 08:00-17:00; Пт: 08:00-17:00,C
"Красноармейский проспект, 77","Буровые работы, Проектирование инженерных систем, Экологические работы, Гидрогеологические работы, Лицензирование","+79237483809, +73852567882, +79130227023",Буровые работы,Барнаул,100,gidrosibir@mail.ru,true,true,true,70000001042202002,53.340423,2GIS,83.770783,"ГидроСибирь, проектно-инженерная компания",+79237483809,656049,5,28,16,2026-10-09T03:07:24.261409+00:00,Барнаул,бурение скважин,whatsapp:https://wa.me/79237483809?text=%D0%97%D0%B4%D1%80%D0%B0%D0%B2%D1%81%D1%82%D0%B2%D1%83%D0%B9%D1%82%D0%B5!%0A%0A%D0%9F%D0%B8%D1%88%D1%83%20%D0%B8%D0%B7%20%D0%BF%D1%80%D0%B8%D0%BB%D0%BE%D0%B6%D0%B5%D0%BD%D0%B8%D1%8F%202%D0%93%D0%98%D0%A1.%0A%0A,https://2gis.ru/firm/70000001042202002,http://gidrosibir.ru,Пн: 08:00-18:00; Вт: 08:00-18:00; Ср: 08:00-18:00; Чт: 08:00-18:00; Пт: 08:00-18:00,A
"улица Военстроя, 65","Буровые работы, Наружное отопление, водоснабжение, канализация, Строительство и обслуживание наружного газоснабжения","+73853256338, +73853256728",Буровые работы,Барнаул,75,gtm-stroi@mail.ru,true,true,false,563478234811190,53.387571,2GIS,83.956927,"Гтм-строй, строительно-монтажная фирма",+73853256338,658084,4,16,8,2026-10-09T03:07:24.286702+00:00,Барнаул,бурение скважин,,https://2gis.ru/firm/563478234811190,,"Пн: 08:00-12:00, 13:00-17:00; Вт: 08:00-12:00, 13:00-17:00; Ср: 08:00-12:00, 13:00-17:00; Чт: 08:00-12:00, 13:00-17:00; Пт: 08:00-12:00, 13:00-17:00",C
"Трактовая улица, 74е","Буровые работы, Свайные работы, Металлоконструкции для строительства, Строительство фундамента","88002220361, +79230004697",Буровые работы,Барнаул,100,mail@bzvs.ru,true,true,true,70000001045590682,53.322195,2GIS,83.623897,"Барнаульский завод винтовых свай, производственный цех",88002220361,656922,3.6,30,7,2026-10-09T03:07:24.306230+00:00,Барнаул,бурение скважин,whatsapp:https://wa.me/79230004697?text=%D0%97%D0%B4%D1%80%D0%B0%D0%B2%D1%81%D1%82%D0%B2%D1%83%D0%B9%D1%82%D0%B5!%0A%0A%D0%9F%D0%B8%D1%88%D1%83%20%D0%B8%D0%B7%20%D0%BF%D1%80%D0%B8%D0%BB%D0%BE%D0%B6%D0%B5%D0%BD%D0%B8%D1%8F%202%D0%93%D0%98%D0%A1.%0A%0A,https://2gis.ru/firm/70000001045590682,http://www.bzvs.ru,Пн: 09:00-17:30; Вт: 09:00-17:30; Ср: 09:00-17:30; Чт: 09:00-17:30; Пт: 09:00-15:00; Сб: 09:00-15:00,A
"улица Короленко, 10","Буровые работы, Внутренние системы отопления, водоснабжения, канализации, Наружное отопление, водоснабжение, канализация, Аварийные службы, Строительство и обслуживание наружного газоснабжения",+79236425001,Буровые работы,Барнаул,100,danileberling@gmail.com,true,true,true,70000001097160434,53.33935,2GIS,83.800964,"Сибирь, компания по горизонтальному бурению",+79236425001,656056,5,26,24,2026-10-09T03:07:24.348838+00:00,Барнаул,бурение скважин,"whatsapp:https://wa.me/79236425001?text=%D0%97%D0%B4%D1%80%D0%B0%D0%B2%D1%81%D1%82%D0%B2%D1%83%D0%B9%D1%82%D0%B5!%0A%0A%D0%9F%D0%B8%D1%88%D1%83%20%D0%B8%D0%B7%20%D0%BF%D1%80%D0%B8%D0%BB%D0%BE%D0%B6%D0%B5%D0%BD%D0%B8%D1%8F%202%D0%93%D0%98%D0%A1.%0A%0A, telegram:https://t.me/+79236425001, telegram:https://t.me/gnb22barnaul",https://2gis.ru/firm/70000001097160434,http://gnb-barnaul.ru/,Пн: 00:00-24:00; Вт: 00:00-24:00; Ср: 00:00-24:00; Чт: 00:00-24:00; Пт: 00:00-24:00; Сб: 00:00-24:00; Вс: 00:00-24:00,C
"улица Пушкина, 25","Буровые работы, Проектирование дорог и мостов, Геологические работы, Экологические работы, Геодезические работы","+79293999336, +73852201903",Буровые работы,Барнаул,100,gipalt@mail.ru,true,true,true,70000001047927873,53.334569,2GIS,83.797607,"ГипАлтай, центр инженерных изысканий, проектирования автомобильных дорог и мостов",+79293999336,656056,2.1,5,1,2026-10-09T03:07:24.381407+00:00,Барнаул,бурение скважин,"whatsapp:https://wa.me/79293999336?text=%D0%97%D0%B4%D1%80%D0%B0%D0%B2%D1%81%D1%82%D0%B2%D1%83%D0%B9%D1%82%D0%B5!%0A%0A%D0%9F%D0%B8%D1%88%D1%83%20%D0%B8%D0%B7%20%D0%BF%D1%80%D0%B8%D0%BB%D0%BE%D0%B6%D0%B5%D0%BD%D0%B8%D1%8F%202%D0%93%D0%98%D0%A1.%0A%0A, telegram:https://t.me/+79293999336",https://2gis.ru/firm/70000001047927873,http://gipaltay.ru,"Пн: 08:00-11:30, 12:18-17:00; Вт: 08:00-11:30, 12:18-17:00; Ср: 08:00-11:30, 12:18-17:00; Чт: 08:00-11:30, 12:18-17:00; Пт: 08:00-11:30, 12:18-16:00",B
"улица Короленко, 40","Буровые работы, Свайные работы, Аренда спецтехники","+79059898000, +79132100157",Буровые работы,Барнаул,100,altay-start@yandex.ru,true,true,true,563478235335665,53.337335,2GIS,83.796269,"Копр, компания по сооружению свайных оснований",+79059898000,656056,4.2,4,4,2026-10-09T03:07:24.457120+00:00,Барнаул,бурение скважин,"whatsapp:https://wa.me/79059898000?text=%D0%97%D0%B4%D1%80%D0%B0%D0%B2%D1%81%D1%82%D0%B2%D1%83%D0%B9%D1%82%D0%B5!%0A%0A%D0%9F%D0%B8%D1%88%D1%83%20%D0%B8%D0%B7%20%D0%BF%D1%80%D0%B8%D0%BB%D0%BE%D0%B6%D0%B5%D0%BD%D0%B8%D1%8F%202%D0%93%D0%98%D0%A1.%0A%0A, whatsapp:https://wa.me/79132100157?text=%D0%97%D0%B4%D1%80%D0%B0%D0%B2%D1%81%D1%82%D0%B2%D1%83%D0%B9%D1%82%D0%B5!%0A%0A%D0%9F%D0%B8%D1%88%D1%83%20%D0%B8%D0%B7%20%D0%BF%D1%80%D0%B8%D0%BB%D0%BE%D0%B6%D0%B5%D0%BD%D0%B8%D1%8F%202%D0%93%D0%98%D0%A1.%0A%0A",https://2gis.ru/firm/563478235335665,http://altaystart.ru,Пн: 09:00-17:00; Вт: 09:00-17:00; Ср: 09:00-17:00; Чт: 09:00-17:00; Пт: 09:00-17:00; Сб: 09:00-17:00,A
"улица Октябрёнок, 80","Буровые работы, Аренда спецтехники",+79069632259,Буровые работы,Барнаул,40,,false,true,false,70000001095395195,53.400691,2GIS,83.976945,"Стройлайн, компания",+79069632259,658083,0,4,1,2026-10-09T03:07:24.480872+00:00,Барнаул,бурение скважин,,https://2gis.ru/firm/70000001095395195,,Пн: 08:00-20:00; Вт: 08:00-20:00; Ср: 08:00-20:00; Чт: 08:00-20:00; Пт: 08:00-20:00; Сб: 08:00-20:00; Вс: 08:00-20:00,C
"Пионерская улица, 212","Буровые работы, Геологические работы",+79619572115,Буровые работы,Благовещенск,100,info@buramur-vilkov.ru,true,true,true,70000001102702989,50.302426,2GIS,127.54236,"БурАмур, геологическая компания",+79619572115,675014,5,10,8,2026-10-09T02:20:27.105260+00:00,Благовещенск,бурение скважин,"whatsapp:https://wa.me/79619572115?text=%D0%97%D0%B4%D1%80%D0%B0%D0%B2%D1%81%D1%82%D0%B2%D1%83%D0%B9%D1%82%D0%B5!%0A%0A%D0%9F%D0%B8%D1%88%D1%83%20%D0%B8%D0%B7%20%D0%BF%D1%80%D0%B8%D0%BB%D0%BE%D0%B6%D0%B5%D0%BD%D0%B8%D1%8F%202%D0%93%D0%98%D0%A1.%0A%0A, telegram:https://t.me/+79619572115",https://2gis.ru/firm/70000001102702989,http://buramur.ru,"Пн: 09:00-13:00, 14:00-18:00; Вт: 09:00-13:00, 14:00-18:00; Ср: 09:00-13:00, 14:00-18:00; Чт: 09:00-13:00, 14:00-18:00; Пт: 09:00-13:00, 14:00-18:00",B
"Василенко улица, Л45",Буровые работы,"+79244481807, +79619552288",Буровые работы,Благовещенск,100,boris19811408@yandex.ru,true,true,true,70000001099969188,50.316008,2GIS,127.516233,БлагБурВод,+79244481807,675520,5,11,10,2026-10-09T02:20:27.219642+00:00,Благовещенск,бурение скважин,telegram:https://t.me/+79244481807,https://2gis.ru/firm/70000001099969188,http://xn--28-6kcdbgfk2d8au9a.xn--p1ai,Пн: 08:00-20:00; Вт: 08:00-20:00; Ср: 08:00-20:00; Чт: 08:00-20:00; Пт: 08:00-20:00; Сб: 08:00-20:00; Вс: 08:00-20:00,A
"Текстильная улица, 49","Буровые работы, Геологоразведочные работы, Добыча полезных ископаемых, Геологические работы",+79145883631,Буровые работы,Благовещенск,40,,false,true,false,70000001113368687,50.298979,2GIS,127.533059,Авангард ДВ,+79145883631,675014,,,,2026-10-09T02:20:27.345672+00:00,Благовещенск,бурение скважин,,https://2gis.ru/firm/70000001113368687,,Пн: 09:00-18:00; Вт: 09:00-18:00; Ср: 09:00-18:00; Чт: 09:00-18:00; Пт: 09:00-18:00; Сб: 09:00-18:00; Вс: 09:00-18:00,A
"улица Калинина, 116/2","Буровые работы, Геологические работы, Экологические работы",+79249006000,Буровые работы,Благовещенск,75,geo@tkt-28.ru,true,true,false,70000001114761635,50.282523,2GIS,127.522992,"ТКТ, геологическая компания",+79249006000,675000,5,1,1,2026-10-09T02:20:27.415513+00:00,Благовещенск,бурение скважин,whatsapp:https://wa.me/79249006000?text=%D0%97%D0%B4%D1%80%D0%B0%D0%B2%D1%81%D1%82%D0%B2%D1%83%D0%B9%D1%82%D0%B5!%0A%0A%D0%9F%D0%B8%D1%88%D1%83%20%D0%B8%D0%B7%20%D0%BF%D1%80%D0%B8%D0%BB%D0%BE%D0%B6%D0%B5%D0%BD%D0%B8%D1%8F%202%D0%93%D0%98%D0%A1.%0A%0A,https://2gis.ru/firm/70000001114761635,,Пн: 09:00-18:00; Вт: 09:00-18:00; Ср: 09:00-18:00; Чт: 09:00-18:00; Пт: 09:00-18:00; Сб: 09:00-18:00,B
"Малая Амурская улица, 1 лит 1","Буровые работы, Строительство фундамента, Свайные работы, Промышленное строительство, Железобетонные изделия","+79098271647, +79246719777",Буровые работы,Благовещенск,90,ozarit.svb@mail.ru,true,true,true,70000001040814457,51.34946,2GIS,128.134752,"Озарит, производственно-строительная компания",+79098271647,,,1,,2026-10-09T02:20:27.464986+00:00,Благовещенск,бурение скважин,"whatsapp:https://wa.me/79098271647?text=%D0%97%D0%B4%D1%80%D0%B0%D0%B2%D1%81%D1%82%D0%B2%D1%83%D0%B9%D1%82%D0%B5!%0A%0A%D0%9F%D0%B8%D1%88%D1%83%20%D0%B8%D0%B7%20%D0%BF%D1%80%D0%B8%D0%BB%D0%BE%D0%B6%D0%B5%D0%BD%D0%B8%D1%8F%202%D0%93%D0%98%D0%A1.%0A%0A, telegram:https://t.me/+79098271647, whatsapp:https://wa.me/79246719777?text=%D0%97%D0%B4%D1%80%D0%B0%D0%B2%D1%81%D1%82%D0%B2%D1%83%D0%B9%D1%82%D0%B5!%0A%0A%D0%9F%D0%B8%D1%88%D1%83%20%D0%B8%D0%B7%20%D0%BF%D1%80%D0%B8%D0%BB%D0%BE%D0%B6%D0%B5%D0%BD%D0%B8%D1%8F%202%D0%93%D0%98%D0%A1.%0A%0A",https://2gis.ru/firm/70000001040814457,http://xn--80anevmn.xn--p1ai,"Пн: 08:00-13:00, 14:00-18:00; Вт: 08:00-13:00, 14:00-18:00; Ср: 08:00-13:00, 14:00-18:00; Чт: 08:00-13:00, 14:00-18:00; Пт: 08:00-13:00, 14:00-18:00; Сб: 08:00-13:00, 14:00-18:00",A
"Зейская улица, 237а","Буровые работы, Кадастровые работы, Геологические работы, Геодезические работы, Проектирование дорог и мостов",+74162520092,Буровые работы,Благовещенск,100,amurzemproekt@mail.ru,true,true,true,7318877675489192,50.262382,2GIS,127.52104,"Амурземпроект, земельно-кадастровая компания",+74162520092,675000,4.2,37,12,2026-10-09T02:20:27.504006+00:00,Благовещенск,бурение скважин,telegram:https://t.me/azpblg,https://2gis.ru/firm/7318877675489192,http://www.azp28.ru,"Пн: 08:00-12:00, 13:00-17:00; Вт: 08:00-12:00, 13:00-17:00; Ср: 08:00-12:00, 13:00-17:00; Чт: 08:00-12:00, 13:00-17:00; Пт: 08:00-12:00, 13:00-17:00",B
"Промышленная улица, 3","Буровые работы, Геодезические работы, Геологоразведочные работы, Геофизические работы, Гидрогеологические работы",+74162394443,Буровые работы,Благовещенск,100,regis@pokrmine.ru,true,true,true,7318877675458732,50.288469,2GIS,127.510555,"Регис, научно-производственная геологическая фирма",+74162394443,675028,4,17,1,2026-10-09T02:20:27.545604+00:00,Благовещенск,бурение скважин,,https://2gis.ru/firm/7318877675458732,http://npgfregis.ru,"Пн: 08:00-12:00, 13:00-17:00; Вт: 08:00-12:00, 13:00-17:00; Ср: 08:00-12:00, 13:00-17:00; Чт: 08:00-12:00, 13:00-17:00; Пт: 08:00-12:00, 13:00-17:00",A
,"Буровые работы, Аренда спецтехники","+79146148010, +74162587707",Буровые работы,Благовещенск,50,,false,true,false,70000001039192598,,2GIS,,Alexbur,+79146148010,,5,3,2,2026-10-09T02:20:27.592369+00:00,Благовещенск,бурение скважин,whatsapp:https://wa.me/79146148010?text=%D0%97%D0%B4%D1%80%D0%B0%D0%B2%D1%81%D1%82%D0%B2%D1%83%D0%B9%D1%82%D0%B5!%0A%0A%D0%9F%D0%B8%D1%88%D1%83%20%D0%B8%D0%B7%20%D0%BF%D1%80%D0%B8%D0%BB%D0%BE%D0%B6%D0%B5%D0%BD%D0%B8%D1%8F%202%D0%93%D0%98%D0%A1.%0A%0A,https://2gis.ru/firm/70000001039192598,,Пн: 00:00-24:00; Вт: 00:00-24:00; Ср: 00:00-24:00; Чт: 00:00-24:00; Пт: 00:00-24:00; Сб: 00:00-24:00; Вс: 00:00-24:00,C
"Пионерская улица, 212 лит 2","Буровые работы, Геофизические работы, Проектирование инженерных систем","+74162470242, +79145532233",Буровые работы,Благовещенск,100,burvodmontag@mail.ru,true,true,true,7318877675463265,50.302493,2GIS,127.541638,Бурводмонтаж,+74162470242,675014,4.3,5,4,2026-10-09T02:20:27.700650+00:00,Благовещенск,бурение скважин,whatsapp:https://wa.me/79145532233?text=%D0%97%D0%B4%D1%80%D0%B0%D0%B2%D1%81%D1%82%D0%B2%D1%83%D0%B9%D1%82%D0%B5!%0A%0A%D0%9F%D0%B8%D1%88%D1%83%20%D0%B8%D0%B7%20%D0%BF%D1%80%D0%B8%D0%BB%D0%BE%D0%B6%D0%B5%D0%BD%D0%B8%D1%8F%202%D0%93%D0%98%D0%A1.%0A%0A,https://2gis.ru/firm/7318877675463265,http://burvodmontag.ru,"Пн: 09:00-12:00, 13:00-17:00; Вт: 09:00-12:00, 13:00-17:00; Ср: 09:00-12:00, 13:00-17:00; Чт: 09:00-12:00, 13:00-17:00; Пт: 09:00-12:00, 13:00-17:00",B
"улица Мухина, 31","Буровые работы, Геодезические работы, Проектирование дорог и мостов, Проектирование объектов добычи полезных ископаемых, Экологические работы","+74162533690, +79241419956",Буровые работы,Благовещенск,90,azimut-amur@yandex.ru,true,true,true,7318877675454883,50.265429,2GIS,127.511205,"Азимут, проектная компания",+74162533690,675000,,,,2026-10-09T02:20:27.782546+00:00,Благовещенск,бурение скважин,,https://2gis.ru/firm/7318877675454883,http://www.azimut-amur.ru,"Пн: 08:00-12:00, 13:00-17:00; Вт: 08:00-12:00, 13:00-17:00; Ср: 08:00-12:00, 13:00-17:00; Чт: 08:00-12:00, 13:00-17:00; Пт: 08:00-12:00, 13:00-17:00",B
"Нагорная улица, 19в","Буровые работы, Строительство объектов связи, Наружное отопление, водоснабжение, канализация, Электромонтажные работы, Промышленное строительство",+79244999444,Буровые работы,Благовещенск,100,doc@ses-dv.ru,true,true,true,70000001044925810,50.281766,2GIS,127.486003,"Связь Энергострой, многопрофильная компания",+79244999444,675000,5,7,1,2026-10-09T02:20:27.830629+00:00,Благовещенск,бурение скважин,"whatsapp:https://wa.me/79143965435?text=%D0%97%D0%B4%D1%80%D0%B0%D0%B2%D1%81%D1%82%D0%B2%D1%83%D0%B9%D1%82%D0%B5!%0A%0A%D0%9F%D0%B8%D1%88%D1%83%20%D0%B8%D0%B7%20%D0%BF%D1%80%D0%B8%D0%BB%D0%BE%D0%B6%D0%B5%D0%BD%D0%B8%D1%8F%202%D0%93%D0%98%D0%A1.%0A%0A, whatsapp:https://wa.me/79244999444?text=%D0%97%D0%B4%D1%80%D0%B0%D0%B2%D1%81%D1%82%D0%B2%D1%83%D0%B9%D1%82%D0%B5!%0A%0A%D0%9F%D0%B8%D1%88%D1%83%20%D0%B8%D0%B7%20%D0%BF%D1%80%D0%B8%D0%BB%D0%BE%D0%B6%D0%B5%D0%BD%D0%B8%D1%8F%202%D0%93%D0%98%D0%A1.%0A%0A, telegram:https://t.me/+79244480859",https://2gis.ru/firm/70000001044925810,http://ses-dv.ru,"Пн: 09:00-12:00, 13:00-17:00; Вт: 09:00-12:00, 13:00-17:00; Ср: 09:00-12:00, 13:00-17:00; Чт: 09:00-12:00, 13:00-17:00; Пт: 09:00-12:00, 13:00-17:00",C
"улица Шимановского, 82","Буровые работы, Геодезические работы, Экологические работы, Архитектурное проектирование, Геологические работы",+79841886873,Буровые работы,Благовещенск,100,sgp28@yandex.ru,true,true,true,70000001033934701,50.269564,2GIS,127.54291,"СпецГеоПроект, проектно-изыскательский институт",+79841886873,675000,5,4,3,2026-10-09T02:20:27.922128+00:00,Благовещенск,бурение скважин,telegram:https://t.me/+79246777703,https://2gis.ru/firm/70000001033934701,http://specgeoproject.ru,Пн: 08:00-17:00; Вт: 08:00-17:00; Ср: 08:00-17:00; Чт: 08:00-17:00; Пт: 08:00-17:00,B
"Пионерская улица, 198",Буровые работы,"+74162425868, +74162423179",Буровые работы,Благовещенск,65,amurburvod@mail.ru,true,true,false,7318877675454987,50.294045,2GIS,127.540029,"Амурбурвод, буровая компания",+74162425868,675014,,,,2026-10-09T02:20:27.969690+00:00,Благовещенск,бурение скважин,,https://2gis.ru/firm/7318877675454987,,"Пн: 08:00-12:00, 13:00-17:00; Вт: 08:00-12:00, 13:00-17:00; Ср: 08:00-12:00, 13:00-17:00; Чт: 08:00-12:00, 13:00-17:00; Пт: 08:00-12:00, 13:00-17:00",A
"Амурская улица, 270","Буровые работы, Электромонтажные работы, Строительство объектов связи, Проектирование инженерных систем",+74162448888,Буровые работы,Благовещенск,75,titan-er@mail.ru,true,true,false,7318877675580502,50.265908,2GIS,127.506172,"Титан энергоресурс, многопрофильная компания",+74162448888,675000,5,3,1,2026-10-09T02:20:28.014987+00:00,Благовещенск,бурение скважин,,https://2gis.ru/firm/7318877675580502,,"Пн: 08:30-12:00, 13:00-17:30; Вт: 08:30-12:00, 13:00-17:30; Ср: 08:30-12:00, 13:00-17:30; Чт: 08:30-12:00, 13:00-17:30; Пт: 08:30-12:00, 13:00-17:30",C
"Нагорная улица, 2/1","Буровые работы, Геодезические работы, Геологические работы, Экологические работы, Геофизические работы","+74162529992, +74162521640, +74162497129, +74162497323",Буровые работы,Благовещенск,100,tisiz2009@yandex.ru,true,true,true,7318877675544903,50.270292,2GIS,127.478656,"Амурский территориальный институт строительных изысканий, производственно-складская база",+74162529992,675000,5,5,4,2026-10-09T02:20:28.078270+00:00,Благовещенск,бурение скважин,,https://2gis.ru/firm/7318877675544903,http://amurtisiz.ru,"Пн: 08:00-12:00, 13:00-17:00; Вт: 08:00-12:00, 13:00-17:00; Ср: 08:00-12:00, 13:00-17:00; Чт: 08:00-12:00, 13:00-17:00; Пт: 08:00-12:00, 13:00-17:00",B
"улица Чайковского, 1","Буровые работы, Геологические работы, Проектирование объектов добычи полезных ископаемых, Геодезические работы",+79294761313,Буровые работы,Благовещенск,100,marksheyderdv@bk.ru,true,true,true,70000001069550196,50.250632,2GIS,127.555414,"Маркшейдер ДВ, компания по сопровождению горных работ",+79294761313,675002,5,4,3,2026-10-09T02:20:28.131656+00:00,Благовещенск,бурение скважин,whatsapp:https://wa.me/79294761313?text=%D0%97%D0%B4%D1%80%D0%B0%D0%B2%D1%81%D1%82%D0%B2%D1%83%D0%B9%D1%82%D0%B5!%0A%0A%D0%9F%D0%B8%D1%88%D1%83%20%D0%B8%D0%B7%20%D0%BF%D1%80%D0%B8%D0%BB%D0%BE%D0%B6%D0%B5%D0%BD%D0%B8%D1%8F%202%D0%93%D0%98%D0%A1.%0A%0A,https://2gis.ru/firm/70000001069550196,http://marksheyder.ru,Пн: 09:00-18:00; Вт: 09:00-18:00; Ср: 09:00-18:00; Чт: 09:00-18:00; Пт: 09:00-18:00,B
"Красноармейская улица, 298",Буровые работы,,Буровые работы,Благовещенск,0,,false,false,false,70000001103924109,50.272685,2GIS,127.488109,Дальневосточная буровая компания,,675000,,1,,2026-10-09T02:20:28.222412+00:00,Благовещенск,бурение скважин,,https://2gis.ru/firm/70000001103924109,,"Пн: 08:00-12:00, 13:00-17:00; Вт: 08:00-12:00, 13:00-17:00; Ср: 08:00-12:00, 13:00-17:00; Чт: 08:00-12:00, 13:00-17:00; Пт: 08:00-12:00, 13:00-17:00",A
"Красноармейская улица, 112","Буровые работы, Наружное отопление, водоснабжение, канализация, Земляные работы, Аренда спецтехники, Электромонтажные работы",+79145570466,Буровые работы,Благовещенск,75,ipkios@inbox.ru,true,true,false,70000001032123981,50.268685,2GIS,127.53042,"Гнб Амур, компания по бестраншейной прокладке коммуникаций",+79145570466,675000,5,1,1,2026-10-09T02:20:28.281020+00:00,Благовещенск,бурение скважин,whatsapp:https://wa.me/79145570466?text=%D0%97%D0%B4%D1%80%D0%B0%D0%B2%D1%81%D1%82%D0%B2%D1%83%D0%B9%D1%82%D0%B5!%0A%0A%D0%9F%D0%B8%D1%88%D1%83%20%D0%B8%D0%B7%20%D0%BF%D1%80%D0%B8%D0%BB%D0%BE%D0%B6%D0%B5%D0%BD%D0%B8%D1%8F%202%D0%93%D0%98%D0%A1.%0A%0A,https://2gis.ru/firm/70000001032123981,,Пн: 08:00-17:00; Вт: 08:00-17:00; Ср: 08:00-17:00; Чт: 08:00-17:00; Пт: 08:00-17:00,C
"Центральная улица, Л56",Буровые работы,"+74162464630, +79140444008",Буровые работы,Благовещенск,75,,false,true,true,70000001052095171,50.329223,2GIS,127.522704,"Ресурс, компания по бурению скважин на воду",+74162464630,675520,5,7,5,2026-10-09T02:20:28.331682+00:00,Благовещенск,бурение скважин,"whatsapp:https://wa.me/79140444008?text=%D0%97%D0%B4%D1%80%D0%B0%D0%B2%D1%81%D1%82%D0%B2%D1%83%D0%B9%D1%82%D0%B5!%0A%0A%D0%9F%D0%B8%D1%88%D1%83%20%D0%B8%D0%B7%20%D0%BF%D1%80%D0%B8%D0%BB%D0%BE%D0%B6%D0%B5%D0%BD%D0%B8%D1%8F%202%D0%93%D0%98%D0%A1.%0A%0A, telegram:https://t.me/sovetov1894",https://2gis.ru/firm/70000001052095171,http://bur28.ru,Пн: 09:00-18:00; Вт: 09:00-18:00; Ср: 09:00-18:00; Чт: 09:00-18:00; Пт: 09:00-18:00,A
"улица Карла Маркса, 16","Буровые работы, Гидрогеологические работы, Геологические работы, Геологоразведочные работы","+74164330693, +74164330694",Буровые работы,Благовещенск,65,,false,true,true,70000001035859593,51.375616,2GIS,128.133625,Арго,+74164330693,676454,,,,2026-10-09T02:20:28.438247+00:00,Благовещенск,бурение скважин,,https://2gis.ru/firm/70000001035859593,http://www.argo.amur.ru,"Пн: 08:00-12:00, 13:00-17:00; Вт: 08:00-12:00, 13:00-17:00; Ср: 08:00-12:00, 13:00-17:00; Чт: 08:00-12:00, 13:00-17:00; Пт: 08:00-12:00, 13:00-17:00",A
"улица Карбышева, 20а","Буровые работы, Геодезические работы, Геологические работы, Экологические работы, Гидрогеологические работы","+79244336621, +74232920158",Буровые работы,Владивосток,100,ooo-dik@mail.ru,true,true,true,70000001007028261,43.155574,2GIS,131.924881,"Дальневосточная Инженерная компания, компания по услугам инженерных изысканий",+79244336621,690089,4.8,23,28,2026-10-09T02:19:56.299512+00:00,Владивосток,бурение скважин,"whatsapp:https://wa.me/79244336621?text=%D0%97%D0%B4%D1%80%D0%B0%D0%B2%D1%81%D1%82%D0%B2%D1%83%D0%B9%D1%82%D0%B5!%0A%0A%D0%9F%D0%B8%D1%88%D1%83%20%D0%B8%D0%B7%20%D0%BF%D1%80%D0%B8%D0%BB%D0%BE%D0%B6%D0%B5%D0%BD%D0%B8%D1%8F%202%D0%93%D0%98%D0%A1.%0A%0A, telegram:https://t.me/+79244336621",https://2gis.ru/firm/70000001007028261,http://dik-dv.ru,Пн: 10:00-18:00; Вт: 10:00-18:00; Ср: 10:00-18:00; Чт: 10:00-18:00; Пт: 10:00-18:00,A
"улица Адмирала Горшкова, 4","Буровые работы, Экологические работы, Геодезические работы, Геологические работы, Гидрогеологические работы","+79242424195, +74232485858",Буровые работы,Владивосток,100,tvoi-p@bk.ru,true,true,true,70000001052800390,43.161842,2GIS,131.948792,Твой проект,+79242424195,690911,5,40,35,2026-10-09T02:19:56.401125+00:00,Владивосток,бурение скважин,whatsapp:https://wa.me/79242424195?text=%D0%97%D0%B4%D1%80%D0%B0%D0%B2%D1%81%D1%82%D0%B2%D1%83%D0%B9%D1%82%D0%B5!%0A%0A%D0%9F%D0%B8%D1%88%D1%83%20%D0%B8%D0%B7%20%D0%BF%D1%80%D0%B8%D0%BB%D0%BE%D0%B6%D0%B5%D0%BD%D0%B8%D1%8F%202%D0%93%D0%98%D0%A1.%0A%0A,https://2gis.ru/firm/70000001052800390,http://vl-p.ru,Пн: 09:00-21:00; Вт: 09:00-21:00; Ср: 09:00-21:00; Чт: 09:00-21:00; Пт: 09:00-21:00,A
"Донбасская улица, 1/1","Буровые работы, Металлоконструкции для строительства, Свайные работы, Аренда спецтехники, Заборы и ограждения",+79510005797,Буровые работы,Владивосток,75,vlmagnit25@gmail.com,true,true,false,70000001055997553,43.353096,2GIS,132.082348,"Вл магнит, компания по производству винтовых свай",+79510005797,692771,4.6,31,12,2026-10-09T02:19:56.442661+00:00,Владивосток,бурение скважин,"whatsapp:https://wa.me/79510005797?text=%D0%97%D0%B4%D1%80%D0%B0%D0%B2%D1%81%D1%82%D0%B2%D1%83%D0%B9%D1%82%D0%B5!%0A%0A%D0%9F%D0%B8%D1%88%D1%83%20%D0%B8%D0%B7%20%D0%BF%D1%80%D0%B8%D0%BB%D0%BE%D0%B6%D0%B5%D0%BD%D0%B8%D1%8F%202%D0%93%D0%98%D0%A1.%0A%0A, telegram:https://t.me/vlmagnit",https://2gis.ru/firm/70000001055997553,,Пн: 09:00-18:00; Вт: 09:00-18:00; Ср: 09:00-18:00; Чт: 09:00-18:00; Пт: 09:00-18:00; Сб: 09:00-18:00; Вс: 09:00-18:00,A
"Советская улица, 1а","Буровые работы, Аренда спецтехники, Кадастровые работы, Материалы для дорожного строительства, Песок и щебень, Строительство дорог, Геодезические работы, Спецтехника","+74232570057, +79146884999, +79532221020",Буровые работы,Владивосток,90,o.ewerest2014@yandex.ru,true,true,true,70000001101673817,43.475179,2GIS,131.922396,"Карьер КЛЮЧЕВОЕ-5, торгово-производственная компания",+74232570057,692769,,,,2026-10-09T02:19:56.480306+00:00,Владивосток,бурение скважин,"whatsapp:https://wa.me/79532221020?text=%D0%97%D0%B4%D1%80%D0%B0%D0%B2%D1%81%D1%82%D0%B2%D1%83%D0%B9%D1%82%D0%B5!%0A%0A%D0%9F%D0%B8%D1%88%D1%83%20%D0%B8%D0%B7%20%D0%BF%D1%80%D0%B8%D0%BB%D0%BE%D0%B6%D0%B5%D0%BD%D0%B8%D1%8F%202%D0%93%D0%98%D0%A1.%0A%0A, telegram:https://t.me/+79146884999",https://2gis.ru/firm/70000001101673817,http://everest-vl.ru/,"Пн: 08:00-12:00, 13:00-17:00; Вт: 08:00-12:00, 13:00-17:00; Ср: 08:00-12:00, 13:00-17:00; Чт: 08:00-12:00, 13:00-17:00; Пт: 08:00-12:00, 13:00-17:00",C
"улица Маковского, 7в","Буровые работы, Наружное отопление, водоснабжение, канализация, Строительство дач и коттеджей",+74232957337,Буровые работы,Владивосток,100,a.r.d.v@mail.ru,true,true,true,70000001029098895,43.193981,2GIS,131.93538,"Авто Реал Дв, компания",+74232957337,690041,4.9,20,4,2026-10-09T02:19:56.530465+00:00,Владивосток,бурение скважин,,https://2gis.ru/firm/70000001029098895,http://avtorealdv.ru,Пн: 09:00-19:00; Вт: 09:00-19:00; Ср: 09:00-19:00; Чт: 09:00-19:00; Пт: 09:00-19:00; Сб: 09:00-19:00,C
"Днепровская улица, 104в","Буровые работы, Свайные работы, Строительство фундамента, Геологические работы, Геодезические работы","+79949920771, +74232693322",Буровые работы,Владивосток,75,office@burstalvl.ru,true,true,false,70000001088898650,43.151851,2GIS,131.938845,"БурСтальВл, компания",+79949920771,,5,5,1,2026-10-09T02:19:56.600440+00:00,Владивосток,бурение скважин,"whatsapp:https://wa.me/79949920771?text=%D0%97%D0%B4%D1%80%D0%B0%D0%B2%D1%81%D1%82%D0%B2%D1%83%D0%B9%D1%82%D0%B5!%0A%0A%D0%9F%D0%B8%D1%88%D1%83%20%D0%B8%D0%B7%20%D0%BF%D1%80%D0%B8%D0%BB%D0%BE%D0%B6%D0%B5%D0%BD%D0%B8%D1%8F%202%D0%93%D0%98%D0%A1.%0A%0A, telegram:https://t.me/+79949920771",https://2gis.ru/firm/70000001088898650,,Пн: 09:00-20:00; Вт: 09:00-20:00; Ср: 09:00-20:00; Чт: 09:00-20:00; Пт: 09:00-20:00; Сб: 09:00-20:00,A
"проспект Острякова, 5","Буровые работы, Строительство административных зданий, Строительство фундамента, Свайные работы, Архитектурное проектирование",+74232524999,Буровые работы,Владивосток,65,gidrostroydv@list.ru,true,true,false,3518965490188939,43.130372,2GIS,131.900103,"Гидрострой, строительная компания",+74232524999,690002,,,,2026-10-09T02:19:56.633333+00:00,Владивосток,бурение скважин,,https://2gis.ru/firm/3518965490188939,,"Пн: 08:30-12:00, 12:30-17:00; Вт: 08:30-12:00, 12:30-17:00; Ср: 08:30-12:00, 12:30-17:00; Чт: 08:30-12:00, 12:30-17:00; Пт: 08:30-12:00, 12:30-17:00",A
"Аксаковская улица, 3в",Буровые работы,+79147036807,Буровые работы,Владивосток,100,tstoy_vl@mail.ru,true,true,true,70000001040186973,43.119684,2GIS,131.896624,"Т-строй, строительная компания",+79147036807,690014,5,6,2,2026-10-09T02:19:56.673050+00:00,Владивосток,бурение скважин,whatsapp:https://wa.me/79147036807?text=%D0%97%D0%B4%D1%80%D0%B0%D0%B2%D1%81%D1%82%D0%B2%D1%83%D0%B9%D1%82%D0%B5!%0A%0A%D0%9F%D0%B8%D1%88%D1%83%20%D0%B8%D0%B7%20%D0%BF%D1%80%D0%B8%D0%BB%D0%BE%D0%B6%D0%B5%D0%BD%D0%B8%D1%8F%202%D0%93%D0%98%D0%A1.%0A%0A,https://2gis.ru/firm/70000001040186973,http://tstroy.org,"Пн: 09:00-13:00, 14:00-18:00; Вт: 09:00-13:00, 14:00-18:00; Ср: 09:00-13:00, 14:00-18:00; Чт: 09:00-13:00, 14:00-18:00; Пт: 09:00-13:00, 14:00-18:00",A
"Океанский проспект, 29","Буровые работы, Гидрогеологические работы, Геологические работы",,Буровые работы,Владивосток,60,primgeo@rusgeology.ru,true,false,true,3518965489870462,43.122696,2GIS,131.887851,"Дальневосточное производственно-геологическое объединение, изыскательская компания",,690091,3.2,2,1,2026-10-09T02:19:56.713069+00:00,Владивосток,бурение скважин,,https://2gis.ru/firm/3518965489870462,http://rosgeo.com/subdivision/dvpgo,"Пн: 08:00-12:00, 12:45-17:00; Вт: 08:00-12:00, 12:45-17:00; Ср: 08:00-12:00, 12:45-17:00; Чт: 08:00-12:00, 12:45-17:00; Пт: 08:00-12:00, 12:45-15:45",A
"Нерчинская улица, 23","Буровые работы, Геологические работы","+74232737482, +79147037482, +79952817482",Буровые работы,Владивосток,100,info@geolab-dv.ru,true,true,true,70000001035622308,43.124382,2GIS,131.895482,Геолаб,+74232737482,690106,5,47,34,2026-10-09T02:19:56.743950+00:00,Владивосток,бурение скважин,"whatsapp:https://wa.me/79147037482?text=%D0%97%D0%B4%D1%80%D0%B0%D0%B2%D1%81%D1%82%D0%B2%D1%83%D0%B9%D1%82%D0%B5!%0A%0A%D0%9F%D0%B8%D1%88%D1%83%20%D0%B8%D0%B7%20%D0%BF%D1%80%D0%B8%D0%BB%D0%BE%D0%B6%D0%B5%D0%BD%D0%B8%D1%8F%202%D0%93%D0%98%D0%A1.%0A%0A, telegram:https://t.me/geolabdv, whatsapp:https://wa.me/79952817482?text=%D0%97%D0%B4%D1%80%D0%B0%D0%B2%D1%81%D1%82%D0%B2%D1%83%D0%B9%D1%82%D0%B5!%0A%0A%D0%9F%D0%B8%D1%88%D1%83%20%D0%B8%D0%B7%20%D0%BF%D1%80%D0%B8%D0%BB%D0%BE%D0%B6%D0%B5%D0%BD%D0%B8%D1%8F%202%D0%93%D0%98%D0%A1.%0A%0A",https://2gis.ru/firm/70000001035622308,http://www.geolab-dv.ru,Пн: 10:00-19:00; Вт: 10:00-19:00; Ср: 10:00-19:00; Чт: 10:00-19:00; Пт: 10:00-19:00; Сб: 10:00-19:00; Вс: 10:00-19:00,B
"Орловская улица, 1 ст3","Буровые работы, Аренда спецтехники, Наружное отопление, водоснабжение, канализация, Внутренние системы отопления, водоснабжения, канализации, Локальные очистные сооружения",+79024822602,Буровые работы,Владивосток,100,682602@mail.ru,true,true,true,3518965489880990,43.347275,2GIS,132.146542,"АртемБурВод, компания",+79024822602,692756,4.3,31,27,2026-10-09T02:19:56.775163+00:00,Владивосток,бурение скважин,whatsapp:https://wa.me/79024822602?text=%D0%97%D0%B4%D1%80%D0%B0%D0%B2%D1%81%D1%82%D0%B2%D1%83%D0%B9%D1%82%D0%B5!%0A%0A%D0%9F%D0%B8%D1%88%D1%83%20%D0%B8%D0%B7%20%D0%BF%D1%80%D0%B8%D0%BB%D0%BE%D0%B6%D0%B5%D0%BD%D0%B8%D1%8F%202%D0%93%D0%98%D0%A1.%0A%0A,https://2gis.ru/firm/3518965489880990,http://artemburvod.ru,Пн: 08:00-17:00; Вт: 08:00-17:00; Ср: 08:00-17:00; Чт: 08:00-17:00; Пт: 08:00-17:00,C
,Буровые работы,+79084422254,Буровые работы,Владивосток,75,suetinv@mail.ru,true,true,false,70000001026595852,,2GIS,,"Спецстрой ДВ, выездная служба по бурению скважин",+79084422254,,5,4,1,2026-10-09T02:19:56.823546+00:00,Владивосток,бурение скважин,whatsapp:https://wa.me/79084422254?text=%D0%97%D0%B4%D1%80%D0%B0%D0%B2%D1%81%D1%82%D0%B2%D1%83%D0%B9%D1%82%D0%B5!%0A%0A%D0%9F%D0%B8%D1%88%D1%83%20%D0%B8%D0%B7%20%D0%BF%D1%80%D0%B8%D0%BB%D0%BE%D0%B6%D0%B5%D0%BD%D0%B8%D1%8F%202%D0%93%D0%98%D0%A1.%0A%0A,https://2gis.ru/firm/70000001026595852,,Пн: 09:00-18:00; Вт: 09:00-18:00; Ср: 09:00-18:00; Чт: 09:00-18:00; Пт: 09:00-18:00; Сб: 09:00-18:00; Вс: 09:00-18:00,A
"Светланская улица, 22","Буровые работы, Геодезические работы, Кадастровые работы, Геологические работы, Геофизические работы",+79147086587,Буровые работы,Владивосток,100,dubkov_g@mail.ru,true,true,true,70000001099117669,43.115425,2GIS,131.883483,Тихоокеанское Геодезическое Бюро,+79147086587,690110,5,15,14,2026-10-09T02:19:56.932814+00:00,Владивосток,бурение скважин,"telegram:https://t.me/+79147086587, whatsapp:https://wa.me/79147086587?text=%D0%97%D0%B4%D1%80%D0%B0%D0%B2%D1%81%D1%82%D0%B2%D1%83%D0%B9%D1%82%D0%B5!%0A%0A%D0%9F%D0%B8%D1%88%D1%83%20%D0%B8%D0%B7%20%D0%BF%D1%80%D0%B8%D0%BB%D0%BE%D0%B6%D0%B5%D0%BD%D0%B8%D1%8F%202%D0%93%D0%98%D0%A1.%0A%0A, telegram:https://t.me/tgb_dv",https://2gis.ru/firm/70000001099117669,http://tgb-geo.ru/,Пн: 00:00-24:00; Вт: 00:00-24:00; Ср: 00:00-24:00; Чт: 00:00-24:00; Пт: 00:00-24:00; Сб: 00:00-24:00; Вс: 00:00-24:00,B
"улица Фрунзе, 23","Буровые работы, Наружное отопление, водоснабжение, канализация, Внутренние системы отопления, водоснабжения, канализации, Проектирование инженерных систем","+79147343333, +79147181089",Буровые работы,Владивосток,75,sporost@yandex.ru,true,true,false,70000001099115603,43.351307,2GIS,132.157617,"Рост, компания",+79147343333,692756,5,3,2,2026-10-09T02:19:56.969670+00:00,Владивосток,бурение скважин,whatsapp:https://wa.me/79147343333?text=%D0%97%D0%B4%D1%80%D0%B0%D0%B2%D1%81%D1%82%D0%B2%D1%83%D0%B9%D1%82%D0%B5!%0A%0A%D0%9F%D0%B8%D1%88%D1%83%20%D0%B8%D0%B7%20%D0%BF%D1%80%D0%B8%D0%BB%D0%BE%D0%B6%D0%B5%D0%BD%D0%B8%D1%8F%202%D0%93%D0%98%D0%A1.%0A%0A,https://2gis.ru/firm/70000001099115603,,"Пн: 08:00-12:00, 13:00-17:00; Вт: 08:00-12:00, 13:00-17:00; Ср: 08:00-12:00, 13:00-17:00; Чт: 08:00-12:00, 13:00-17:00; Пт: 08:00-12:00, 13:00-17:00",C
"Татарская улица, 1 ст9","Буровые работы, Буровое оборудование, Геологические работы, Строительство административных зданий, Строительство дач и коттеджей","+74232977620, +74232938852, +79089938852",Буровые работы,Владивосток,75,vladshneki@rambler.ru,true,true,false,70000001007403007,43.170021,2GIS,131.898305,"БурВлад, компания",+74232977620,690039,3.7,11,6,2026-10-09T02:19:57.011606+00:00,Владивосток,бурение скважин,whatsapp:https://wa.me/79089938852?text=%D0%97%D0%B4%D1%80%D0%B0%D0%B2%D1%81%D1%82%D0%B2%D1%83%D0%B9%D1%82%D0%B5!%0A%0A%D0%9F%D0%B8%D1%88%D1%83%20%D0%B8%D0%B7%20%D0%BF%D1%80%D0%B8%D0%BB%D0%BE%D0%B6%D0%B5%D0%BD%D0%B8%D1%8F%202%D0%93%D0%98%D0%A1.%0A%0A,https://2gis.ru/firm/70000001007403007,,Пн: 09:00-17:00; Вт: 09:00-17:00; Ср: 09:00-17:00; Чт: 09:00-17:00; Пт: 09:00-17:00,B
"Комсомольская улица, 5а","Буровые работы, Геодезические работы, Геологические работы, Экологические работы, Гидрогеологические работы","+74232454200, +79084492394",Буровые работы,Владивосток,100,office@primgs.ru,true,true,true,3518965489900227,43.130568,2GIS,131.889799,"Примгеострой, компания инженерных изысканий",+74232454200,690078,5,7,7,2026-10-09T02:19:57.056815+00:00,Владивосток,бурение скважин,whatsapp:https://wa.me/79084492394?text=%D0%97%D0%B4%D1%80%D0%B0%D0%B2%D1%81%D1%82%D0%B2%D1%83%D0%B9%D1%82%D0%B5!%0A%0A%D0%9F%D0%B8%D1%88%D1%83%20%D0%B8%D0%B7%20%D0%BF%D1%80%D0%B8%D0%BB%D0%BE%D0%B6%D0%B5%D0%BD%D0%B8%D1%8F%202%D0%93%D0%98%D0%A1.%0A%0A,https://2gis.ru/firm/3518965489900227,http://primgs.ru,Пн: 09:00-17:00; Вт: 09:00-17:00; Ср: 09:00-17:00; Чт: 09:00-17:00; Пт: 09:00-17:00,A
"улица Прапорщика Комарова, 15","Буровые работы, Свайные работы, Строительство фундамента",+74232555539,Буровые работы,Владивосток,90,info@dvisk.ru,true,true,true,70000001007354991,43.122329,2GIS,131.887271,"Дальинжстрой, компания",+74232555539,690091,,1,,2026-10-09T02:19:57.099982+00:00,Владивосток,бурение скважин,whatsapp:https://wa.me/79025555539?text=%D0%97%D0%B4%D1%80%D0%B0%D0%B2%D1%81%D1%82%D0%B2%D1%83%D0%B9%D1%82%D0%B5!%0A%0A%D0%9F%D0%B8%D1%88%D1%83%20%D0%B8%D0%B7%20%D0%BF%D1%80%D0%B8%D0%BB%D0%BE%D0%B6%D0%B5%D0%BD%D0%B8%D1%8F%202%D0%93%D0%98%D0%A1.%0A%0A,https://2gis.ru/firm/70000001007354991,http://dvisk.ru,Пн: 09:00-18:00; Вт: 09:00-18:00; Ср: 09:00-18:00; Чт: 09:00-18:00; Пт: 09:00-18:00,A
,Буровые работы,+79146538078,Буровые работы,Владивосток,40,,false,true,false,70000001035427590,43.398236,2GIS,132.05511,Компания по бурению колодцев,+79146538078,692768,,,,2026-10-09T02:19:57.133814+00:00,Владивосток,бурение скважин,whatsapp:https://wa.me/79146818898?text=%D0%97%D0%B4%D1%80%D0%B0%D0%B2%D1%81%D1%82%D0%B2%D1%83%D0%B9%D1%82%D0%B5!%0A%0A%D0%9F%D0%B8%D1%88%D1%83%20%D0%B8%D0%B7%20%D0%BF%D1%80%D0%B8%D0%BB%D0%BE%D0%B6%D0%B5%D0%BD%D0%B8%D1%8F%202%D0%93%D0%98%D0%A1.%0A%0A,https://2gis.ru/firm/70000001035427590,,Пн: 08:00-18:00; Вт: 08:00-18:00; Ср: 08:00-18:00; Чт: 08:00-18:00; Пт: 08:00-18:00; Сб: 08:00-18:00; Вс: 08:00-18:00,A
"Донской переулок, 4","Буровые работы, Строительство дач и коттеджей",+79140786868,Буровые работы,Владивосток,65,89140786868@mail.ru,true,true,false,70000001045413637,43.327145,2GIS,132.106542,Буровая строительная компания,+79140786868,692771,,,,2026-10-09T02:19:57.176104+00:00,Владивосток,бурение скважин,whatsapp:https://wa.me/79140786868?text=%D0%97%D0%B4%D1%80%D0%B0%D0%B2%D1%81%D1%82%D0%B2%D1%83%D0%B9%D1%82%D0%B5!%0A%0A%D0%9F%D0%B8%D1%88%D1%83%20%D0%B8%D0%B7%20%D0%BF%D1%80%D0%B8%D0%BB%D0%BE%D0%B6%D0%B5%D0%BD%D0%B8%D1%8F%202%D0%93%D0%98%D0%A1.%0A%0A,https://2gis.ru/firm/70000001045413637,,Пн: 08:00-18:00; Вт: 08:00-18:00; Ср: 08:00-18:00; Чт: 08:00-18:00; Пт: 08:00-18:00; Сб: 08:00-18:00; Вс: 08:00-18:00,B
"улица Пржевальского, 19а","Буровые работы, Наружное отопление, водоснабжение, канализация, Внутренние системы отопления, водоснабжения, канализации",+79375329088,Буровые работы,Волгоград,40,,false,true,false,70000001089897519,48.778234,2GIS,44.509754,"Волгобур, компания",+79375329088,400127,,,,2026-10-09T03:06:27.365666+00:00,Волгоград,бурение скважин,whatsapp:https://wa.me/79880384917?text=%D0%97%D0%B4%D1%80%D0%B0%D0%B2%D1%81%D1%82%D0%B2%D1%83%D0%B9%D1%82%D0%B5!%0A%0A%D0%9F%D0%B8%D1%88%D1%83%20%D0%B8%D0%B7%20%D0%BF%D1%80%D0%B8%D0%BB%D0%BE%D0%B6%D0%B5%D0%BD%D0%B8%D1%8F%202%D0%93%D0%98%D0%A1.%0A%0A,https://2gis.ru/firm/70000001089897519,,Пн: 08:00-20:00; Вт: 08:00-20:00; Ср: 08:00-20:00; Чт: 08:00-20:00; Пт: 08:00-20:00; Сб: 08:00-20:00; Вс: 08:00-20:00,C
"улица Циолковского, 33","Буровые работы, Геодезические работы, Геологические работы, Гидрогеологические работы, Экологические работы","+79627600474, +78442600474",Буровые работы,Волгоград,75,topoplan@bk.ru,true,true,false,4644865397256567,48.688572,2GIS,44.493117,"Топоплан, инженерно-изыскательская компания",+79627600474,400074,5,3,1,2026-10-09T03:06:27.441520+00:00,Волгоград,бурение скважин,,https://2gis.ru/firm/4644865397256567,,Пн: 09:00-17:00; Вт: 09:00-17:00; Ср: 09:00-17:00; Чт: 09:00-17:00; Пт: 09:00-17:00,A
"улица им. Ф.Г. Логинова, 16","Буровые работы, Буровое оборудование",,Буровые работы,Волгоград,0,,false,false,false,70000001035234522,48.813269,2GIS,44.778132,"ИКФ-Сервис, производственная база",,404130,,,,2026-10-09T03:06:27.483708+00:00,Волгоград,бурение скважин,,https://2gis.ru/firm/70000001035234522,,"Пн: 08:00-12:00, 12:48-17:00; Вт: 08:00-12:00, 12:48-17:00; Ср: 08:00-12:00, 12:48-17:00; Чт: 08:00-12:00, 12:48-17:00; Пт: 08:00-12:00, 12:48-16:00",B
"улица 40 лет ВЛКСМ, 96Б","Буровые работы, Наружное отопление, водоснабжение, канализация, Аренда спецтехники, Свайные работы, Высотные работы",+78442402837,Буровые работы,Волгоград,65,ooopromeks@inbox.ru,true,true,false,4644865396764620,48.48655,2GIS,44.604773,"Промэкс, строительно-монтажная компания",+78442402837,400080,,,,2026-10-09T03:06:27.553259+00:00,Волгоград,бурение скважин,,https://2gis.ru/firm/4644865396764620,,"Пн: 08:30-12:00, 13:00-17:30; Вт: 08:30-12:00, 13:00-17:30; Ср: 08:30-12:00, 13:00-17:30; Чт: 08:30-12:00, 13:00-17:30; Пт: 08:30-12:00, 13:00-17:00",A
"улица им. Генерала Карбышева, 76","Буровые работы, Геологические работы, Гидрогеологические работы, Экологические работы",+79173318197,Буровые работы,Волгоград,65,volgeo@yandex.ru,true,true,false,4644865396769641,48.779347,2GIS,44.767219,"Геоизыскания, изыскательская компания",+79173318197,404120,,,,2026-10-09T03:06:27.592678+00:00,Волгоград,бурение скважин,"whatsapp:https://wa.me/79173318197?text=%D0%97%D0%B4%D1%80%D0%B0%D0%B2%D1%81%D1%82%D0%B2%D1%83%D0%B9%D1%82%D0%B5!%0A%0A%D0%9F%D0%B8%D1%88%D1%83%20%D0%B8%D0%B7%20%D0%BF%D1%80%D0%B8%D0%BB%D0%BE%D0%B6%D0%B5%D0%BD%D0%B8%D1%8F%202%D0%93%D0%98%D0%A1.%0A%0A, telegram:https://t.me/+79173318197",https://2gis.ru/firm/4644865396769641,,Пн: 09:00-17:00; Вт: 09:00-17:00; Ср: 09:00-17:00; Чт: 09:00-17:00; Пт: 09:00-17:00,A
"улица Пархоменко, 3","Буровые работы, Взрывные работы","+78442374865, +78442336380, +78442336365",Буровые работы,Волгоград,90,vlgvzryv@mail.ru,true,true,true,4644865396774661,48.714136,2GIS,44.509746,"Волгоградвзрывпром, компания",+78442374865,400087,,,,2026-10-09T03:06:27.620409+00:00,Волгоград,бурение скважин,,https://2gis.ru/firm/4644865396774661,http://vzryvprom.ucoz.ru,"Пн: 08:00-12:00, 13:00-17:00; Вт: 08:00-12:00, 13:00-17:00; Ср: 08:00-12:00, 13:00-17:00; Чт: 08:00-12:00, 13:00-17:00; Пт: 08:00-12:00, 13:00-16:00",B
"Грушевская улица, 12","Буровые работы, Экологические работы, Гидрогеологические работы, Геодезические работы, Геологические работы","+78442499083, +78442499081, +78442267154",Буровые работы,Волгоград,90,geosim2008@yandex.ru,true,true,true,4644865396788502,48.694688,2GIS,44.501234,"Геосим, инженерно-изыскательская компания",+78442499083,400074,,,,2026-10-09T03:06:27.672394+00:00,Волгоград,бурение скважин,,https://2gis.ru/firm/4644865396788502,http://geosim.su,"Пн: 08:00-12:00, 13:00-17:00; Вт: 08:00-12:00, 13:00-17:00; Ср: 08:00-12:00, 13:00-17:00; Чт: 08:00-12:00, 13:00-17:00; Пт: 08:00-12:00, 13:00-17:00",A
"1-й Базовый проезд, 3 к2","Буровые работы, Геологические работы",+79033164247,Буровые работы,Волгоград,65,geolog34@list.ru,true,true,false,4644865396796640,48.821406,2GIS,44.737584,"Строительные изыскания, изыскательская компания",+79033164247,404130,,,,2026-10-09T03:06:27.711088+00:00,Волгоград,бурение скважин,whatsapp:https://wa.me/79033164247?text=%D0%97%D0%B4%D1%80%D0%B0%D0%B2%D1%81%D1%82%D0%B2%D1%83%D0%B9%D1%82%D0%B5!%0A%0A%D0%9F%D0%B8%D1%88%D1%83%20%D0%B8%D0%B7%20%D0%BF%D1%80%D0%B8%D0%BB%D0%BE%D0%B6%D0%B5%D0%BD%D0%B8%D1%8F%202%D0%93%D0%98%D0%A1.%0A%0A,https://2gis.ru/firm/4644865396796640,,"Пн: 08:00-12:00, 13:00-16:45; Вт: 08:00-12:00, 13:00-16:45; Ср: 08:00-12:00, 13:00-16:45; Чт: 08:00-12:00, 13:00-16:45; Пт: 08:00-12:00, 13:00-15:45",B
"улица Довженко, 63","Буровые работы, Свайные работы","+78442402784, +78442402783, +79026560034",Буровые работы,Волгоград,65,master.vlg@mail.ru,true,true,false,4644865397239198,48.488765,2GIS,44.588567,"Мастер, строительная компания",+78442402784,400080,,,,2026-10-09T03:06:27.733209+00:00,Волгоград,бурение скважин,"whatsapp:https://wa.me/79026560034?text=%D0%97%D0%B4%D1%80%D0%B0%D0%B2%D1%81%D1%82%D0%B2%D1%83%D0%B9%D1%82%D0%B5!%0A%0A%D0%9F%D0%B8%D1%88%D1%83%20%D0%B8%D0%B7%20%D0%BF%D1%80%D0%B8%D0%BB%D0%BE%D0%B6%D0%B5%D0%BD%D0%B8%D1%8F%202%D0%93%D0%98%D0%A1.%0A%0A, telegram:https://t.me/+79026560034",https://2gis.ru/firm/4644865397239198,,"Пн: 08:00-12:00, 13:00-17:00; Вт: 08:00-12:00, 13:00-17:00; Ср: 08:00-12:00, 13:00-17:00; Чт: 08:00-12:00, 13:00-17:00; Пт: 08:00-12:00, 13:00-17:00",A
"Ангарская улица, 111","Буровые работы, Наружное отопление, водоснабжение, канализация, Строительство и обслуживание наружного газоснабжения","+78442500787, +79370871409",Буровые работы,Волгоград,65,info@smk-s.com,true,true,false,4644865397312397,48.7291,2GIS,44.461205,"СМК-Юг, компания по горизонтально-направленному бурению и проколу под дорогой",+78442500787,400081,,,,2026-10-09T03:06:27.771379+00:00,Волгоград,бурение скважин,whatsapp:https://wa.me/79370871409?text=%D0%97%D0%B4%D1%80%D0%B0%D0%B2%D1%81%D1%82%D0%B2%D1%83%D0%B9%D1%82%D0%B5!%0A%0A%D0%9F%D0%B8%D1%88%D1%83%20%D0%B8%D0%B7%20%D0%BF%D1%80%D0%B8%D0%BB%D0%BE%D0%B6%D0%B5%D0%BD%D0%B8%D1%8F%202%D0%93%D0%98%D0%A1.%0A%0A,https://2gis.ru/firm/4644865397312397,,Пн: 08:30-20:00; Вт: 08:30-20:00; Ср: 08:30-20:00; Чт: 08:30-20:00; Пт: 08:30-20:00; Сб: 08:30-20:00; Вс: 08:30-20:00,C
"Горнополянская улица, 28д","Буровые работы, Геологоразведочные работы, Геологические работы, Гидрогеологические работы, Проектирование объектов добычи полезных ископаемых","+78442494192, +79033773123, +79023623277",Буровые работы,Волгоград,65,vgk5@mail.ru,true,true,false,4644866397078438,48.630067,2GIS,44.385039,Волгоградская геологоразведочная компания,+78442494192,400069,,,,2026-10-09T03:06:27.795456+00:00,Волгоград,бурение скважин,,https://2gis.ru/firm/4644866397078438,,Пн: 08:00-17:00; Вт: 08:00-17:00; Ср: 08:00-17:00; Чт: 08:00-17:00; Пт: 08:00-15:00,A
"проспект Столетова, 4а","Буровые работы, Поверка измерительных приборов, Внутренние системы отопления, водоснабжения, канализации, Геодезические работы, Проектирование инженерных систем","+79275106228, +78442979229",Буровые работы,Волгоград,100,vcw34@mail.ru,true,true,true,70000001006405074,48.515765,2GIS,44.580928,"Волгоградский Центр Водосбережения, компания",+79275106228,400051,3,6,6,2026-10-09T03:06:27.818420+00:00,Волгоград,бурение скважин,,https://2gis.ru/firm/70000001006405074,http://vcw34.ru,"Пн: 09:00-12:00, 13:00-18:00; Вт: 09:00-12:00, 13:00-18:00; Ср: 09:00-12:00, 13:00-18:00; Чт: 09:00-12:00, 13:00-18:00; Пт: 09:00-12:00, 13:00-18:00",C
"улица 19 Партсъезда, 13","Буровые работы, Оборудование для очистки воды, Внутренние системы отопления, водоснабжения, канализации, Товары для отопления, водоснабжения, канализации, Насосное оборудование","+79377500053, +79178472975, +78442506818",Буровые работы,Волгоград,90,info@filtr34.ru,true,true,true,70000001006825900,48.810398,2GIS,44.73752,"Инженеры воды, сервисная компания",+79377500053,404130,,1,,2026-10-09T03:06:27.847988+00:00,Волгоград,бурение скважин,"whatsapp:https://wa.me/79377500053?text=%D0%97%D0%B4%D1%80%D0%B0%D0%B2%D1%81%D1%82%D0%B2%D1%83%D0%B9%D1%82%D0%B5!%0A%0A%D0%9F%D0%B8%D1%88%D1%83%20%D0%B8%D0%B7%20%D0%BF%D1%80%D0%B8%D0%BB%D0%BE%D0%B6%D0%B5%D0%BD%D0%B8%D1%8F%202%D0%93%D0%98%D0%A1.%0A%0A, whatsapp:https://wa.me/79178472975?text=%D0%97%D0%B4%D1%80%D0%B0%D0%B2%D1%81%D1%82%D0%B2%D1%83%D0%B9%D1%82%D0%B5!%0A%0A%D0%9F%D0%B8%D1%88%D1%83%20%D0%B8%D0%B7%20%D0%BF%D1%80%D0%B8%D0%BB%D0%BE%D0%B6%D0%B5%D0%BD%D0%B8%D1%8F%202%D0%93%D0%98%D0%A1.%0A%0A, telegram:https://t.me/filtr34",https://2gis.ru/firm/70000001006825900,http://xn--b1aebadl9acls5jd.xn--p1ai,Пн: 09:00-17:00; Вт: 09:00-17:00; Ср: 09:00-17:00; Чт: 09:00-17:00; Пт: 09:00-17:00; Сб: 09:00-17:00,C
,"Буровые работы, Оборудование для очистки воды, Товары для отопления, водоснабжения, канализации, Внутренние системы отопления, водоснабжения, канализации",+79050649962,Буровые работы,Волгоград,75,aquadar34@yandex.ru,true,true,false,70000001019061607,,2GIS,,"АкваДар34, буровая компания",+79050649962,,5,2,2,2026-10-09T03:06:27.874115+00:00,Волгоград,бурение скважин,whatsapp:https://wa.me/79050649962?text=%D0%97%D0%B4%D1%80%D0%B0%D0%B2%D1%81%D1%82%D0%B2%D1%83%D0%B9%D1%82%D0%B5!%0A%0A%D0%9F%D0%B8%D1%88%D1%83%20%D0%B8%D0%B7%20%D0%BF%D1%80%D0%B8%D0%BB%D0%BE%D0%B6%D0%B5%D0%BD%D0%B8%D1%8F%202%D0%93%D0%98%D0%A1.%0A%0A,https://2gis.ru/firm/70000001019061607,,Пн: 09:00-18:00; Вт: 09:00-18:00; Ср: 09:00-18:00; Чт: 09:00-18:00; Пт: 09:00-18:00; Сб: 09:00-18:00; Вс: 09:00-18:00,C
"улица Довженко, 73г","Буровые работы, Аренда спецтехники, Земляные работы, Спецтехника, Наружное отопление, водоснабжение, канализация","+79627600259, +78442962189",Буровые работы,Волгоград,90,ooostrans@inbox.ru,true,true,true,70000001023832520,48.487849,2GIS,44.601057,"Спецтранс, компания",+79627600259,400080,,,,2026-10-09T03:06:27.917324+00:00,Волгоград,бурение скважин,whatsapp:https://wa.me/79627600259?text=%D0%97%D0%B4%D1%80%D0%B0%D0%B2%D1%81%D1%82%D0%B2%D1%83%D0%B9%D1%82%D0%B5!%0A%0A%D0%9F%D0%B8%D1%88%D1%83%20%D0%B8%D0%B7%20%D0%BF%D1%80%D0%B8%D0%BB%D0%BE%D0%B6%D0%B5%D0%BD%D0%B8%D1%8F%202%D0%93%D0%98%D0%A1.%0A%0A,https://2gis.ru/firm/70000001023832520,http://specs-trans.ru,"Пн: 08:30-12:00, 13:00-17:30; Вт: 08:30-12:00, 13:00-17:30; Ср: 08:30-12:00, 13:00-17:30; Чт: 08:30-12:00, 13:00-17:30; Пт: 08:30-12:00, 13:00-17:00",C
"Тибетский проезд, 4","Буровые работы, Строительство объектов связи",+79371041264,Буровые работы,Волгоград,90,info@svs-vlg.ru,true,true,true,70000001024946439,48.753569,2GIS,44.438822,"Связьстрой, строительная компания",+79371041264,400048,,1,,2026-10-09T03:06:28.151777+00:00,Волгоград,бурение скважин,"whatsapp:https://wa.me/79371041264?text=%D0%97%D0%B4%D1%80%D0%B0%D0%B2%D1%81%D1%82%D0%B2%D1%83%D0%B9%D1%82%D0%B5!%0A%0A%D0%9F%D0%B8%D1%88%D1%83%20%D0%B8%D0%B7%20%D0%BF%D1%80%D0%B8%D0%BB%D0%BE%D0%B6%D0%B5%D0%BD%D0%B8%D1%8F%202%D0%93%D0%98%D0%A1.%0A%0A, telegram:https://t.me/+79371041264",https://2gis.ru/firm/70000001024946439,http://svs-vlg.ru,Пн: 08:00-17:00; Вт: 08:00-17:00; Ср: 08:00-17:00; Чт: 08:00-17:00; Пт: 08:00-17:00,B
"Ленинаканская улица, 2г","Буровые работы, Электромонтажные работы, Строительство и обслуживание электросетей, Аренда спецтехники, Опоры линий электропередач","+79616655990, +78442503069",Буровые работы,Волгоград,75,amperia69@mail.ru,true,true,false,70000001025538672,48.494914,2GIS,44.551592,"АмпериЯ, электромонтажная организация",+79616655990,400111,3,2,2,2026-10-09T03:06:28.191092+00:00,Волгоград,бурение скважин,telegram:https://t.me/+79616655990,https://2gis.ru/firm/70000001025538672,,Пн: 08:00-17:00; Вт: 08:00-17:00; Ср: 08:00-17:00; Чт: 08:00-17:00; Пт: 08:00-17:00,C
"Грузинская улица, 27","Буровые работы, Ремонт помещений",+79616771457,Буровые работы,Волгоград,90,ns-stroy@mail.ru,true,true,true,70000001026118424,48.722939,2GIS,44.509371,"Нс-Строй, компания",+79616771457,400012,,,,2026-10-09T03:06:28.224046+00:00,Волгоград,бурение скважин,whatsapp:https://wa.me/79616771457?text=%D0%97%D0%B4%D1%80%D0%B0%D0%B2%D1%81%D1%82%D0%B2%D1%83%D0%B9%D1%82%D0%B5!%0A%0A%D0%9F%D0%B8%D1%88%D1%83%20%D0%B8%D0%B7%20%D0%BF%D1%80%D0%B8%D0%BB%D0%BE%D0%B6%D0%B5%D0%BD%D0%B8%D1%8F%202%D0%93%D0%98%D0%A1.%0A%0A,https://2gis.ru/firm/70000001026118424,http://gnb-prokol-vlg.ru,Пн: 08:00-19:00; Вт: 08:00-19:00; Ср: 08:00-19:00; Чт: 08:00-19:00; Пт: 08:00-19:00,B
,Буровые работы,"+78442502030, +79177229119",Буровые работы,Волгоград,65,truba-34@mail.ru,true,true,false,70000001026137319,,2GIS,,"Гео мастер, буровая компания",+78442502030,,,,,2026-10-09T03:06:28.270561+00:00,Волгоград,бурение скважин,whatsapp:https://wa.me/79177229119?text=%D0%97%D0%B4%D1%80%D0%B0%D0%B2%D1%81%D1%82%D0%B2%D1%83%D0%B9%D1%82%D0%B5!%0A%0A%D0%9F%D0%B8%D1%88%D1%83%20%D0%B8%D0%B7%20%D0%BF%D1%80%D0%B8%D0%BB%D0%BE%D0%B6%D0%B5%D0%BD%D0%B8%D1%8F%202%D0%93%D0%98%D0%A1.%0A%0A,https://2gis.ru/firm/70000001026137319,,Пн: 09:00-18:00; Вт: 09:00-18:00; Ср: 09:00-18:00; Чт: 09:00-18:00; Пт: 09:00-18:00,A
"улица Шопена, 5","Буровые работы, Геологические работы, Буровое оборудование, Помощь в оформлении документов, Лицензирование",+79047778267,Буровые работы,Волгоград,65,,false,true,true,70000001026641549,48.77921,2GIS,44.475263,"Волга-бур, буровая компания",+79047778267,400075,,,,2026-10-09T03:06:28.305237+00:00,Волгоград,бурение скважин,"whatsapp:https://wa.me/79023103061?text=%D0%97%D0%B4%D1%80%D0%B0%D0%B2%D1%81%D1%82%D0%B2%D1%83%D0%B9%D1%82%D0%B5!%0A%0A%D0%9F%D0%B8%D1%88%D1%83%20%D0%B8%D0%B7%20%D0%BF%D1%80%D0%B8%D0%BB%D0%BE%D0%B6%D0%B5%D0%BD%D0%B8%D1%8F%202%D0%93%D0%98%D0%A1.%0A%0A, whatsapp:https://wa.me/79047778267?text=%D0%97%D0%B4%D1%80%D0%B0%D0%B2%D1%81%D1%82%D0%B2%D1%83%D0%B9%D1%82%D0%B5!%0A%0A%D0%9F%D0%B8%D1%88%D1%83%20%D0%B8%D0%B7%20%D0%BF%D1%80%D0%B8%D0%BB%D0%BE%D0%B6%D0%B5%D0%BD%D0%B8%D1%8F%202%D0%93%D0%98%D0%A1.%0A%0A",https://2gis.ru/firm/70000001026641549,http://volgabur.ru,Пн: 09:00-17:00; Вт: 09:00-17:00; Ср: 09:00-17:00; Чт: 09:00-17:00; Пт: 09:00-17:00,B
"Алмазная улица, 18/1",Буровые работы,+79107323271,Буровые работы,Воронеж,100,gidro-plast@list.ru,true,true,true,70000001053184027,51.67023,2GIS,39.407041,"Гидро-Пласт, буровая компания",+79107323271,396310,5,5,4,2026-10-09T03:06:10.235453+00:00,Воронеж,бурение скважин,whatsapp:https://wa.me/79107323271?text=%D0%97%D0%B4%D1%80%D0%B0%D0%B2%D1%81%D1%82%D0%B2%D1%83%D0%B9%D1%82%D0%B5!%0A%0A%D0%9F%D0%B8%D1%88%D1%83%20%D0%B8%D0%B7%20%D0%BF%D1%80%D0%B8%D0%BB%D0%BE%D0%B6%D0%B5%D0%BD%D0%B8%D1%8F%202%D0%93%D0%98%D0%A1.%0A%0A,https://2gis.ru/firm/70000001053184027,http://gidro-plast.ru,Пн: 09:00-19:00; Вт: 09:00-19:00; Ср: 09:00-19:00; Чт: 09:00-19:00; Пт: 09:00-19:00; Сб: 09:00-19:00,A
"Базовая улица, 1",Буровые работы,"+74732295047, +79202295047, +79202295067, +74732295067, +79304131855",Буровые работы,Воронеж,75,,false,true,true,70000001051428097,51.653998,2GIS,39.282616,"Бурхаус, компания",+74732295047,394028,5,3,2,2026-10-09T03:06:10.317151+00:00,Воронеж,бурение скважин,"whatsapp:https://wa.me/79202295047?text=%D0%97%D0%B4%D1%80%D0%B0%D0%B2%D1%81%D1%82%D0%B2%D1%83%D0%B9%D1%82%D0%B5!%0A%0A%D0%9F%D0%B8%D1%88%D1%83%20%D0%B8%D0%B7%20%D0%BF%D1%80%D0%B8%D0%BB%D0%BE%D0%B6%D0%B5%D0%BD%D0%B8%D1%8F%202%D0%93%D0%98%D0%A1.%0A%0A, whatsapp:https://wa.me/79202295067?text=%D0%97%D0%B4%D1%80%D0%B0%D0%B2%D1%81%D1%82%D0%B2%D1%83%D0%B9%D1%82%D0%B5!%0A%0A%D0%9F%D0%B8%D1%88%D1%83%20%D0%B8%D0%B7%20%D0%BF%D1%80%D0%B8%D0%BB%D0%BE%D0%B6%D0%B5%D0%BD%D0%B8%D1%8F%202%D0%93%D0%98%D0%A1.%0A%0A",https://2gis.ru/firm/70000001051428097,http://xn--80ab9bfhcm.xn--p1ai,Пн: 09:00-20:00; Вт: 09:00-20:00; Ср: 09:00-20:00; Чт: 09:00-20:00; Пт: 09:00-20:00; Сб: 09:00-18:00; Вс: 09:00-18:00,A
"улица 20-летия Октября, 73а",Буровые работы,"+74732322262, +79515668827",Буровые работы,Воронеж,100,h2o_36@mail.ru,true,true,true,70000001051428149,51.647185,2GIS,39.196239,"H2o-Черноземье, буровая компания",+74732322262,394071,5,3,2,2026-10-09T03:06:10.346355+00:00,Воронеж,бурение скважин,whatsapp:https://wa.me/79515668827?text=%D0%97%D0%B4%D1%80%D0%B0%D0%B2%D1%81%D1%82%D0%B2%D1%83%D0%B9%D1%82%D0%B5!%0A%0A%D0%9F%D0%B8%D1%88%D1%83%20%D0%B8%D0%B7%20%D0%BF%D1%80%D0%B8%D0%BB%D0%BE%D0%B6%D0%B5%D0%BD%D0%B8%D1%8F%202%D0%93%D0%98%D0%A1.%0A%0A,https://2gis.ru/firm/70000001051428149,http://h2o-skvazhina.ru,Пн: 08:00-19:00; Вт: 08:00-19:00; Ср: 08:00-19:00; Чт: 08:00-19:00; Пт: 08:00-19:00; Сб: 08:00-19:00; Вс: 08:00-19:00,A
"улица Ленина, 60/2","Буровые работы, Строительство дорог","+74734157372, +74734157666",Буровые работы,Воронеж,65,t57666@yandex.ru,true,true,false,70000001027339147,51.614228,2GIS,39.389102,АкваСтрой,+74734157372,396311,,,,2026-10-09T03:06:10.373437+00:00,Воронеж,бурение скважин,,https://2gis.ru/firm/70000001027339147,,Пн: 08:00-17:00; Вт: 08:00-17:00; Ср: 08:00-17:00; Чт: 08:00-17:00; Пт: 08:00-17:00,B
"Майская улица, 1","Буровые работы, Геодезические работы, Свайные работы, Экологические работы, Гидрогеологические работы","+74732295282, +79204242421",Буровые работы,Воронеж,65,geovod@mail.ru,true,true,false,4363390420335677,51.579747,2GIS,39.314268,"Геоводбур, буровая компания",+74732295282,394083,,,,2026-10-09T03:06:10.407472+00:00,Воронеж,бурение скважин,whatsapp:https://wa.me/79204242421?text=%D0%97%D0%B4%D1%80%D0%B0%D0%B2%D1%81%D1%82%D0%B2%D1%83%D0%B9%D1%82%D0%B5!%0A%0A%D0%9F%D0%B8%D1%88%D1%83%20%D0%B8%D0%B7%20%D0%BF%D1%80%D0%B8%D0%BB%D0%BE%D0%B6%D0%B5%D0%BD%D0%B8%D1%8F%202%D0%93%D0%98%D0%A1.%0A%0A,https://2gis.ru/firm/4363390420335677,,Пн: 08:00-17:00; Вт: 08:00-17:00; Ср: 08:00-17:00; Чт: 08:00-17:00; Пт: 08:00-17:00,A
"улица Степана Разина, 38","Буровые работы, Геодезические работы, Гидрогеологические работы, Геофизические работы, Аренда помещений",+74732554566,Буровые работы,Воронеж,65,vsi-vrn36@mail.ru,true,true,false,4363390420040872,51.674536,2GIS,39.215903,Воронежстройизыскания,+74732554566,394036,,,,2026-10-09T03:06:10.429305+00:00,Воронеж,бурение скважин,,https://2gis.ru/firm/4363390420040872,,Пн: 08:30-17:00; Вт: 08:30-17:00; Ср: 08:30-17:00; Чт: 08:30-17:00; Пт: 08:30-17:00,A
"Холмистая улица, 32и","Буровые работы, Геологические работы, Геодезические работы","+74732272865, +79202174732",Буровые работы,Воронеж,90,voroneg_vodstroy@rambler.ru,true,true,true,4363390420031089,51.670331,2GIS,39.144971,"Воронежспецупркоммунводстрой, буровая компания",+74732272865,394019,,,,2026-10-09T03:06:10.463646+00:00,Воронеж,бурение скважин,whatsapp:https://wa.me/79202174732?text=%D0%97%D0%B4%D1%80%D0%B0%D0%B2%D1%81%D1%82%D0%B2%D1%83%D0%B9%D1%82%D0%B5!%0A%0A%D0%9F%D0%B8%D1%88%D1%83%20%D0%B8%D0%B7%20%D0%BF%D1%80%D0%B8%D0%BB%D0%BE%D0%B6%D0%B5%D0%BD%D0%B8%D1%8F%202%D0%93%D0%98%D0%A1.%0A%0A,https://2gis.ru/firm/4363390420031089,http://www.vsukvs.ru,"Пн: 08:00-12:00, 13:00-17:00; Вт: 08:00-12:00, 13:00-17:00; Ср: 08:00-12:00, 13:00-17:00; Чт: 08:00-12:00, 13:00-17:00; Пт: 08:00-12:00, 13:00-17:00",B
"Дорожная улица, 28ж/1","Буровые работы, Товары для отопления, водоснабжения, канализации, Нержавеющий металлопрокат, Чёрный металлопрокат","+74732391357, +79529535882",Буровые работы,Воронеж,90,vbv2391357vrn@yandex.ru,true,true,true,4363390420031190,51.667486,2GIS,39.144506,"Воронежбурвод, буровая компания",+74732391357,394038,,1,,2026-10-09T03:06:10.504815+00:00,Воронеж,бурение скважин,whatsapp:https://wa.me/79529535882?text=%D0%97%D0%B4%D1%80%D0%B0%D0%B2%D1%81%D1%82%D0%B2%D1%83%D0%B9%D1%82%D0%B5!%0A%0A%D0%9F%D0%B8%D1%88%D1%83%20%D0%B8%D0%B7%20%D0%BF%D1%80%D0%B8%D0%BB%D0%BE%D0%B6%D0%B5%D0%BD%D0%B8%D1%8F%202%D0%93%D0%98%D0%A1.%0A%0A,https://2gis.ru/firm/4363390420031190,http://buroved.ru,Пн: 08:00-15:00; Вт: 08:00-15:00; Ср: 08:00-15:00; Чт: 08:00-15:00; Пт: 08:00-15:00,C
"улица Горняков, 141",Буровые работы,,Буровые работы,Воронеж,0,,false,false,false,4363390420236294,51.566274,2GIS,39.248407,Буровая компания,,394056,,,,2026-10-09T03:06:10.535295+00:00,Воронеж,бурение скважин,,https://2gis.ru/firm/4363390420236294,,Пн: 08:00-19:00; Вт: 08:00-19:00; Ср: 08:00-19:00; Чт: 08:00-19:00; Пт: 08:00-19:00,A
"Дорожная улица, 28ж/1","Буровые работы, Промышленные трубы, Чёрный металлопрокат","+74732215831, +74732565226, +79202295606",Буровые работы,Воронеж,100,agent@tts-vrn.ru,true,true,true,4363390420250483,51.667508,2GIS,39.144391,"ТрубТехСервис, торговая компания",+74732215831,394038,1,2,2,2026-10-09T03:06:10.577377+00:00,Воронеж,бурение скважин,,https://2gis.ru/firm/4363390420250483,http://tts-vrn.ru,Пн: 08:00-17:00; Вт: 08:00-17:00; Ср: 08:00-17:00; Чт: 08:00-17:00; Пт: 08:00-17:00,B
"Беговая улица, 205/2","Буровые работы, Складское хранение, Геодезические работы, Гидрогеологические работы, Геофизические работы","+74732412699, +74732606111",Буровые работы,Воронеж,65,vsi-vrn36@mail.ru,true,true,false,4363390420266775,51.695358,2GIS,39.146984,"Воронежстройизыскания, склад",+74732412699,394016,,,,2026-10-09T03:06:10.605967+00:00,Воронеж,бурение скважин,,https://2gis.ru/firm/4363390420266775,,Пн: 08:30-17:00; Вт: 08:30-17:00; Ср: 08:30-17:00; Чт: 08:30-17:00; Пт: 08:30-17:00,A
"проспект Революции, 1а","Буровые работы, Геологические работы, Геодезические работы","+79081311136, +74732621348, +79507725289",Буровые работы,Воронеж,65,dmb_geolog@mail.ru,true,true,false,70000001020462532,51.680715,2GIS,39.215678,"Инжгеоплюс, компания",+79081311136,394036,,,,2026-10-09T03:06:10.638359+00:00,Воронеж,бурение скважин,,https://2gis.ru/firm/70000001020462532,,"Пн: 09:00-13:00, 14:00-18:00; Вт: 09:00-13:00, 14:00-18:00; Ср: 09:00-13:00, 14:00-18:00; Чт: 09:00-13:00, 14:00-18:00; Пт: 09:00-13:00, 14:00-18:00",B
"Волгоградская улица, 46а",Буровые работы,"+74732323525, +79107323575",Буровые работы,Воронеж,100,info@skvazhinov.ru,true,true,true,70000001021791109,51.649149,2GIS,39.267913,"Скважинов, буровая компания",+74732323525,394028,5,3,3,2026-10-09T03:06:10.658136+00:00,Воронеж,бурение скважин,"whatsapp:https://wa.me/79107323525?text=%D0%97%D0%B4%D1%80%D0%B0%D0%B2%D1%81%D1%82%D0%B2%D1%83%D0%B9%D1%82%D0%B5!%0A%0A%D0%9F%D0%B8%D1%88%D1%83%20%D0%B8%D0%B7%20%D0%BF%D1%80%D0%B8%D0%BB%D0%BE%D0%B6%D0%B5%D0%BD%D0%B8%D1%8F%202%D0%93%D0%98%D0%A1.%0A%0A, telegram:https://t.me/+79107323525",https://2gis.ru/firm/70000001021791109,http://www.skvazhinov.ru,Пн: 08:00-19:00; Вт: 08:00-19:00; Ср: 08:00-19:00; Чт: 08:00-19:00; Пт: 08:00-19:00; Сб: 10:00-15:00,A
"Солнечная улица, 31а","Буровые работы, Проектирование инженерных систем, Товары для отопления, водоснабжения, канализации, Автоматизация инженерных систем",+74732066262,Буровые работы,Воронеж,100,info@boyargo.ru,true,true,true,70000001023964778,51.687216,2GIS,39.164853,"Боярго, компания",+74732066262,394026,5,1,1,2026-10-09T03:06:10.687806+00:00,Воронеж,бурение скважин,,https://2gis.ru/firm/70000001023964778,http://boyargo.ru,Пн: 09:00-18:00; Вт: 09:00-18:00; Ср: 09:00-18:00; Чт: 09:00-18:00; Пт: 09:00-18:00,C
"проспект Патриотов, 57к","Буровые работы, Электромонтажные работы, Аренда спецтехники, Строительство и обслуживание электросетей, Электротехника","+74732073011, +79081437244",Буровые работы,Воронеж,90,89081437244@yandex.ru,true,true,true,70000001026153509,51.636672,2GIS,39.104305,"Воронежэлектромонтаж 2012, компания",+74732073011,394065,,,,2026-10-09T03:06:10.706687+00:00,Воронеж,бурение скважин,whatsapp:https://wa.me/79081437244?text=%D0%97%D0%B4%D1%80%D0%B0%D0%B2%D1%81%D1%82%D0%B2%D1%83%D0%B9%D1%82%D0%B5!%0A%0A%D0%9F%D0%B8%D1%88%D1%83%20%D0%B8%D0%B7%20%D0%BF%D1%80%D0%B8%D0%BB%D0%BE%D0%B6%D0%B5%D0%BD%D0%B8%D1%8F%202%D0%93%D0%98%D0%A1.%0A%0A,https://2gis.ru/firm/70000001026153509,http://www.kvant36.ru,Пн: 09:00-17:00; Вт: 09:00-17:00; Ср: 09:00-17:00; Чт: 09:00-17:00; Пт: 09:00-17:00,C
"улица Луначарского, 30","Буровые работы, Геологические работы, Геофизические работы, Гидрогеологические работы, Геодезические работы",+79515574985,Буровые работы,Воронеж,100,voronezh.geolog@yandex.ru,true,true,true,70000001027686008,51.6886,2GIS,39.223033,"Геолог, компания",+79515574985,394043,1,1,1,2026-10-09T03:06:10.742911+00:00,Воронеж,бурение скважин,whatsapp:https://wa.me/79515574985?text=%D0%97%D0%B4%D1%80%D0%B0%D0%B2%D1%81%D1%82%D0%B2%D1%83%D0%B9%D1%82%D0%B5!%0A%0A%D0%9F%D0%B8%D1%88%D1%83%20%D0%B8%D0%B7%20%D0%BF%D1%80%D0%B8%D0%BB%D0%BE%D0%B6%D0%B5%D0%BD%D0%B8%D1%8F%202%D0%93%D0%98%D0%A1.%0A%0A,https://2gis.ru/firm/70000001027686008,http://www.geolog-vrn.ru,Пн: 09:00-17:00; Вт: 09:00-17:00; Ср: 09:00-17:00; Чт: 09:00-17:00; Пт: 09:00-17:00,A
,Буровые работы,"+79202281716, +74732290525",Буровые работы,Воронеж,90,specburvod@bk.ru,true,true,true,70000001031524969,,2GIS,,"СпецБурВод, буровая компания",+79202281716,,,,,2026-10-09T03:06:10.777524+00:00,Воронеж,бурение скважин,whatsapp:https://wa.me/79601325758?text=%D0%97%D0%B4%D1%80%D0%B0%D0%B2%D1%81%D1%82%D0%B2%D1%83%D0%B9%D1%82%D0%B5!%0A%0A%D0%9F%D0%B8%D1%88%D1%83%20%D0%B8%D0%B7%20%D0%BF%D1%80%D0%B8%D0%BB%D0%BE%D0%B6%D0%B5%D0%BD%D0%B8%D1%8F%202%D0%93%D0%98%D0%A1.%0A%0A,https://2gis.ru/firm/70000001031524969,http://spec-burvod.ru,"Пн: 08:00-12:00, 13:00-22:00; Вт: 08:00-12:00, 13:00-22:00; Ср: 08:00-12:00, 13:00-22:00; Чт: 08:00-12:00, 13:00-22:00; Пт: 08:00-12:00, 13:00-22:00; Сб: 08:00-12:00, 13:00-22:00; Вс: 08:00-12:00, 13:00-22:00",A
"Газовая улица, 26","Буровые работы, Наружное отопление, водоснабжение, канализация","+79507795165, +74732404028",Буровые работы,Воронеж,65,sbv-vrn@mail.ru,true,true,false,70000001036309435,51.68066,2GIS,39.143421,"Промбурвод, строительно-буровая компания",+79507795165,394026,,,,2026-10-09T03:06:10.817688+00:00,Воронеж,бурение скважин,,https://2gis.ru/firm/70000001036309435,,Пн: 08:00-18:00; Вт: 08:00-18:00; Ср: 08:00-18:00; Чт: 08:00-18:00; Пт: 08:00-18:00; Сб: 09:00-16:00,C
"Дорожная улица, 22","Буровые работы, Наружное отопление, водоснабжение, канализация, Снос зданий","+79204050018, +79192457900",Буровые работы,Воронеж,65,gazstroy2008@rambler.ru,true,true,false,70000001039014550,51.664415,2GIS,39.148061,Газстрой,+79204050018,394038,,,,2026-10-09T03:06:10.854029+00:00,Воронеж,бурение скважин,"whatsapp:https://wa.me/79204050018?text=%D0%97%D0%B4%D1%80%D0%B0%D0%B2%D1%81%D1%82%D0%B2%D1%83%D0%B9%D1%82%D0%B5!%0A%0A%D0%9F%D0%B8%D1%88%D1%83%20%D0%B8%D0%B7%20%D0%BF%D1%80%D0%B8%D0%BB%D0%BE%D0%B6%D0%B5%D0%BD%D0%B8%D1%8F%202%D0%93%D0%98%D0%A1.%0A%0A, whatsapp:https://wa.me/79192457900?text=%D0%97%D0%B4%D1%80%D0%B0%D0%B2%D1%81%D1%82%D0%B2%D1%83%D0%B9%D1%82%D0%B5!%0A%0A%D0%9F%D0%B8%D1%88%D1%83%20%D0%B8%D0%B7%20%D0%BF%D1%80%D0%B8%D0%BB%D0%BE%D0%B6%D0%B5%D0%BD%D0%B8%D1%8F%202%D0%93%D0%98%D0%A1.%0A%0A",https://2gis.ru/firm/70000001039014550,,"Пн: 09:00-13:00, 14:00-18:00; Вт: 09:00-13:00, 14:00-18:00; Ср: 09:00-13:00, 14:00-18:00; Чт: 09:00-13:00, 14:00-18:00; Пт: 09:00-13:00, 14:00-18:00",C
"улица 6 Стрелковой Дивизии, 3а/1","Буровые работы, Свайные работы, Металлоконструкции для строительства, Железобетонные изделия, Геодезические работы","+79507641130, +74732212202, +79202230060, +74732800111",Буровые работы,Воронеж,90,sale@svaitut.ru,true,true,true,70000001044521205,51.578993,2GIS,39.299632,Сваи тут,+79507641130,394083,,,,2026-10-09T03:06:10.877114+00:00,Воронеж,бурение скважин,whatsapp:https://wa.me/79202230060?text=%D0%97%D0%B4%D1%80%D0%B0%D0%B2%D1%81%D1%82%D0%B2%D1%83%D0%B9%D1%82%D0%B5!%0A%0A%D0%9F%D0%B8%D1%88%D1%83%20%D0%B8%D0%B7%20%D0%BF%D1%80%D0%B8%D0%BB%D0%BE%D0%B6%D0%B5%D0%BD%D0%B8%D1%8F%202%D0%93%D0%98%D0%A1.%0A%0A,https://2gis.ru/firm/70000001044521205,http://svaitut.ru,Пн: 09:00-18:00; Вт: 09:00-18:00; Ср: 09:00-18:00; Чт: 09:00-18:00; Пт: 09:00-18:00,A
"улица 8 Марта, 188","Буровые работы, Геодезические работы, Геологические работы, Экологические работы",+73433857076,Буровые работы,Екатеринбург,100,uralgeoinfo@bk.ru,true,true,true,1267165676973459,56.804791,2GIS,60.610228,"Урал Гео Инфо, инженерно-изыскательская компания",+73433857076,620144,5,24,21,2026-10-09T03:02:52.758381+00:00,Екатеринбург,бурение скважин,,https://2gis.ru/firm/1267165676973459,http://uralgeoinfo.ru,"Пн: 09:00-12:00, 13:00-18:00; Вт: 09:00-12:00, 13:00-18:00; Ср: 09:00-12:00, 13:00-18:00; Чт: 09:00-12:00, 13:00-18:00; Пт: 09:00-12:00, 13:00-18:00",B
"улица Большакова, 75","Буровые работы, Товары для отопления, водоснабжения, канализации, Внутренние системы отопления, водоснабжения, канализации, Геодезические работы, Геологические работы","+73432269505, +73433431207, +73432681704, +79002016041",Буровые работы,Екатеринбург,100,bur-66@mail.ru,true,true,true,1267165676889504,56.818,2GIS,60.610467,Бурсервис,+73432269505,620063,4.9,158,152,2026-10-09T03:02:52.887472+00:00,Екатеринбург,бурение скважин,telegram:https://t.me/burservice66,https://2gis.ru/firm/1267165676889504,http://bur66.ru,Пн: 10:00-19:00; Вт: 10:00-19:00; Ср: 10:00-19:00; Чт: 10:00-19:00; Пт: 10:00-18:00,B
"Симская улица, 1","Буровые работы, Горно-шахтное оборудование, Буровое оборудование, Взрывные работы","+73432958500, +73432958507, +73432958506, +73432958501",Буровые работы,Екатеринбург,100,main@npgm.ru,true,true,true,1267165676485982,56.761493,2GIS,60.617441,"Нипигормаш, группа компаний",+73432958500,620024,3.5,8,6,2026-10-09T03:02:52.953222+00:00,Екатеринбург,бурение скважин,,https://2gis.ru/firm/1267165676485982,http://npgm.ru,"Пн: 08:30-11:30, 12:15-17:15; Вт: 08:30-11:30, 12:15-17:15; Ср: 08:30-11:30, 12:15-17:15; Чт: 08:30-11:30, 12:15-17:15; Пт: 08:30-11:30, 12:15-17:15",B
"улица Юмашева, 9","Буровые работы, Экологические работы, Геодезические работы, Геологические работы","+73432069592, +79923411972",Буровые работы,Екатеринбург,100,geosector@bk.ru,true,true,true,1267165676881554,56.843237,2GIS,60.570641,"Геосектор, изыскательская компания",+73432069592,620014,3,4,4,2026-10-09T03:02:53.016586+00:00,Екатеринбург,бурение скважин,telegram:https://t.me/+79923411972,https://2gis.ru/firm/1267165676881554,http://geosector-ekb.ru,Пн: 09:00-18:00; Вт: 09:00-18:00; Ср: 09:00-18:00; Чт: 09:00-18:00; Пт: 09:00-18:00,B
"улица 8 Марта, 29в","Буровые работы, Геологические работы, Гидрогеологические работы","+73432681707, +73432573688",Буровые работы,Екатеринбург,100,ugidro@yandex.ru,true,true,true,1267166676490584,56.832205,2GIS,60.601265,"Урал-Гидро, компания по бурению скважин на воду",+73432681707,620014,4.9,128,123,2026-10-09T03:02:53.058975+00:00,Екатеринбург,бурение скважин,"whatsapp:https://wa.me/73432573688?text=%D0%97%D0%B4%D1%80%D0%B0%D0%B2%D1%81%D1%82%D0%B2%D1%83%D0%B9%D1%82%D0%B5!%0A%0A%D0%9F%D0%B8%D1%88%D1%83%20%D0%B8%D0%B7%20%D0%BF%D1%80%D0%B8%D0%BB%D0%BE%D0%B6%D0%B5%D0%BD%D0%B8%D1%8F%202%D0%93%D0%98%D0%A1.%0A%0A, telegram:https://t.me/uralgidro_online",https://2gis.ru/firm/1267166676490584,http://ural-gidro.com,Пн: 08:00-18:00; Вт: 08:00-18:00; Ср: 08:00-18:00; Чт: 08:00-18:00; Пт: 08:00-18:00,A
"Библиотечная улица, 50а","Буровые работы, Свайные работы, Промышленное строительство",+73432868274,Буровые работы,Екатеринбург,100,mtt-512@mail.ru,true,true,true,70000001039242898,56.831744,2GIS,60.653126,МТТ-512,+73432868274,620078,2.8,7,1,2026-10-09T03:02:53.112059+00:00,Екатеринбург,бурение скважин,,https://2gis.ru/firm/70000001039242898,http://mtt-512.ru,Пн: 09:00-18:00; Вт: 09:00-18:00; Ср: 09:00-18:00; Чт: 09:00-18:00; Пт: 09:00-18:00,A
"Вайнера, 55а","Буровые работы, Геологические работы, Геофизические работы, Геодезические работы, Геологоразведочные работы","+73432573752, +73432572045, +73432576582",Буровые работы,Екатеринбург,90,ugse@uralgeology.ru,true,true,true,1267165676579326,56.827356,2GIS,60.599378,УралГеология,+73432573752,620014,,2,,2026-10-09T03:02:53.173156+00:00,Екатеринбург,бурение скважин,,https://2gis.ru/firm/1267165676579326,http://uralgeology.ru,"Пн: 08:30-12:30, 13:15-17:30; Вт: 08:30-12:30, 13:15-17:30; Ср: 08:30-12:30, 13:15-17:30; Чт: 08:30-12:30, 13:15-17:30; Пт: 08:30-12:30, 13:15-16:15",A
"улица Чернышевского, 7","Буровые работы, Геологические работы, Строительство и обслуживание электросетей, Свайные работы, Товары для отопления, водоснабжения, канализации","+79827147030, +79501940046, +73432136000",Буровые работы,Екатеринбург,100,vasilykonkov@yandex.ru,true,true,true,70000001028026900,56.833267,2GIS,60.602235,"СпецБур, буровая компания",+79827147030,620014,5,75,75,2026-10-09T03:02:53.213291+00:00,Екатеринбург,бурение скважин,"whatsapp:https://wa.me/79501940046?text=%D0%97%D0%B4%D1%80%D0%B0%D0%B2%D1%81%D1%82%D0%B2%D1%83%D0%B9%D1%82%D0%B5!%0A%0A%D0%9F%D0%B8%D1%88%D1%83%20%D0%B8%D0%B7%20%D0%BF%D1%80%D0%B8%D0%BB%D0%BE%D0%B6%D0%B5%D0%BD%D0%B8%D1%8F%202%D0%93%D0%98%D0%A1.%0A%0A, whatsapp:https://wa.me/79827147030?text=%D0%97%D0%B4%D1%80%D0%B0%D0%B2%D1%81%D1%82%D0%B2%D1%83%D0%B9%D1%82%D0%B5!%0A%0A%D0%9F%D0%B8%D1%88%D1%83%20%D0%B8%D0%B7%20%D0%BF%D1%80%D0%B8%D0%BB%D0%BE%D0%B6%D0%B5%D0%BD%D0%B8%D1%8F%202%D0%93%D0%98%D0%A1.%0A%0A, telegram:https://t.me/SpecBur",https://2gis.ru/firm/70000001028026900,http://burenieskvazhin.ru,Пн: 10:00-19:00; Вт: 10:00-19:00; Ср: 10:00-19:00; Чт: 10:00-19:00; Пт: 10:00-19:00,A
"переулок Автоматики, 3/1","Буровые работы, Металлообработка, Взрывные работы",+73433790999,Буровые работы,Екатеринбург,90,mail@protol.ru,true,true,true,70000001101164918,56.849125,2GIS,60.663607,"Протол, многопрофильная компания",+73433790999,620049,,1,,2026-10-09T03:02:53.242658+00:00,Екатеринбург,бурение скважин,telegram:https://t.me/protolcompany,https://2gis.ru/firm/70000001101164918,http://protol.ru,Пн: 08:00-17:00; Вт: 08:00-17:00; Ср: 08:00-17:00; Чт: 08:00-17:00; Пт: 08:00-17:00,B
"улица Шаумяна, 81","Буровые работы, Взрывные работы",+73432124045,Буровые работы,Екатеринбург,90,uvp02@mail.ru,true,true,true,1267165676207360,56.811386,2GIS,60.57614,Уралвзрывпром,+73432124045,620146,,,,2026-10-09T03:02:53.300699+00:00,Екатеринбург,бурение скважин,,https://2gis.ru/firm/1267165676207360,http://uralvp.ru,"Пн: 08:30-12:00, 12:45-17:15; Вт: 08:30-12:00, 12:45-17:15; Ср: 08:30-12:00, 12:45-17:15; Чт: 08:30-12:00, 12:45-17:15; Пт: 08:30-12:00, 12:45-17:15",B
"улица Амундсена, 68Б","Буровые работы, Строительство дач и коттеджей, Насосное оборудование, Товары для отопления, водоснабжения, канализации","+73432690922, +79001985522",Буровые работы,Екатеринбург,100,bm-u@yandex.ru,true,true,true,70000001022270970,56.794722,2GIS,60.574844,"БурМастер-Урал, компания по бурению скважин на воду",+73432690922,620146,4.8,25,24,2026-10-09T03:02:53.345879+00:00,Екатеринбург,бурение скважин,,https://2gis.ru/firm/70000001022270970,http://bur-m.ru,Пн: 10:00-19:00; Вт: 10:00-19:00; Ср: 10:00-19:00; Чт: 10:00-19:00; Пт: 10:00-19:00; Сб: 10:00-19:00; Вс: 10:00-19:00,C
,"Буровые работы, Внутренние системы отопления, водоснабжения, канализации, Насосное оборудование","+73433858183, +79221501790",Буровые работы,Екатеринбург,100,zhivaya-voda-urala@ya.ru,true,true,true,70000001028026606,56.874248,2GIS,60.680262,"Живая вода Урала, буровая компания",+73433858183,620033,5,130,129,2026-10-09T03:02:53.373119+00:00,Екатеринбург,бурение скважин,"whatsapp:https://wa.me/79221501790?text=%D0%97%D0%B4%D1%80%D0%B0%D0%B2%D1%81%D1%82%D0%B2%D1%83%D0%B9%D1%82%D0%B5!%0A%0A%D0%9F%D0%B8%D1%88%D1%83%20%D0%B8%D0%B7%20%D0%BF%D1%80%D0%B8%D0%BB%D0%BE%D0%B6%D0%B5%D0%BD%D0%B8%D1%8F%202%D0%93%D0%98%D0%A1.%0A%0A, telegram:https://t.me/+79221501790",https://2gis.ru/firm/70000001028026606,http://max.ru/id6686170452_biz,Пн: 06:00-24:00; Вт: 06:00-24:00; Ср: 06:00-24:00; Чт: 06:00-24:00; Пт: 06:00-24:00; Сб: 06:00-24:00; Вс: 06:00-24:00,C
"улица Петрова, 1/2","Буровые работы, Геологические работы, Геофизические работы, Геодезические работы",+79678519516,Буровые работы,Екатеринбург,40,,false,true,false,1267165676568512,56.980389,2GIS,60.599444,Средне-Уральская геологоразведочная экспедиция,+79678519516,624090,,,,2026-10-09T03:02:53.485539+00:00,Екатеринбург,бурение скважин,whatsapp:https://wa.me/79678519516?text=%D0%97%D0%B4%D1%80%D0%B0%D0%B2%D1%81%D1%82%D0%B2%D1%83%D0%B9%D1%82%D0%B5!%0A%0A%D0%9F%D0%B8%D1%88%D1%83%20%D0%B8%D0%B7%20%D0%BF%D1%80%D0%B8%D0%BB%D0%BE%D0%B6%D0%B5%D0%BD%D0%B8%D1%8F%202%D0%93%D0%98%D0%A1.%0A%0A,https://2gis.ru/firm/1267165676568512,,"Пн: 08:00-12:00, 13:00-17:00; Вт: 08:00-12:00, 13:00-17:00; Ср: 08:00-12:00, 13:00-17:00; Чт: 08:00-12:00, 13:00-17:00; Пт: 08:00-12:00, 13:00-17:00",B
"Берёзовая улица, 5","Буровые работы, Легковой автосервис, Грузовой автосервис, Аренда спецтехники, Земляные работы, Наружное отопление, водоснабжение, канализация, Строительство и обслуживание наружного газоснабжения, Замена масла, Ремонт автобусов, Ремонт МКПП, Ремонт ходовой части автомобиля, Ремонт спецтехники, Песок и щебень, Ремонт дизельных двигателей, Развал-схождение, Свайные работы","+79221192360, +79530030513",Буровые работы,Екатеринбург,75,torandk@yandex.ru,true,true,false,70000001031160764,56.748064,2GIS,60.922139,"Автопространство, автомастерская грузовых и легковых автомобилей",+79221192360,624055,5,4,4,2026-10-09T03:02:53.530982+00:00,Екатеринбург,бурение скважин,"whatsapp:https://wa.me/79221192360?text=%D0%97%D0%B4%D1%80%D0%B0%D0%B2%D1%81%D1%82%D0%B2%D1%83%D0%B9%D1%82%D0%B5!%0A%0A%D0%9F%D0%B8%D1%88%D1%83%20%D0%B8%D0%B7%20%D0%BF%D1%80%D0%B8%D0%BB%D0%BE%D0%B6%D0%B5%D0%BD%D0%B8%D1%8F%202%D0%93%D0%98%D0%A1.%0A%0A, telegram:https://t.me/+79221192360",https://2gis.ru/firm/70000001031160764,,Пн: 08:00-18:00; Вт: 08:00-18:00; Ср: 08:00-18:00; Чт: 08:00-18:00; Пт: 08:00-18:00; Сб: 08:00-18:00; Вс: 08:00-18:00,A
"улица Уральских Рабочих, 42а","Буровые работы, Песок и щебень","+73433020907, +79939930907, 88007770193",Буровые работы,Екатеринбург,100,vodoley-ural@yandex.ru,true,true,true,1267166676331692,56.985072,2GIS,60.556601,"Водолей, буровая компания",+73433020907,624096,4.5,32,31,2026-10-09T03:02:53.574370+00:00,Екатеринбург,бурение скважин,telegram:https://t.me/burenie_vodoley,https://2gis.ru/firm/1267166676331692,http://vodoley-ural.ru,"Пн: 09:00-13:00, 14:00-16:00; Вт: 09:00-13:00, 14:00-16:00; Ср: 09:00-13:00, 14:00-16:00; Чт: 09:00-13:00, 14:00-16:00; Пт: 09:00-13:00, 14:00-16:00",B
"улица Татищева, 18/2","Буровые работы, Строительство фундамента, Свайные работы, Песок и щебень, Земляные работы","+73432339662, +73432339663, +73432339664",Буровые работы,Екатеринбург,65,saturn-2001@mail.ru,true,true,false,1267165676192954,56.835777,2GIS,60.565007,"Сатурн-2001, производственно-коммерческая фирма",+73432339662,620028,,5,,2026-10-09T03:02:53.619947+00:00,Екатеринбург,бурение скважин,,https://2gis.ru/firm/1267165676192954,,Пн: 09:00-18:00; Вт: 09:00-18:00; Ср: 09:00-18:00; Чт: 09:00-18:00; Пт: 09:00-18:00,A
"Основинская улица, 10","Буровые работы, Свайные работы, Строительство фундамента","+73433822140, +79221085545",Буровые работы,Екатеринбург,100,info@mss-bkm.com,true,true,true,70000001037615598,56.86427,2GIS,60.620076,"Новатех, буровая компания",+73433822140,620041,1,1,1,2026-10-09T03:02:53.669197+00:00,Екатеринбург,бурение скважин,whatsapp:https://wa.me/79221085545?text=%D0%97%D0%B4%D1%80%D0%B0%D0%B2%D1%81%D1%82%D0%B2%D1%83%D0%B9%D1%82%D0%B5!%0A%0A%D0%9F%D0%B8%D1%88%D1%83%20%D0%B8%D0%B7%20%D0%BF%D1%80%D0%B8%D0%BB%D0%BE%D0%B6%D0%B5%D0%BD%D0%B8%D1%8F%202%D0%93%D0%98%D0%A1.%0A%0A,https://2gis.ru/firm/70000001037615598,http://mss-bkm.com,Пн: 08:00-19:00; Вт: 08:00-19:00; Ср: 08:00-19:00; Чт: 08:00-19:00; Пт: 08:00-19:00,A
"Мельковская улица, 9","Буровые работы, Экологические работы, Геологические работы, Геодезические работы, Радиационный контроль","+73433707246, +73433707248, +73433707249",Буровые работы,Екатеринбург,90,uralgeo@bk.ru,true,true,true,1267165676210441,56.849498,2GIS,60.601356,"Уралгеоэкология, Инженерно-изыскательская компания",+73433707246,620027,,,,2026-10-09T03:02:53.704780+00:00,Екатеринбург,бурение скважин,,https://2gis.ru/firm/1267165676210441,http://www.uralgeoecology.ru,Пн: 09:00-18:00; Вт: 09:00-18:00; Ср: 09:00-18:00; Чт: 09:00-18:00; Пт: 09:00-18:00,B
"Московская улица, 225/2","Буровые работы, Геодезические работы, Геологические работы, Гидрогеологические работы, Экологические работы","+79049846428, +79222120660",Буровые работы,Екатеринбург,65,eco66@bk.ru,true,true,false,1267166676273781,56.809471,2GIS,60.593841,"УралГеоКомплекс, инженерно-изыскательская компания",+79049846428,620144,,,,2026-10-09T03:02:53.747889+00:00,Екатеринбург,бурение скважин,,https://2gis.ru/firm/1267166676273781,,Пн: 08:00-21:00; Вт: 08:00-21:00; Ср: 08:00-21:00; Чт: 08:00-21:00; Пт: 08:00-21:00; Сб: 08:00-21:00; Вс: 08:00-21:00,A
,Буровые работы,+79634495737,Буровые работы,Екатеринбург,100,burenie96@yandex.ru,true,true,true,70000001028351865,56.811295,2GIS,60.538152,"Рембур24, компания по ремонту и бурению скважин",+79634495737,620149,4.6,10,10,2026-10-09T03:02:53.828694+00:00,Екатеринбург,бурение скважин,whatsapp:https://wa.me/79049800303?text=%D0%97%D0%B4%D1%80%D0%B0%D0%B2%D1%81%D1%82%D0%B2%D1%83%D0%B9%D1%82%D0%B5!%0A%0A%D0%9F%D0%B8%D1%88%D1%83%20%D0%B8%D0%B7%20%D0%BF%D1%80%D0%B8%D0%BB%D0%BE%D0%B6%D0%B5%D0%BD%D0%B8%D1%8F%202%D0%93%D0%98%D0%A1.%0A%0A,https://2gis.ru/firm/70000001028351865,http://rembur24.ru,Пн: 09:00-21:10; Вт: 09:00-21:10; Ср: 09:00-21:10; Чт: 09:00-21:10; Пт: 09:00-21:10; Сб: 09:00-21:10; Вс: 09:00-21:10,A
"улица Розы Люксембург, 118в/17","Буровые работы, Насосное оборудование, Товары для отопления, водоснабжения, канализации","+79086618863, +73952990499",Буровые работы,Иркутск,50,,false,true,false,70000001081176047,52.345981,2GIS,104.1957,"БайкалГидро, буровая компания",+79086618863,664040,5,9,9,2026-10-09T03:03:37.945132+00:00,Иркутск,бурение скважин,whatsapp:https://wa.me/79086618863?text=%D0%97%D0%B4%D1%80%D0%B0%D0%B2%D1%81%D1%82%D0%B2%D1%83%D0%B9%D1%82%D0%B5!%0A%0A%D0%9F%D0%B8%D1%88%D1%83%20%D0%B8%D0%B7%20%D0%BF%D1%80%D0%B8%D0%BB%D0%BE%D0%B6%D0%B5%D0%BD%D0%B8%D1%8F%202%D0%93%D0%98%D0%A1.%0A%0A,https://2gis.ru/firm/70000001081176047,,Пн: 08:00-20:00; Вт: 08:00-20:00; Ср: 08:00-20:00; Чт: 08:00-20:00; Пт: 08:00-20:00; Сб: 08:00-20:00; Вс: 08:00-20:00,C
"улица Лермонтова, 81/14",Буровые работы,"+79086553142, +79041118920",Буровые работы,Иркутск,100,intdrillcon@yandex.ru,true,true,true,70000001113898813,52.26537,2GIS,104.261257,"ИркутТрансЛайн, компания по бурению скважин",+79086553142,664074,5,4,4,2026-10-09T03:03:38.139619+00:00,Иркутск,бурение скважин,,https://2gis.ru/firm/70000001113898813,http://70000001113898812.2gis.biz/,"Пн: 09:00-13:00, 14:00-18:30; Вт: 09:00-13:00, 14:00-18:30; Ср: 09:00-13:00, 14:00-18:30; Чт: 09:00-13:00, 14:00-18:30; Пт: 09:00-13:00, 14:00-18:30; Сб: 09:00-13:00, 14:00-18:30",A
"Воронежская улица, 2 ст6","Буровые работы, Локальные очистные сооружения, Монтаж сантехнического оборудования, Наружное отопление, водоснабжение, канализация, Геологические работы, Гидрогеологические работы, Насосное оборудование, Товары для отопления, водоснабжения, канализации, Аренда спецтехники","+73952789291, +79016718618, +79996421020",Буровые работы,Иркутск,100,ekskalibur38@mail.ru,true,true,true,70000001113731621,52.271725,2GIS,104.23132,Экскалибур,+73952789291,664043,5,18,17,2026-10-09T03:03:38.200650+00:00,Иркутск,бурение скважин,whatsapp:https://wa.me/79996421020?text=%D0%97%D0%B4%D1%80%D0%B0%D0%B2%D1%81%D1%82%D0%B2%D1%83%D0%B9%D1%82%D0%B5!%0A%0A%D0%9F%D0%B8%D1%88%D1%83%20%D0%B8%D0%B7%20%D0%BF%D1%80%D0%B8%D0%BB%D0%BE%D0%B6%D0%B5%D0%BD%D0%B8%D1%8F%202%D0%93%D0%98%D0%A1.%0A%0A,https://2gis.ru/firm/70000001113731621,http://excalibur.su,Пн: 09:00-21:00; Вт: 09:00-21:00; Ср: 09:00-21:00; Чт: 09:00-21:00; Пт: 09:00-21:00; Сб: 09:00-21:00; Вс: 09:00-21:00,A
"улица Шевцова, 10/3","Буровые работы, Электродвигатели и редукторы, Насосное оборудование, Вентиляционное, тепловое оборудование, Электронагревательное оборудование","+79501025396, +73952742005, +79086622579",Буровые работы,Иркутск,100,servis2009@list.ru,true,true,true,1548640653163990,52.305426,2GIS,104.295693,"УниверсалСервис, торгово-сервисная компания",+79501025396,664035,3.7,4,3,2026-10-09T03:03:38.276695+00:00,Иркутск,бурение скважин,whatsapp:https://wa.me/79501025396?text=%D0%97%D0%B4%D1%80%D0%B0%D0%B2%D1%81%D1%82%D0%B2%D1%83%D0%B9%D1%82%D0%B5!%0A%0A%D0%9F%D0%B8%D1%88%D1%83%20%D0%B8%D0%B7%20%D0%BF%D1%80%D0%B8%D0%BB%D0%BE%D0%B6%D0%B5%D0%BD%D0%B8%D1%8F%202%D0%93%D0%98%D0%A1.%0A%0A,https://2gis.ru/firm/1548640653163990,http://www.xn----7sbfmneoafp0beigodm.xn--p1ai,Пн: 08:00-20:00; Вт: 08:00-20:00; Ср: 08:00-20:00; Чт: 08:00-20:00; Пт: 08:00-20:00; Сб: 09:00-18:00; Вс: 09:00-18:00,B
"Сосновая улица, 1","Буровые работы, Железобетонные изделия, Локальные очистные сооружения","+73952749722, +79500502792, +73952749470",Буровые работы,Иркутск,40,,false,true,false,1548640653115351,52.36326,2GIS,104.047704,"Регион, строительно-производственная фирма",+73952749722,664084,,1,,2026-10-09T03:03:38.308519+00:00,Иркутск,бурение скважин,,https://2gis.ru/firm/1548640653115351,,Пн: 09:00-20:00; Вт: 09:00-20:00; Ср: 09:00-20:00; Чт: 09:00-20:00; Пт: 09:00-20:00; Сб: 09:00-20:00; Вс: 09:00-20:00,C
"Ракитная улица, 4 к1","Буровые работы, Промышленные трубы, Товары для отопления, водоснабжения, канализации, Наружное отопление, водоснабжение, канализация","+73952306379, +79245444550, +79247070723, +79247030170",Буровые работы,Иркутск,100,ik3952@yandex.ru,true,true,true,1548641653179880,52.274099,2GIS,104.222533,"Полимерцентр, торговая компания",+73952306379,664043,5,36,17,2026-10-09T03:03:38.337624+00:00,Иркутск,бурение скважин,"whatsapp:https://wa.me/79245444550?text=%D0%97%D0%B4%D1%80%D0%B0%D0%B2%D1%81%D1%82%D0%B2%D1%83%D0%B9%D1%82%D0%B5!%0A%0A%D0%9F%D0%B8%D1%88%D1%83%20%D0%B8%D0%B7%20%D0%BF%D1%80%D0%B8%D0%BB%D0%BE%D0%B6%D0%B5%D0%BD%D0%B8%D1%8F%202%D0%93%D0%98%D0%A1.%0A%0A, whatsapp:https://wa.me/79247070723?text=%D0%97%D0%B4%D1%80%D0%B0%D0%B2%D1%81%D1%82%D0%B2%D1%83%D0%B9%D1%82%D0%B5!%0A%0A%D0%9F%D0%B8%D1%88%D1%83%20%D0%B8%D0%B7%20%D0%BF%D1%80%D0%B8%D0%BB%D0%BE%D0%B6%D0%B5%D0%BD%D0%B8%D1%8F%202%D0%93%D0%98%D0%A1.%0A%0A, telegram:https://t.me/+79245444550",https://2gis.ru/firm/1548641653179880,http://www.truba-38.ru/?utm_source=2gis,"Пн: 09:00-12:00, 12:30-17:00; Вт: 09:00-12:00, 12:30-17:00; Ср: 09:00-12:00, 12:30-17:00; Чт: 09:00-12:00, 12:30-17:00; Пт: 09:00-12:00, 12:30-17:00; Сб: 10:00-16:00; Вс: 10:00-15:00",C
"Красногвардейская улица, 35а",Буровые работы,+73952211351,Буровые работы,Иркутск,75,inks@irkutskoil.ru,true,true,false,70000001025690696,52.287906,2GIS,104.309253,"Инк-сервис, буровая компания",+73952211351,664007,4.9,55,4,2026-10-09T03:03:38.380595+00:00,Иркутск,бурение скважин,,https://2gis.ru/firm/70000001025690696,,"Пн: 08:00-12:00, 13:00-17:00; Вт: 08:00-12:00, 13:00-17:00; Ср: 08:00-12:00, 13:00-17:00; Чт: 08:00-12:00, 13:00-17:00; Пт: 08:00-12:00, 13:00-17:00",A
"Гоголя, 53","Буровые работы, Геофизические работы, Экологические работы, Геологические работы, Геологоразведочные работы",+73022357383,Буровые работы,Иркутск,100,urangeo@rusgeology.ru,true,true,true,1548640652892300,52.276147,2GIS,104.255474,"Урангео, компания",+73022357383,664039,4.2,31,12,2026-10-09T03:03:38.425359+00:00,Иркутск,бурение скважин,,https://2gis.ru/firm/1548640652892300,http://urangeo.rosgeo.com,"Пн: 08:00-12:00, 13:00-17:00; Вт: 08:00-12:00, 13:00-17:00; Ср: 08:00-12:00, 13:00-17:00; Чт: 08:00-12:00, 13:00-17:00; Пт: 08:00-12:00, 13:00-17:00",A
"улица Терешковой, 36",Буровые работы,+73532680390,Буровые работы,Иркутск,75,,false,true,true,70000001068153392,52.277806,2GIS,104.248842,Оренбург бурение-Восточная Сибирь,+73532680390,664005,3.4,26,6,2026-10-09T03:03:38.458659+00:00,Иркутск,бурение скважин,,https://2gis.ru/firm/70000001068153392,http://burgaz.ru,"Пн: 09:00-13:00, 14:00-18:00; Вт: 09:00-13:00, 14:00-18:00; Ср: 09:00-13:00, 14:00-18:00; Чт: 09:00-13:00, 14:00-18:00; Пт: 09:00-13:00, 14:00-18:00",A
"Полярная улица, 199а","Буровые работы, Геологические работы, Насосное оборудование, Оборудование для очистки воды, Наружное отопление, водоснабжение, канализация","+73952407594, +73952500855",Буровые работы,Иркутск,100,info@bursib.com,true,true,true,1548640653450378,52.343098,2GIS,104.264251,"БурСиб, производственная база",+73952407594,664014,4.9,50,41,2026-10-09T03:03:38.500968+00:00,Иркутск,бурение скважин,"whatsapp:https://wa.me/79500691496?text=%D0%97%D0%B4%D1%80%D0%B0%D0%B2%D1%81%D1%82%D0%B2%D1%83%D0%B9%D1%82%D0%B5!%0A%0A%D0%9F%D0%B8%D1%88%D1%83%20%D0%B8%D0%B7%20%D0%BF%D1%80%D0%B8%D0%BB%D0%BE%D0%B6%D0%B5%D0%BD%D0%B8%D1%8F%202%D0%93%D0%98%D0%A1.%0A%0A, telegram:https://t.me/+79500691496",https://2gis.ru/firm/1548640653450378,http://bursib.com/?utm_source=2gis&utm_medium=companypage&utm_campaign=2021_09_09,"Пн: 08:00-12:00, 13:00-17:00; Вт: 08:00-12:00, 13:00-17:00; Ср: 08:00-12:00, 13:00-17:00; Чт: 08:00-12:00, 13:00-17:00; Пт: 08:00-12:00, 13:00-17:00",B
"Байкальская улица, 253а/1","Буровые работы, Обслуживание нефтегазодобывающих компаний","+79148953767, +73466491030,,,3557",Буровые работы,Иркутск,100,ok-irk@snph.biz,true,true,true,70000001055614618,52.255786,2GIS,104.353742,Самотлорнефтепромхим,+79148953767,664050,3.5,47,12,2026-10-09T03:03:38.551818+00:00,Иркутск,бурение скважин,"whatsapp:https://wa.me/79148953767?text=%D0%97%D0%B4%D1%80%D0%B0%D0%B2%D1%81%D1%82%D0%B2%D1%83%D0%B9%D1%82%D0%B5!%0A%0A%D0%9F%D0%B8%D1%88%D1%83%20%D0%B8%D0%B7%20%D0%BF%D1%80%D0%B8%D0%BB%D0%BE%D0%B6%D0%B5%D0%BD%D0%B8%D1%8F%202%D0%93%D0%98%D0%A1.%0A%0A, telegram:https://t.me/+79148953767",https://2gis.ru/firm/70000001055614618,http://mobile.snph.biz,"Пн: 09:00-13:00, 14:00-18:00; Вт: 09:00-13:00, 14:00-18:00; Ср: 09:00-13:00, 14:00-18:00; Чт: 09:00-13:00, 14:00-18:00; Пт: 09:00-13:00, 14:00-18:00",B
"1-я Покровская улица, 2","Буровые работы, Строительство дорог, Промышленное строительство, Проектирование объектов добычи полезных ископаемых",+73952488000,Буровые работы,Иркутск,100,ksmp@ksmp.info,true,true,true,1548640653349132,52.240003,2GIS,104.226255,"Компания СпецМонтажПроект, многопрофильная компания",+73952488000,664058,4.1,21,6,2026-10-09T03:03:38.609022+00:00,Иркутск,бурение скважин,,https://2gis.ru/firm/1548640653349132,http://ksmp.info,"Пн: 09:00-12:00, 14:00-18:00; Вт: 09:00-12:00, 14:00-18:00; Ср: 09:00-12:00, 14:00-18:00; Чт: 09:00-12:00, 14:00-18:00; Пт: 09:00-12:00, 14:00-18:00",B
"улица Терешковой, 36",Буровые работы,+74997008800,Буровые работы,Иркутск,100,irkutsk@rusgazburenie.ru,true,true,true,70000001042814567,52.277806,2GIS,104.248842,"Русгазбурение, компания",+74997008800,664005,3.3,8,2,2026-10-09T03:03:38.645397+00:00,Иркутск,бурение скважин,,https://2gis.ru/firm/70000001042814567,http://rusgazburenie.ru,"Пн: 09:00-13:00, 14:00-18:00; Вт: 09:00-13:00, 14:00-18:00; Ср: 09:00-13:00, 14:00-18:00; Чт: 09:00-13:00, 14:00-18:00; Пт: 09:00-13:00, 14:00-18:00",A
"Приморский микрорайон, 6а","Буровые работы, Оборудование для очистки воды, Внутренние системы отопления, водоснабжения, канализации, Насосное оборудование, Локальные очистные сооружения",+73952799219,Буровые работы,Иркутск,100,info@gidro-spec.ru,true,true,true,70000001035590948,52.235139,2GIS,104.305353,"Гидросервис, многопрофильная компания",+73952799219,664056,4.5,144,137,2026-10-09T03:03:38.692764+00:00,Иркутск,бурение скважин,telegram:https://t.me/gidroserv,https://2gis.ru/firm/70000001035590948,http://gidro-spec.ru/?roistat=2gis,Пн: 10:00-18:00; Вт: 10:00-18:00; Ср: 10:00-18:00; Чт: 10:00-18:00; Пт: 10:00-18:00,C
"улица Лермонтова, 257",Буровые работы,+73952798745,Буровые работы,Иркутск,75,office@ifrnb.ru,true,true,false,1548640653172744,52.250363,2GIS,104.265981,"РН-бурение, буровая компания",+73952798745,664033,3.6,13,5,2026-10-09T03:03:38.782431+00:00,Иркутск,бурение скважин,,https://2gis.ru/firm/1548640653172744,,"Пн: 08:30-13:00, 14:00-18:00; Вт: 08:30-13:00, 14:00-18:00; Ср: 08:30-13:00, 14:00-18:00; Чт: 08:30-13:00, 14:00-18:00; Пт: 08:30-13:00, 14:00-18:00",A
"Геологическая улица, 4Б","Буровые работы, Памятники и надгробия, Геологоразведочные работы, Песок и щебень, Облицовочный камень","+73952495038, +73952495040, +73952495056, +73952495062",Буровые работы,Иркутск,100,sosnovgeo@mail.ru,true,true,true,1548640653408583,52.437521,2GIS,104.157075,Сосновгео,+73952495038,664517,4,18,5,2026-10-09T03:03:38.861772+00:00,Иркутск,бурение скважин,,https://2gis.ru/firm/1548640653408583,http://www.sosnovgeo.ru,"Пн: 08:00-12:00, 13:00-17:00; Вт: 08:00-12:00, 13:00-17:00; Ср: 08:00-12:00, 13:00-17:00; Чт: 08:00-12:00, 13:00-17:00; Пт: 08:00-12:00, 13:00-17:00",A
,"Буровые работы, Геологические работы, Взрывные работы, Спецтехника",+79247775578,Буровые работы,Иркутск,40,,false,true,false,70000001114503131,,2GIS,,БВК,+79247775578,,,,,2026-10-09T03:03:38.904512+00:00,Иркутск,бурение скважин,,https://2gis.ru/firm/70000001114503131,,,B
"улица Розы Люксембург, 164/1","Буровые работы, Наружное отопление, водоснабжение, канализация, Насосное оборудование, Внутренние системы отопления, водоснабжения, канализации, Локальные очистные сооружения",+73952503690,Буровые работы,Иркутск,100,inbox@fortes-group.ru,true,true,true,70000001019508804,52.349368,2GIS,104.182223,"Фортес, центр инженерных решений",+73952503690,664040,4.5,71,65,2026-10-09T03:03:38.933640+00:00,Иркутск,бурение скважин,,https://2gis.ru/firm/70000001019508804,http://bur.fortes-dom.ru,Пн: 09:00-18:00; Вт: 09:00-18:00; Ср: 09:00-18:00; Чт: 09:00-18:00; Пт: 09:00-18:00,C
"Ракитная улица, 18-а","Буровые работы, Стройматериалы, Железобетонные изделия, Материалы для дорожного строительства","+73952676119, +79025776119, +79025777774",Буровые работы,Иркутск,75,727778@mail.ru,true,true,false,1548640652902141,52.279577,2GIS,104.215248,Мельниковский завод ЖБИ,+73952676119,664043,4.7,14,6,2026-10-09T03:03:38.963547+00:00,Иркутск,бурение скважин,"whatsapp:https://wa.me/79025777774?text=%D0%97%D0%B4%D1%80%D0%B0%D0%B2%D1%81%D1%82%D0%B2%D1%83%D0%B9%D1%82%D0%B5!%0A%0A%D0%9F%D0%B8%D1%88%D1%83%20%D0%B8%D0%B7%20%D0%BF%D1%80%D0%B8%D0%BB%D0%BE%D0%B6%D0%B5%D0%BD%D0%B8%D1%8F%202%D0%93%D0%98%D0%A1.%0A%0A, telegram:https://t.me/+79025777774",https://2gis.ru/firm/1548640652902141,,Пн: 08:00-20:00; Вт: 08:00-20:00; Ср: 08:00-20:00; Чт: 08:00-20:00; Пт: 08:00-20:00; Сб: 08:00-20:00; Вс: 08:00-20:00,C
"улица Габдуллы Тукая, 115 к1","Буровые работы, Насосное оборудование, Товары для отопления, водоснабжения, канализации, Оборудование для очистки воды","+78432583938, +78432600907",Буровые работы,Казань,100,aquastroy_group@mail.ru,true,true,true,70000001035090601,55.766917,2GIS,49.126601,"Аквастрой, торгово-сервисная компания",+78432583938,420021,4.2,57,39,2026-10-09T03:03:11.216619+00:00,Казань,бурение скважин,"whatsapp:https://wa.me/79600483938?text=%D0%97%D0%B4%D1%80%D0%B0%D0%B2%D1%81%D1%82%D0%B2%D1%83%D0%B9%D1%82%D0%B5!%0A%0A%D0%9F%D0%B8%D1%88%D1%83%20%D0%B8%D0%B7%20%D0%BF%D1%80%D0%B8%D0%BB%D0%BE%D0%B6%D0%B5%D0%BD%D0%B8%D1%8F%202%D0%93%D0%98%D0%A1.%0A%0A, telegram:https://t.me/+79600483938",https://2gis.ru/firm/70000001035090601,http://aquastroy-group.ru,Пн: 08:00-18:00; Вт: 08:00-18:00; Ср: 08:00-18:00; Чт: 08:00-18:00; Пт: 08:00-18:00; Сб: 09:00-17:00; Вс: 09:00-17:00,C
"улица Космонавтов, 59","Буровые работы, Лицензирование, Гидрогеологические работы, Геологические работы, Экологические работы","+78432487157, +78432487427, +78432487407, +78435902861",Буровые работы,Казань,90,gbugeocentr@mail.ru,true,true,true,70000001042341041,55.794989,2GIS,49.20271,НПО Геоцентр РТ,+78432487157,420061,,,,2026-10-09T03:03:11.294883+00:00,Казань,бурение скважин,,https://2gis.ru/firm/70000001042341041,http://geocentr.tatarstan.ru,"Пн: 08:00-12:00, 12:45-17:00; Вт: 08:00-12:00, 12:45-17:00; Ср: 08:00-12:00, 12:45-17:00; Чт: 08:00-12:00, 12:45-17:00; Пт: 08:00-12:00, 12:45-15:45",A
"улица Леваневского, 2а","Буровые работы, Локальные очистные сооружения, Алмазное бурение и резка, Наружное отопление, водоснабжение, канализация",+79600484172,Буровые работы,Казань,75,smr-kazan@yandex.ru,true,true,false,70000001032209357,55.845064,2GIS,49.081878,"ГринТек, компания по продаже септиков, погребов и скважин",+79600484172,420036,4.9,31,28,2026-10-09T03:03:11.359492+00:00,Казань,бурение скважин,"whatsapp:https://wa.me/79600484172?text=%D0%97%D0%B4%D1%80%D0%B0%D0%B2%D1%81%D1%82%D0%B2%D1%83%D0%B9%D1%82%D0%B5!%0A%0A%D0%9F%D0%B8%D1%88%D1%83%20%D0%B8%D0%B7%20%D0%BF%D1%80%D0%B8%D0%BB%D0%BE%D0%B6%D0%B5%D0%BD%D0%B8%D1%8F%202%D0%93%D0%98%D0%A1.%0A%0A, whatsapp:https://wa.me/79046627997?text=%D0%97%D0%B4%D1%80%D0%B0%D0%B2%D1%81%D1%82%D0%B2%D1%83%D0%B9%D1%82%D0%B5!%0A%0A%D0%9F%D0%B8%D1%88%D1%83%20%D0%B8%D0%B7%20%D0%BF%D1%80%D0%B8%D0%BB%D0%BE%D0%B6%D0%B5%D0%BD%D0%B8%D1%8F%202%D0%93%D0%98%D0%A1.%0A%0A, whatsapp:https://wa.me/79600469133?text=%D0%97%D0%B4%D1%80%D0%B0%D0%B2%D1%81%D1%82%D0%B2%D1%83%D0%B9%D1%82%D0%B5!%0A%0A%D0%9F%D0%B8%D1%88%D1%83%20%D0%B8%D0%B7%20%D0%BF%D1%80%D0%B8%D0%BB%D0%BE%D0%B6%D0%B5%D0%BD%D0%B8%D1%8F%202%D0%93%D0%98%D0%A1.%0A%0A, telegram:https://t.me/+79600469133, telegram:https://t.me/+79046627997",https://2gis.ru/firm/70000001032209357,,Пн: 08:00-18:00; Вт: 08:00-18:00; Ср: 08:00-18:00; Чт: 08:00-18:00; Пт: 08:00-18:00; Сб: 08:00-18:00; Вс: 08:00-18:00,C
"улица Васильченко, 1 к153а","Буровые работы, Оборудование для очистки воды, Железобетонные изделия, Наружное отопление, водоснабжение, канализация, Системы водоотведения",+79172832433,Буровые работы,Казань,90,septikprofi@yandex.ru,true,true,true,2956016536932675,55.836044,2GIS,49.058003,"Септик профи, офис",+79172832433,420095,,,,2026-10-09T03:03:11.392357+00:00,Казань,бурение скважин,,https://2gis.ru/firm/2956016536932675,http://septikprofi.ru,Пн: 09:00-18:00; Вт: 09:00-18:00; Ср: 09:00-18:00; Чт: 09:00-18:00; Пт: 09:00-18:00; Сб: 09:00-13:00,C
"Тулпар улица, 7","Буровые работы, Промышленная химия, Добыча полезных ископаемых","88002008698, +78432220200",Буровые работы,Казань,100,info@baulux-group.ru,true,true,true,2956015537022818,55.785273,2GIS,49.189138,"Баулюкс, производственная компания",88002008698,420081,3.1,3,2,2026-10-09T03:03:11.432365+00:00,Казань,бурение скважин,telegram:https://t.me/+79053128888,https://2gis.ru/firm/2956015537022818,http://bentolux.ru,"Пн: 08:00-12:00, 13:00-17:15; Вт: 08:00-12:00, 13:00-17:15; Ср: 08:00-12:00, 13:00-17:15; Чт: 08:00-12:00, 13:00-17:15; Пт: 08:00-12:00, 13:00-17:15",B
"улица Габдуллы Тукая, 115 к3","Буровые работы, Проектирование инженерных систем","+78432409333, +79673728232, +79662409333",Буровые работы,Казань,100,ps.116@mail.ru,true,true,true,70000001044893073,55.765975,2GIS,49.127151,"Премиум Строй, компания",+78432409333,420021,5,3,2,2026-10-09T03:03:11.513555+00:00,Казань,бурение скважин,"whatsapp:https://wa.me/79662409333?text=%D0%97%D0%B4%D1%80%D0%B0%D0%B2%D1%81%D1%82%D0%B2%D1%83%D0%B9%D1%82%D0%B5!%0A%0A%D0%9F%D0%B8%D1%88%D1%83%20%D0%B8%D0%B7%20%D0%BF%D1%80%D0%B8%D0%BB%D0%BE%D0%B6%D0%B5%D0%BD%D0%B8%D1%8F%202%D0%93%D0%98%D0%A1.%0A%0A, whatsapp:https://wa.me/79673728232?text=%D0%97%D0%B4%D1%80%D0%B0%D0%B2%D1%81%D1%82%D0%B2%D1%83%D0%B9%D1%82%D0%B5!%0A%0A%D0%9F%D0%B8%D1%88%D1%83%20%D0%B8%D0%B7%20%D0%BF%D1%80%D0%B8%D0%BB%D0%BE%D0%B6%D0%B5%D0%BD%D0%B8%D1%8F%202%D0%93%D0%98%D0%A1.%0A%0A, telegram:https://t.me/premiumgnb",https://2gis.ru/firm/70000001044893073,http://premiumgnb.ru,Пн: 08:00-18:00; Вт: 08:00-18:00; Ср: 08:00-18:00; Чт: 08:00-18:00; Пт: 08:00-18:00,B
"улица Журналистов, 57а к1","Буровые работы, Котельное оборудование, Насосное оборудование, Оборудование для очистки воды, Тёплые полы, Товары для отопления, водоснабжения, канализации, Газовое оборудование",+78432960318,Буровые работы,Казань,75,liderkazan23@yandex.ru,true,true,false,70000001083332821,55.829069,2GIS,49.19532,"АкваЛидер, компания",+78432960318,420053,5,12,10,2026-10-09T03:03:11.556122+00:00,Казань,бурение скважин,whatsapp:https://wa.me/79872960318?text=%D0%97%D0%B4%D1%80%D0%B0%D0%B2%D1%81%D1%82%D0%B2%D1%83%D0%B9%D1%82%D0%B5!%0A%0A%D0%9F%D0%B8%D1%88%D1%83%20%D0%B8%D0%B7%20%D0%BF%D1%80%D0%B8%D0%BB%D0%BE%D0%B6%D0%B5%D0%BD%D0%B8%D1%8F%202%D0%93%D0%98%D0%A1.%0A%0A,https://2gis.ru/firm/70000001083332821,,Пн: 09:00-17:00; Вт: 09:00-17:00; Ср: 09:00-17:00; Чт: 09:00-17:00; Пт: 09:00-17:00; Сб: 09:00-14:30; Вс: 09:00-14:30,C
"улица Владимира Кулагина, 15","Буровые работы, Строительство и обслуживание электросетей, Электромонтажные работы, Ремонт промышленного оборудования, Промышленное строительство",+78432410490,Буровые работы,Казань,90,office@svsess.ru,true,true,true,2956015536545644,55.742281,2GIS,49.129701,"Средневолжсксельэлектросетьстрой, строительная компания",+78432410490,420054,,,,2026-10-09T03:03:11.600927+00:00,Казань,бурение скважин,,https://2gis.ru/firm/2956015536545644,http://svsess.ru,"Пн: 08:00-12:00, 13:00-17:00; Вт: 08:00-12:00, 13:00-17:00; Ср: 08:00-12:00, 13:00-17:00; Чт: 08:00-12:00, 13:00-17:00; Пт: 08:00-12:00, 13:00-17:00",C
"Волгоградская улица, 49","Буровые работы, Междугородные автогрузоперевозки",+78432053155,Буровые работы,Казань,65,ac.transavto@mail.ru,true,true,false,70000001031687530,55.83086,2GIS,49.104306,"Ас-трансавто, компания",+78432053155,420044,,,,2026-10-09T03:03:11.635346+00:00,Казань,бурение скважин,,https://2gis.ru/firm/70000001031687530,,"Пн: 08:30-12:00, 13:00-17:00; Вт: 08:30-12:00, 13:00-17:00; Ср: 08:30-12:00, 13:00-17:00; Чт: 08:30-12:00, 13:00-17:00; Пт: 08:30-12:00, 13:00-17:00",B
"Товарищеская улица, 34","Буровые работы, Геологические работы, Геодезические работы, Экологические работы, Гидрогеологические работы","+78432009795, +78432978131, +79872978131, +78432009796",Буровые работы,Казань,100,gits-kazan@bk.ru,true,true,true,70000001063902001,55.785065,2GIS,49.153587,ГИЦ,+78432009795,420097,1.7,3,1,2026-10-09T03:03:11.673267+00:00,Казань,бурение скважин,"whatsapp:https://wa.me/79872950585?text=%D0%97%D0%B4%D1%80%D0%B0%D0%B2%D1%81%D1%82%D0%B2%D1%83%D0%B9%D1%82%D0%B5!%0A%0A%D0%9F%D0%B8%D1%88%D1%83%20%D0%B8%D0%B7%20%D0%BF%D1%80%D0%B8%D0%BB%D0%BE%D0%B6%D0%B5%D0%BD%D0%B8%D1%8F%202%D0%93%D0%98%D0%A1.%0A%0A, telegram:https://t.me/+79872950585",https://2gis.ru/firm/70000001063902001,http://gicentr.ru,Пн: 08:00-17:00; Вт: 08:00-17:00; Ср: 08:00-17:00; Чт: 08:00-17:00; Пт: 08:00-17:00,A
"улица Аделя Кутуя, 163а","Буровые работы, Геологические работы","+79375251237, +79047153518",Буровые работы,Казань,75,davletgaraev92@mail.ru,true,true,false,70000001059933428,55.768456,2GIS,49.190715,"КазБурСервис, склад",+79375251237,420087,5,2,1,2026-10-09T03:03:11.715101+00:00,Казань,бурение скважин,whatsapp:https://wa.me/79375251237?text=%D0%97%D0%B4%D1%80%D0%B0%D0%B2%D1%81%D1%82%D0%B2%D1%83%D0%B9%D1%82%D0%B5!%0A%0A%D0%9F%D0%B8%D1%88%D1%83%20%D0%B8%D0%B7%20%D0%BF%D1%80%D0%B8%D0%BB%D0%BE%D0%B6%D0%B5%D0%BD%D0%B8%D1%8F%202%D0%93%D0%98%D0%A1.%0A%0A,https://2gis.ru/firm/70000001059933428,,Пн: 08:00-18:00; Вт: 08:00-18:00; Ср: 08:00-18:00; Чт: 08:00-18:00; Пт: 08:00-18:00; Сб: 08:00-18:00; Вс: 08:00-18:00,B
"улица Гагарина, 87","Буровые работы, Геодезические работы, Геологические работы, Экологические работы, Гидрогеологические работы",+79300356221,Буровые работы,Казань,100,info@ikga.ru,true,true,true,70000001019576982,55.837042,2GIS,49.084967,"ГеоАльянс, изыскательская компания",+79300356221,420039,5,9,8,2026-10-09T03:03:11.764280+00:00,Казань,бурение скважин,"whatsapp:https://wa.me/79300356221?text=%D0%97%D0%B4%D1%80%D0%B0%D0%B2%D1%81%D1%82%D0%B2%D1%83%D0%B9%D1%82%D0%B5!%0A%0A%D0%9F%D0%B8%D1%88%D1%83%20%D0%B8%D0%B7%20%D0%BF%D1%80%D0%B8%D0%BB%D0%BE%D0%B6%D0%B5%D0%BD%D0%B8%D1%8F%202%D0%93%D0%98%D0%A1.%0A%0A, telegram:https://t.me/+79300356221",https://2gis.ru/firm/70000001019576982,http://ikga.ru,"Пн: 08:00-12:00, 13:00-17:00; Вт: 08:00-12:00, 13:00-17:00; Ср: 08:00-12:00, 13:00-17:00; Чт: 08:00-12:00, 13:00-17:00; Пт: 08:00-12:00, 13:00-17:00",A
"Михаила Миля, 61 ст1","Буровые работы, Наружное отопление, водоснабжение, канализация, Строительство и обслуживание наружного газоснабжения, Строительство и обслуживание электросетей, Насосное оборудование","+79033887788, +78432537788",Буровые работы,Казань,100,info@gnb16.ru,true,true,true,70000001042814480,55.8495,2GIS,49.128446,ПрофГНБ+,+79033887788,420127,5,9,8,2026-10-09T03:03:11.822059+00:00,Казань,бурение скважин,telegram:https://t.me/+79033887788,https://2gis.ru/firm/70000001042814480,http://gnb16.ru,Пн: 08:00-20:00; Вт: 08:00-20:00; Ср: 08:00-20:00; Чт: 08:00-20:00; Пт: 08:00-20:00; Сб: 09:00-18:00; Вс: 09:00-18:00,C
"улица Родины, 2","Буровые работы, Товары для отопления, водоснабжения, канализации, Внутренние системы отопления, водоснабжения, канализации, Промышленные трубы","+78432971620, +78432758333, +78432758366",Буровые работы,Казань,90,275-8333@mail.ru,true,true,true,2956015537062261,55.776382,2GIS,49.194705,"Регионтрубснаб, торговая компания",+78432971620,420087,,6,,2026-10-09T03:03:11.875794+00:00,Казань,бурение скважин,,https://2gis.ru/firm/2956015537062261,http://trubsnab.net,Пн: 08:30-16:00; Вт: 08:30-16:00; Ср: 08:30-16:00; Чт: 08:30-16:00; Пт: 08:30-16:00,C
"Большая Красная улица, 49","Буровые работы, Аренда спецтехники, Песок и щебень","+79172981255, +79869189099, +79297262888",Буровые работы,Казань,65,tahion_plus@mail.ru,true,true,false,70000001036101861,55.796934,2GIS,49.131472,"Альфа, многопрофильная компания",+79172981255,420015,,,,2026-10-09T03:03:11.952939+00:00,Казань,бурение скважин,"whatsapp:https://wa.me/79172981255?text=%D0%97%D0%B4%D1%80%D0%B0%D0%B2%D1%81%D1%82%D0%B2%D1%83%D0%B9%D1%82%D0%B5!%0A%0A%D0%9F%D0%B8%D1%88%D1%83%20%D0%B8%D0%B7%20%D0%BF%D1%80%D0%B8%D0%BB%D0%BE%D0%B6%D0%B5%D0%BD%D0%B8%D1%8F%202%D0%93%D0%98%D0%A1.%0A%0A, whatsapp:https://wa.me/79869189099?text=%D0%97%D0%B4%D1%80%D0%B0%D0%B2%D1%81%D1%82%D0%B2%D1%83%D0%B9%D1%82%D0%B5!%0A%0A%D0%9F%D0%B8%D1%88%D1%83%20%D0%B8%D0%B7%20%D0%BF%D1%80%D0%B8%D0%BB%D0%BE%D0%B6%D0%B5%D0%BD%D0%B8%D1%8F%202%D0%93%D0%98%D0%A1.%0A%0A, whatsapp:https://wa.me/79297262888?text=%D0%97%D0%B4%D1%80%D0%B0%D0%B2%D1%81%D1%82%D0%B2%D1%83%D0%B9%D1%82%D0%B5!%0A%0A%D0%9F%D0%B8%D1%88%D1%83%20%D0%B8%D0%B7%20%D0%BF%D1%80%D0%B8%D0%BB%D0%BE%D0%B6%D0%B5%D0%BD%D0%B8%D1%8F%202%D0%93%D0%98%D0%A1.%0A%0A",https://2gis.ru/firm/70000001036101861,,"Пн: 09:00-12:00, 13:00-17:00; Вт: 09:00-12:00, 13:00-17:00; Ср: 09:00-12:00, 13:00-17:00; Чт: 09:00-12:00, 13:00-17:00; Пт: 09:00-12:00, 13:00-17:00",C
,"Буровые работы, Земляные работы, Прочистка дымоходов, Монтаж климатических систем",+79934691814,Буровые работы,Казань,90,dir.bris@yandex.ru,true,true,true,70000001080437142,,2GIS,,Брис,+79934691814,,,,,2026-10-09T03:03:12.068512+00:00,Казань,бурение скважин,,https://2gis.ru/firm/70000001080437142,http://xn--80abmbuwcimjl9e.xn--p1ai,Пн: 09:00-18:00; Вт: 09:00-18:00; Ср: 09:00-18:00; Чт: 09:00-18:00; Пт: 09:00-18:00,C
"улица Журналистов, 60","Буровые работы, Геологические работы, Гидрогеологические работы","+78432731785, +78432731796",Буровые работы,Казань,90,tgru@tatneft.ru,true,true,true,2956015537018240,55.826763,2GIS,49.197821,Татарское геологоразведочное управление,+78432731785,420053,,,,2026-10-09T03:03:12.089270+00:00,Казань,бурение скважин,,https://2gis.ru/firm/2956015537018240,http://tgru.tatneft.ru,"Пн: 08:00-12:00, 13:00-17:00; Вт: 08:00-12:00, 13:00-17:00; Ср: 08:00-12:00, 13:00-17:00; Чт: 08:00-12:00, 13:00-17:00; Пт: 08:00-12:00, 13:00-17:00",A
"улица Табейкина, 19а","Буровые работы, Геологические работы, Гидрогеологические работы, Геодезические работы","+78432391020, +79518956040, +79276720673",Буровые работы,Казань,100,tatgeogroup@yandex.ru,true,true,true,70000001022652982,55.808058,2GIS,49.073942,"Татгеогрупп, компания",+78432391020,420032,5,5,3,2026-10-09T03:03:12.128953+00:00,Казань,бурение скважин,"whatsapp:https://wa.me/79276720673?text=%D0%97%D0%B4%D1%80%D0%B0%D0%B2%D1%81%D1%82%D0%B2%D1%83%D0%B9%D1%82%D0%B5!%0A%0A%D0%9F%D0%B8%D1%88%D1%83%20%D0%B8%D0%B7%20%D0%BF%D1%80%D0%B8%D0%BB%D0%BE%D0%B6%D0%B5%D0%BD%D0%B8%D1%8F%202%D0%93%D0%98%D0%A1.%0A%0A, whatsapp:https://wa.me/79518956040?text=%D0%97%D0%B4%D1%80%D0%B0%D0%B2%D1%81%D1%82%D0%B2%D1%83%D0%B9%D1%82%D0%B5!%0A%0A%D0%9F%D0%B8%D1%88%D1%83%20%D0%B8%D0%B7%20%D0%BF%D1%80%D0%B8%D0%BB%D0%BE%D0%B6%D0%B5%D0%BD%D0%B8%D1%8F%202%D0%93%D0%98%D0%A1.%0A%0A",https://2gis.ru/firm/70000001022652982,http://xn--80agah9bhagmbq.xn--p1ai,"Пн: 09:00-12:00, 13:00-18:00; Вт: 09:00-12:00, 13:00-18:00; Ср: 09:00-12:00, 13:00-18:00; Чт: 09:00-12:00, 13:00-18:00; Пт: 09:00-12:00, 13:00-18:00",A
"улица Журналистов, 62","Буровые работы, Оборудование для очистки воды, Товары для отопления, водоснабжения, канализации, Насосное оборудование, Гидрогеологические работы","+78432584600, +79600484600",Буровые работы,Казань,100,bur-kazan@mail.ru,true,true,true,2956016536723627,55.831881,2GIS,49.195542,"СпецВодСтрой, компания по бурению скважин на воду",+78432584600,420053,5,7,7,2026-10-09T03:03:12.168842+00:00,Казань,бурение скважин,whatsapp:https://wa.me/79600484600?text=%D0%97%D0%B4%D1%80%D0%B0%D0%B2%D1%81%D1%82%D0%B2%D1%83%D0%B9%D1%82%D0%B5!%0A%0A%D0%9F%D0%B8%D1%88%D1%83%20%D0%B8%D0%B7%20%D0%BF%D1%80%D0%B8%D0%BB%D0%BE%D0%B6%D0%B5%D0%BD%D0%B8%D1%8F%202%D0%93%D0%98%D0%A1.%0A%0A,https://2gis.ru/firm/2956016536723627,http://bur-kazan.ru/,Пн: 08:00-18:00; Вт: 08:00-18:00; Ср: 08:00-18:00; Чт: 08:00-18:00; Пт: 08:00-18:00,A
"улица Митрофана Седина, 16","Буровые работы, Оборудование для очистки воды",+79882478824,Буровые работы,Краснодар,100,zakaz@comkpd.ru,true,true,true,70000001021848864,45.018089,2GIS,38.975214,"Байкал, компания по продаже оборудования для фильтрации воды",+79882478824,350063,5,19,19,2026-10-09T03:06:43.578640+00:00,Краснодар,бурение скважин,whatsapp:https://wa.me/79882478824?text=%D0%97%D0%B4%D1%80%D0%B0%D0%B2%D1%81%D1%82%D0%B2%D1%83%D0%B9%D1%82%D0%B5!%0A%0A%D0%9F%D0%B8%D1%88%D1%83%20%D0%B8%D0%B7%20%D0%BF%D1%80%D0%B8%D0%BB%D0%BE%D0%B6%D0%B5%D0%BD%D0%B8%D1%8F%202%D0%93%D0%98%D0%A1.%0A%0A,https://2gis.ru/firm/70000001021848864,http://baikal-filter.ru,Пн: 10:00-19:00; Вт: 10:00-19:00; Ср: 10:00-19:00; Чт: 10:00-19:00; Пт: 10:00-19:00,C
"Северная улица, 490",Буровые работы,,Буровые работы,Краснодар,0,,false,false,false,70000001094746039,45.036791,2GIS,38.99644,"Газпром бурение, буровая компания",,350002,,,,2026-10-09T03:06:43.637624+00:00,Краснодар,бурение скважин,,https://2gis.ru/firm/70000001094746039,,Пн: 00:00-24:00; Вт: 00:00-24:00; Ср: 00:00-24:00; Чт: 00:00-24:00; Пт: 00:00-24:00,A
"улица Новокузнечная, 43","Буровые работы, Геодезические работы, Проектирование инженерных систем",+78612040402,Буровые работы,Краснодар,90,rusinteko@mail.ru,true,true,true,3237490513173094,45.04076,2GIS,38.981919,"Русинтеко, проектно-изыскательская компания",+78612040402,350015,,1,,2026-10-09T03:06:43.656162+00:00,Краснодар,бурение скважин,telegram:https://t.me/rusinteko,https://2gis.ru/firm/3237490513173094,http://rusinteko.ru,"Пн: 08:00-12:00, 13:00-17:00; Вт: 08:00-12:00, 13:00-17:00; Ср: 08:00-12:00, 13:00-17:00; Чт: 08:00-12:00, 13:00-17:00; Пт: 08:00-12:00, 13:00-17:00",B
"Коммунальная улица, 85","Буровые работы, Насосное оборудование","+79283332457, +79183993444",Буровые работы,Краснодар,65,,false,true,true,70000001102918334,45.213765,2GIS,39.216956,"Водоток, компания",+79283332457,353204,,1,,2026-10-09T03:06:43.706902+00:00,Краснодар,бурение скважин,whatsapp:https://wa.me/79283332457?text=%D0%97%D0%B4%D1%80%D0%B0%D0%B2%D1%81%D1%82%D0%B2%D1%83%D0%B9%D1%82%D0%B5!%0A%0A%D0%9F%D0%B8%D1%88%D1%83%20%D0%B8%D0%B7%20%D0%BF%D1%80%D0%B8%D0%BB%D0%BE%D0%B6%D0%B5%D0%BD%D0%B8%D1%8F%202%D0%93%D0%98%D0%A1.%0A%0A,https://2gis.ru/firm/70000001102918334,http://vodotok-dinskaya.ru,Пн: 09:00-14:00; Вт: 09:00-14:00; Ср: 09:00-14:00; Чт: 09:00-14:00; Пт: 09:00-14:00; Сб: 09:00-14:00; Вс: 09:00-14:00,B
"улица Красных Партизан, 371","Буровые работы, Геологические работы, Геодезические работы, Свайные работы, Экологические работы","+78612266999, +79654601010, +79615101121",Буровые работы,Краснодар,65,5101121@mail.ru,true,true,false,3237490513486005,45.052606,2GIS,38.948564,Центр инженерных изысканий,+78612266999,350049,,,,2026-10-09T03:06:43.725625+00:00,Краснодар,бурение скважин,"whatsapp:https://wa.me/79654601010?text=%D0%97%D0%B4%D1%80%D0%B0%D0%B2%D1%81%D1%82%D0%B2%D1%83%D0%B9%D1%82%D0%B5!%0A%0A%D0%9F%D0%B8%D1%88%D1%83%20%D0%B8%D0%B7%20%D0%BF%D1%80%D0%B8%D0%BB%D0%BE%D0%B6%D0%B5%D0%BD%D0%B8%D1%8F%202%D0%93%D0%98%D0%A1.%0A%0A, whatsapp:https://wa.me/79615101121?text=%D0%97%D0%B4%D1%80%D0%B0%D0%B2%D1%81%D1%82%D0%B2%D1%83%D0%B9%D1%82%D0%B5!%0A%0A%D0%9F%D0%B8%D1%88%D1%83%20%D0%B8%D0%B7%20%D0%BF%D1%80%D0%B8%D0%BB%D0%BE%D0%B6%D0%B5%D0%BD%D0%B8%D1%8F%202%D0%93%D0%98%D0%A1.%0A%0A",https://2gis.ru/firm/3237490513486005,,Пн: 09:00-18:00; Вт: 09:00-18:00; Ср: 09:00-18:00; Чт: 09:00-18:00; Пт: 09:00-18:00,A
"улица Академика Королёва, 26","Буровые работы, Промышленное строительство","+78612289722, +78612289737, +78612289738",Буровые работы,Краснодар,65,,false,true,true,70000001076813652,45.116609,2GIS,39.041054,ЮгЭнергоМонтаж,+78612289722,350087,,,,2026-10-09T03:06:43.756781+00:00,Краснодар,бурение скважин,,https://2gis.ru/firm/70000001076813652,http://xn--l1a7ac.xn--p1ai,Пн: 09:00-17:00; Вт: 09:00-17:00; Ср: 09:00-17:00; Чт: 09:00-17:00; Пт: 09:00-17:00; Сб: 09:00-15:00,B
"Благодарная улица, 1","Буровые работы, Свайные работы, Геодезические работы",+78612741990,Буровые работы,Краснодар,75,graviton2010@mail.ru,true,true,false,3237490513327396,45.038986,2GIS,39.019814,"Гравитон, многопрофильная фирма",+78612741990,350059,1,2,1,2026-10-09T03:06:43.770766+00:00,Краснодар,бурение скважин,,https://2gis.ru/firm/3237490513327396,,"Пн: 08:00-12:00, 13:00-17:00; Вт: 08:00-12:00, 13:00-17:00; Ср: 08:00-12:00, 13:00-17:00; Чт: 08:00-12:00, 13:00-17:00; Пт: 08:00-12:00, 13:00-17:00",A
"Красная улица, 145/1","Буровые работы, Гидрогеологические работы, Геологические работы, Экологические работы, Проектирование инженерных систем","+78612156618, +78612156617, +78612156765, +78612156764, +78612156619",Буровые работы,Краснодар,100,info@kuban-geo.ru,true,true,true,3237490513173124,45.047248,2GIS,38.977878,Кубань-гидроспецгеология,+78612156618,350020,4.7,3,3,2026-10-09T03:06:43.788183+00:00,Краснодар,бурение скважин,,https://2gis.ru/firm/3237490513173124,http://kuban-geo.ru,"Пн: 09:00-12:00, 13:00-17:00; Вт: 09:00-12:00, 13:00-17:00; Ср: 09:00-12:00, 13:00-17:00; Чт: 09:00-12:00, 13:00-17:00; Пт: 09:00-12:00, 13:00-16:00",A
"улица Красных Партизан, 216",Буровые работы,+79994131444,Буровые работы,Краснодар,100,info@standart-stroi.ru,true,true,true,70000001083764800,45.049388,2GIS,38.967173,"Стандарт строй, офис",+79994131444,350049,1,1,1,2026-10-09T03:06:43.820628+00:00,Краснодар,бурение скважин,"whatsapp:https://wa.me/79994131444?text=%D0%97%D0%B4%D1%80%D0%B0%D0%B2%D1%81%D1%82%D0%B2%D1%83%D0%B9%D1%82%D0%B5!%0A%0A%D0%9F%D0%B8%D1%88%D1%83%20%D0%B8%D0%B7%20%D0%BF%D1%80%D0%B8%D0%BB%D0%BE%D0%B6%D0%B5%D0%BD%D0%B8%D1%8F%202%D0%93%D0%98%D0%A1.%0A%0A, telegram:https://t.me/+79994131444",https://2gis.ru/firm/70000001083764800,http://standart-stroi.ru,Пн: 08:00-18:00; Вт: 08:00-18:00; Ср: 08:00-18:00; Чт: 08:00-18:00; Пт: 08:00-18:00,A
"улица Захарова, 35/1","Буровые работы, Геодезические работы, Геофизические работы, Гидрогеологические работы, Экологические работы",+78612678192,Буровые работы,Краснодар,100,mail@sktisiz.ru,true,true,true,3237490513157723,45.008924,2GIS,38.967254,"СевКавТисиз, инженерно-изыскательская фирма",+78612678192,350007,3.2,5,2,2026-10-09T03:06:43.837948+00:00,Краснодар,бурение скважин,"whatsapp:https://wa.me/78612678192?text=%D0%97%D0%B4%D1%80%D0%B0%D0%B2%D1%81%D1%82%D0%B2%D1%83%D0%B9%D1%82%D0%B5!%0A%0A%D0%9F%D0%B8%D1%88%D1%83%20%D0%B8%D0%B7%20%D0%BF%D1%80%D0%B8%D0%BB%D0%BE%D0%B6%D0%B5%D0%BD%D0%B8%D1%8F%202%D0%93%D0%98%D0%A1.%0A%0A, telegram:https://t.me/polevik_traveler",https://2gis.ru/firm/3237490513157723,http://sktisiz.ru,"Пн: 08:00-12:00, 13:00-17:00; Вт: 08:00-12:00, 13:00-17:00; Ср: 08:00-12:00, 13:00-17:00; Чт: 08:00-12:00, 13:00-17:00; Пт: 08:00-12:00, 13:00-17:00",A
"Онежская улица, 62","Буровые работы, Проектирование инженерных систем, Наружное отопление, водоснабжение, канализация","+78612313624, +79885280064",Буровые работы,Краснодар,100,scvart@yandex.ru,true,true,true,3237490513158598,45.032812,2GIS,39.067123,"Фирма Скварт, компания по буровым работам",+78612313624,350018,3,2,2,2026-10-09T03:06:43.866393+00:00,Краснодар,бурение скважин,whatsapp:https://wa.me/79885280064?text=%D0%97%D0%B4%D1%80%D0%B0%D0%B2%D1%81%D1%82%D0%B2%D1%83%D0%B9%D1%82%D0%B5!%0A%0A%D0%9F%D0%B8%D1%88%D1%83%20%D0%B8%D0%B7%20%D0%BF%D1%80%D0%B8%D0%BB%D0%BE%D0%B6%D0%B5%D0%BD%D0%B8%D1%8F%202%D0%93%D0%98%D0%A1.%0A%0A,https://2gis.ru/firm/3237490513158598,http://scvart.ru,Пн: 08:00-17:00; Вт: 08:00-17:00; Ср: 08:00-17:00; Чт: 08:00-17:00; Пт: 08:00-17:00,C
"Октябрьская улица, 133",Буровые работы,+78612791203,Буровые работы,Краснодар,100,kbg_reception@krb.burgaz.ru,true,true,true,3237490513158607,45.031806,2GIS,38.968202,"Газпром бурение, буровая компания",+78612791203,350000,4.1,8,4,2026-10-09T03:06:43.912556+00:00,Краснодар,бурение скважин,,https://2gis.ru/firm/3237490513158607,http://burgaz.ru,"Пн: 08:00-12:00, 13:00-17:00; Вт: 08:00-12:00, 13:00-17:00; Ср: 08:00-12:00, 13:00-17:00; Чт: 08:00-12:00, 13:00-17:00; Пт: 08:00-12:00, 13:00-16:00",A
"Магистральная улица, 1а",Буровые работы,"+78612340843, +78612343233",Буровые работы,Краснодар,90,ooo_sbk@bk.ru,true,true,true,3237490513158623,45.029714,2GIS,39.063484,"Спецбурводкоммерция, буровая компания",+78612340843,350059,,1,,2026-10-09T03:06:43.949972+00:00,Краснодар,бурение скважин,,https://2gis.ru/firm/3237490513158623,http://xn--90askaas.xn--p1ai,Пн: 08:00-17:00; Вт: 08:00-17:00; Ср: 08:00-17:00; Чт: 08:00-17:00; Пт: 08:00-17:00,A
,"Буровые работы, Свайные работы, Геологические работы, Гидрогеологические работы","+79184391816, +79181885058",Буровые работы,Краснодар,90,kgs1315@mail.ru,true,true,true,3237490513219093,,2GIS,,"Кубаньгеострой, фирма по буровым работам",+79184391816,,,,,2026-10-09T03:06:43.976851+00:00,Краснодар,бурение скважин,"whatsapp:https://wa.me/79181885058?text=%D0%97%D0%B4%D1%80%D0%B0%D0%B2%D1%81%D1%82%D0%B2%D1%83%D0%B9%D1%82%D0%B5!%0A%0A%D0%9F%D0%B8%D1%88%D1%83%20%D0%B8%D0%B7%20%D0%BF%D1%80%D0%B8%D0%BB%D0%BE%D0%B6%D0%B5%D0%BD%D0%B8%D1%8F%202%D0%93%D0%98%D0%A1.%0A%0A, whatsapp:https://wa.me/79184391816?text=%D0%97%D0%B4%D1%80%D0%B0%D0%B2%D1%81%D1%82%D0%B2%D1%83%D0%B9%D1%82%D0%B5!%0A%0A%D0%9F%D0%B8%D1%88%D1%83%20%D0%B8%D0%B7%20%D0%BF%D1%80%D0%B8%D0%BB%D0%BE%D0%B6%D0%B5%D0%BD%D0%B8%D1%8F%202%D0%93%D0%98%D0%A1.%0A%0A, telegram:https://t.me/+79184391816, telegram:https://t.me/+79181885058",https://2gis.ru/firm/3237490513219093,http://kubangeostroy.ru,Пн: 08:00-17:00; Вт: 08:00-17:00; Ср: 08:00-17:00; Чт: 08:00-17:00; Пт: 08:00-17:00,A
,Буровые работы,"+79883888488, +79182235553",Буровые работы,Краснодар,100,kybanvoda@yandex.ru,true,true,true,3237490513252325,,2GIS,,"Кубань вода, компания",+79883888488,,5,1,1,2026-10-09T03:06:43.999358+00:00,Краснодар,бурение скважин,whatsapp:https://wa.me/79883888488?text=%D0%97%D0%B4%D1%80%D0%B0%D0%B2%D1%81%D1%82%D0%B2%D1%83%D0%B9%D1%82%D0%B5!%0A%0A%D0%9F%D0%B8%D1%88%D1%83%20%D0%B8%D0%B7%20%D0%BF%D1%80%D0%B8%D0%BB%D0%BE%D0%B6%D0%B5%D0%BD%D0%B8%D1%8F%202%D0%93%D0%98%D0%A1.%0A%0A,https://2gis.ru/firm/3237490513252325,http://kubanvoda.ru,Пн: 08:00-21:00; Вт: 08:00-21:00; Ср: 08:00-21:00; Чт: 08:00-21:00; Пт: 08:00-21:00; Сб: 08:00-21:00; Вс: 08:00-21:00,A
"Уральская улица, 119/2","Буровые работы, Оборудование для очистки воды, Товары для отопления, водоснабжения, канализации, Строительство бассейнов и аквапарков",+79282289432,Буровые работы,Краснодар,100,h2o-master@mail.ru,true,true,true,3237490513310493,45.0407,2GIS,39.091398,"H2O-мастер, компания",+79282289432,350080,1,1,1,2026-10-09T03:06:44.051906+00:00,Краснодар,бурение скважин,whatsapp:https://wa.me/79282289432?text=%D0%97%D0%B4%D1%80%D0%B0%D0%B2%D1%81%D1%82%D0%B2%D1%83%D0%B9%D1%82%D0%B5!%0A%0A%D0%9F%D0%B8%D1%88%D1%83%20%D0%B8%D0%B7%20%D0%BF%D1%80%D0%B8%D0%BB%D0%BE%D0%B6%D0%B5%D0%BD%D0%B8%D1%8F%202%D0%93%D0%98%D0%A1.%0A%0A,https://2gis.ru/firm/3237490513310493,http://xn-------83dakbocen1a0bgc6blh0alfsj1c4mhr7g.xn--p1ai,"Пн: 09:00-13:00, 14:00-18:00; Вт: 09:00-13:00, 14:00-18:00; Ср: 09:00-13:00, 14:00-18:00; Чт: 09:00-13:00, 14:00-18:00; Пт: 09:00-13:00, 14:00-18:00",C
"Карасунская улица, 60","Буровые работы, Товары для отопления, водоснабжения, канализации, Наружное отопление, водоснабжение, канализация, Котельное оборудование, Архитектурное проектирование","+78612907766, +78612907733, +78612906655",Буровые работы,Краснодар,90,2409911@gmail.com,true,true,true,3237490513409923,45.028606,2GIS,38.968079,Инженерные технологии,+78612907766,350000,,,,2026-10-09T03:06:44.069996+00:00,Краснодар,бурение скважин,,https://2gis.ru/firm/3237490513409923,http://xn----8sbc0ajcx9al7g.xn--p1ai,"Пн: 09:00-12:00, 13:00-18:00; Вт: 09:00-12:00, 13:00-18:00; Ср: 09:00-12:00, 13:00-18:00; Чт: 09:00-12:00, 13:00-18:00; Пт: 09:00-12:00, 13:00-18:00",C
"Сормовская улица, 9а",Буровые работы,"+78612325054, +79002585800, +78612327231, +78612326731",Буровые работы,Краснодар,90,pmkt-info@mail.ru,true,true,true,3237490513463008,45.024969,2GIS,39.06482,"Микротоннель, буровая компания",+78612325054,350018,,1,,2026-10-09T03:06:44.108335+00:00,Краснодар,бурение скважин,,https://2gis.ru/firm/3237490513463008,http://mikrotonnel.com,"Пн: 08:00-12:00, 13:00-18:00; Вт: 08:00-12:00, 13:00-18:00; Ср: 08:00-12:00, 13:00-18:00; Чт: 08:00-12:00, 13:00-18:00; Пт: 08:00-12:00, 13:00-18:00",A
"Ростовское шоссе, 68","Буровые работы, Земляные работы, Свайные работы, Аренда спецтехники, Геологические работы","+79284081627, +79182000220",Буровые работы,Краснодар,100,geoburstroy@mail.ru,true,true,true,3237490513538997,45.132573,2GIS,39.030151,"Геобурстрой, многопрофильная компания",+79284081627,350087,5,3,3,2026-10-09T03:06:44.156559+00:00,Краснодар,бурение скважин,"whatsapp:https://wa.me/79284081627?text=%D0%97%D0%B4%D1%80%D0%B0%D0%B2%D1%81%D1%82%D0%B2%D1%83%D0%B9%D1%82%D0%B5!%0A%0A%D0%9F%D0%B8%D1%88%D1%83%20%D0%B8%D0%B7%20%D0%BF%D1%80%D0%B8%D0%BB%D0%BE%D0%B6%D0%B5%D0%BD%D0%B8%D1%8F%202%D0%93%D0%98%D0%A1.%0A%0A, whatsapp:https://wa.me/79182000220?text=%D0%97%D0%B4%D1%80%D0%B0%D0%B2%D1%81%D1%82%D0%B2%D1%83%D0%B9%D1%82%D0%B5!%0A%0A%D0%9F%D0%B8%D1%88%D1%83%20%D0%B8%D0%B7%20%D0%BF%D1%80%D0%B8%D0%BB%D0%BE%D0%B6%D0%B5%D0%BD%D0%B8%D1%8F%202%D0%93%D0%98%D0%A1.%0A%0A",https://2gis.ru/firm/3237490513538997,http://burenie93.ru,Пн: 08:30-20:00; Вт: 08:30-20:00; Ср: 08:30-20:00; Чт: 08:30-20:00; Пт: 08:30-20:00; Сб: 08:30-20:00,A
"улица Тургенева, 189/6","Буровые работы, Геологические работы, Строительство фундамента",+78619911501,Буровые работы,Краснодар,100,geostroyhol@yandex.ru,true,true,true,3237490513566349,45.067543,2GIS,38.96497,"Геострой Холдинг, многопрофильная компания",+78619911501,350078,5,3,3,2026-10-09T03:06:44.189743+00:00,Краснодар,бурение скважин,telegram:https://t.me/geostroyhol,https://2gis.ru/firm/3237490513566349,http://geostroyhol.ru,"Пн: 08:00-12:00, 13:00-16:45; Вт: 08:00-12:00, 13:00-16:45; Ср: 08:00-12:00, 13:00-16:45; Чт: 08:00-12:00, 13:00-16:45; Пт: 08:00-12:00, 13:00-16:45",B
"улица Баумана, 22","Буровые работы, Буровое оборудование, Свайные работы, Наружное отопление, водоснабжение, канализация, Геологические работы, Взрывные работы","+73912544445, +79135384445",Буровые работы,Красноярск,100,krasgeostroy@mail.ru,true,true,true,70000001030313986,56.022836,2GIS,92.805534,"КрасгеоСтрой, буровая компания",+73912544445,660028,4.7,61,60,2026-10-09T03:03:23.295516+00:00,Красноярск,бурение скважин,"whatsapp:https://wa.me/79135384445?text=%D0%97%D0%B4%D1%80%D0%B0%D0%B2%D1%81%D1%82%D0%B2%D1%83%D0%B9%D1%82%D0%B5!%0A%0A%D0%9F%D0%B8%D1%88%D1%83%20%D0%B8%D0%B7%20%D0%BF%D1%80%D0%B8%D0%BB%D0%BE%D0%B6%D0%B5%D0%BD%D0%B8%D1%8F%202%D0%93%D0%98%D0%A1.%0A%0A, telegram:https://t.me/krasgeostroy",https://2gis.ru/firm/70000001030313986,http://krasgeostroy.ru,Пн: 10:00-17:00; Вт: 10:00-17:00; Ср: 10:00-17:00; Чт: 10:00-17:00; Пт: 10:00-17:00,A
"улица Маерчака, 16","Буровые работы, Локальные очистные сооружения, Оборудование для очистки воды",+79029507776,Буровые работы,Красноярск,100,t.2429453@mail.ru,true,true,true,985690700681658,56.021625,2GIS,92.83685,"ГидроБурСервис, компания",+79029507776,660075,4.8,25,23,2026-10-09T03:03:23.432651+00:00,Красноярск,бурение скважин,telegram:https://t.me/gidroburservis,https://2gis.ru/firm/985690700681658,http://skvazhina24.ru/?utm_source=2gis,Пн: 10:00-18:00; Вт: 10:00-18:00; Ср: 10:00-18:00; Чт: 10:00-18:00; Пт: 10:00-18:00,C
"улица Республики, 51","Буровые работы, Взрывные работы",+79131920550,Буровые работы,Красноярск,100,burvzryvprom.24@mail.ru,true,true,true,70000001088251565,56.015185,2GIS,92.839141,"Бурвзрывпром, компания по проведению специальных наземных и подземных взрывных работ",+79131920550,660075,5,4,1,2026-10-09T03:03:23.482296+00:00,Красноярск,бурение скважин,"whatsapp:https://wa.me/79131920550?text=%D0%97%D0%B4%D1%80%D0%B0%D0%B2%D1%81%D1%82%D0%B2%D1%83%D0%B9%D1%82%D0%B5!%0A%0A%D0%9F%D0%B8%D1%88%D1%83%20%D0%B8%D0%B7%20%D0%BF%D1%80%D0%B8%D0%BB%D0%BE%D0%B6%D0%B5%D0%BD%D0%B8%D1%8F%202%D0%93%D0%98%D0%A1.%0A%0A, telegram:https://t.me/+79131920550",https://2gis.ru/firm/70000001088251565,http://burvzryvprom.ru/,"Пн: 09:00-13:00, 14:00-18:00; Вт: 09:00-13:00, 14:00-18:00; Ср: 09:00-13:00, 14:00-18:00; Чт: 09:00-13:00, 14:00-18:00; Пт: 09:00-13:00, 14:00-18:00",B
"улица Богдана Хмельницкого, 10а","Буровые работы, Геологические работы","+73912922425, +79504281280, +79135982401",Буровые работы,Красноярск,75,burgeokom24@yandex.ru,true,true,false,985691700005273,56.005101,2GIS,93.008404,БурГеоКом,+73912922425,660013,5,7,6,2026-10-09T03:03:23.522371+00:00,Красноярск,бурение скважин,telegram:https://t.me/+79135982401,https://2gis.ru/firm/985691700005273,,Пн: 09:00-20:00; Вт: 09:00-20:00; Ср: 09:00-20:00; Чт: 09:00-20:00; Пт: 09:00-20:00; Сб: 09:00-20:00; Вс: 09:00-20:00,B
"Октябрьская улица, 8","Буровые работы, Геологические работы, Экологические работы","+79131901549, +79135856531",Буровые работы,Красноярск,100,InGS24@mail.ru,true,true,true,70000001045833962,56.036167,2GIS,92.924053,ИнГеоСервис,+79131901549,660135,5,3,2,2026-10-09T03:03:23.759184+00:00,Красноярск,бурение скважин,whatsapp:https://wa.me/79131901549?text=%D0%97%D0%B4%D1%80%D0%B0%D0%B2%D1%81%D1%82%D0%B2%D1%83%D0%B9%D1%82%D0%B5!%0A%0A%D0%9F%D0%B8%D1%88%D1%83%20%D0%B8%D0%B7%20%D0%BF%D1%80%D0%B8%D0%BB%D0%BE%D0%B6%D0%B5%D0%BD%D0%B8%D1%8F%202%D0%93%D0%98%D0%A1.%0A%0A,https://2gis.ru/firm/70000001045833962,http://geo-124.ru,Пн: 08:00-18:00; Вт: 08:00-18:00; Ср: 08:00-18:00; Чт: 08:00-18:00; Пт: 08:00-18:00; Сб: 08:00-18:00,B
"Верхняя улица, 6","Буровые работы, Легковой автосервис, Контрактные автозапчасти, Эвакуатор, Авторазбор, Запчасти для иномарок, Запчасти для отечественных авто, Кузовной ремонт, Ремонт МКПП, Ремонт бензиновых двигателей, Ремонт выхлопных систем, Грузовой автосервис, Ремонт дизельных двигателей, Ремонт инжекторов, Ремонт спецтехники, Ремонт стартеров и генераторов, Ремонт ходовой части автомобиля, Ремонт электронных систем авто, Замена масла, Установка и ремонт автооптики, Аренда спецтехники, Ремонт карбюраторов, Обслуживание замков и дверей","+79676086786, +73912786786",Буровые работы,Красноярск,50,,false,true,false,70000001054099785,56.020023,2GIS,93.0579,bazatk124,+79676086786,660031,3.9,29,13,2026-10-09T03:03:23.783007+00:00,Красноярск,бурение скважин,whatsapp:https://wa.me/79676086786?text=%D0%97%D0%B4%D1%80%D0%B0%D0%B2%D1%81%D1%82%D0%B2%D1%83%D0%B9%D1%82%D0%B5!%0A%0A%D0%9F%D0%B8%D1%88%D1%83%20%D0%B8%D0%B7%20%D0%BF%D1%80%D0%B8%D0%BB%D0%BE%D0%B6%D0%B5%D0%BD%D0%B8%D1%8F%202%D0%93%D0%98%D0%A1.%0A%0A,https://2gis.ru/firm/70000001054099785,,Пн: 00:00-24:00; Вт: 00:00-24:00; Ср: 00:00-24:00; Чт: 00:00-24:00; Пт: 00:00-24:00; Сб: 00:00-24:00; Вс: 00:00-24:00,C
"улица Академика Вавилова, 2д ст1","Буровые работы, Обслуживание нефтегазодобывающих компаний, Буровое оборудование",+73912061604,Буровые работы,Красноярск,75,,false,true,true,70000001033366349,55.993509,2GIS,92.906942,"Акрос, нефтесервисная компания",+73912061604,660064,5,9,3,2026-10-09T03:03:23.854254+00:00,Красноярск,бурение скважин,,https://2gis.ru/firm/70000001033366349,http://akros-llc.com,"Пн: 09:00-13:00, 14:00-18:00; Вт: 09:00-13:00, 14:00-18:00; Ср: 09:00-13:00, 14:00-18:00; Чт: 09:00-13:00, 14:00-18:00; Пт: 09:00-13:00, 14:00-18:00",B
"улица Весны, 3а","Буровые работы, Добыча полезных ископаемых, Нефте- и газодобывающие компании","+73912748681, +73912748695",Буровые работы,Красноярск,75,priemnaya@bngre.ru,true,true,false,70000001037365741,56.035053,2GIS,92.908315,Байкитская нефтегазоразведочная экспедиция,+73912748681,660135,5,13,3,2026-10-09T03:03:23.892893+00:00,Красноярск,бурение скважин,,https://2gis.ru/firm/70000001037365741,,"Пн: 09:00-12:30, 13:30-18:00; Вт: 09:00-12:30, 13:30-18:00; Ср: 09:00-12:30, 13:30-18:00; Чт: 09:00-12:30, 13:30-18:00; Пт: 09:00-12:30, 13:30-17:00",B
"улица Пограничников, 83",Буровые работы,"+73912906057, +73912906059",Буровые работы,Красноярск,65,,false,true,true,70000001021492306,56.07627,2GIS,93.006403,Производственно-буровая компания,+73912906057,660111,,24,,2026-10-09T03:03:23.934703+00:00,Красноярск,бурение скважин,,https://2gis.ru/firm/70000001021492306,http://pbkkr.ru,"Пн: 07:30-12:00, 13:00-16:30; Вт: 07:30-12:00, 13:00-16:30; Ср: 07:30-12:00, 13:00-16:30; Чт: 07:30-12:00, 13:00-16:30; Пт: 07:30-14:00",A
"улица Калинина, 96","Буровые работы, Свайные работы, Металлоконструкции для строительства, Заборы и ограждения, Строительство фундамента",+73912287407,Буровые работы,Красноярск,75,kzm_2006@mail.ru,true,true,false,70000001025066974,56.049525,2GIS,92.766708,"Крассвая, завод винтовых свай",+73912287407,660061,4.7,27,25,2026-10-09T03:03:24.020824+00:00,Красноярск,бурение скважин,whatsapp:https://wa.me/79232762282?text=%D0%97%D0%B4%D1%80%D0%B0%D0%B2%D1%81%D1%82%D0%B2%D1%83%D0%B9%D1%82%D0%B5!%0A%0A%D0%9F%D0%B8%D1%88%D1%83%20%D0%B8%D0%B7%20%D0%BF%D1%80%D0%B8%D0%BB%D0%BE%D0%B6%D0%B5%D0%BD%D0%B8%D1%8F%202%D0%93%D0%98%D0%A1.%0A%0A,https://2gis.ru/firm/70000001025066974,,Пн: 09:00-18:00; Вт: 09:00-18:00; Ср: 09:00-18:00; Чт: 09:00-18:00; Пт: 09:00-18:00; Сб: 10:00-16:00,A
"улица Ленина, 86","Буровые работы, Геологические работы, Геологоразведочные работы",+73912051584,Буровые работы,Красноярск,75,info@polar-ec.ru,true,true,false,70000001061066561,56.013602,2GIS,92.867184,Полярная экспедиционная компания,+73912051584,660049,4.8,18,5,2026-10-09T03:03:24.063315+00:00,Красноярск,бурение скважин,,https://2gis.ru/firm/70000001061066561,,Пн: 10:00-18:00; Вт: 10:00-18:00; Ср: 10:00-18:00; Чт: 10:00-18:00; Пт: 10:00-18:00,A
"Высотная улица, 2","Буровые работы, Геологоразведочные работы, Геодезические работы, Геологические работы, Проектирование объектов добычи полезных ископаемых","+73912913815, +79029237331, +73912913810",Буровые работы,Красноярск,100,kkig@mail.ru,true,true,true,985690699751685,56.02464,2GIS,92.784542,"Красноярская комплексная инженерно-геологическая экспедиция, компания",+73912913815,660062,4.9,33,32,2026-10-09T03:03:24.089709+00:00,Красноярск,бурение скважин,whatsapp:https://wa.me/79029237331?text=%D0%97%D0%B4%D1%80%D0%B0%D0%B2%D1%81%D1%82%D0%B2%D1%83%D0%B9%D1%82%D0%B5!%0A%0A%D0%9F%D0%B8%D1%88%D1%83%20%D0%B8%D0%B7%20%D0%BF%D1%80%D0%B8%D0%BB%D0%BE%D0%B6%D0%B5%D0%BD%D0%B8%D1%8F%202%D0%93%D0%98%D0%A1.%0A%0A,https://2gis.ru/firm/985690699751685,http://Geolog24.ru,Пн: 08:00-17:30; Вт: 08:00-17:30; Ср: 08:00-17:30; Чт: 08:00-17:30; Пт: 08:00-17:30,A
"улица Сурикова, 12","Буровые работы, Геологические работы, Геодезические работы, Кадастровые работы","+73912917758, +73912277477",Буровые работы,Красноярск,100,polaris24@mail.ru,true,true,true,985690699631243,56.010552,2GIS,92.877061,"Поларис, производственно-коммерческая фирма",+73912917758,660049,4.6,17,10,2026-10-09T03:03:24.157037+00:00,Красноярск,бурение скважин,,https://2gis.ru/firm/985690699631243,http://24polaris.ru,"Пн: 08:30-13:00, 14:00-17:30; Вт: 08:30-13:00, 14:00-17:30; Ср: 08:30-13:00, 14:00-17:30; Чт: 08:30-13:00, 14:00-17:30; Пт: 08:00-13:00, 13:30-17:00",B
"улица Пастеровская, 25а","Буровые работы, Архитектурное проектирование, Геодезические работы, Инжиниринговые услуги, Геологические работы","+73912986003, +73912986000",Буровые работы,Красноярск,100,indor@krasindor.ru,true,true,true,985690699517176,56.007578,2GIS,92.800186,Красиндорпроект,+73912986003,660100,5,3,1,2026-10-09T03:03:24.180662+00:00,Красноярск,бурение скважин,,https://2gis.ru/firm/985690699517176,http://krasindor.ru,"Пн: 08:00-12:45, 13:30-17:00; Вт: 08:00-12:45, 13:30-17:00; Ср: 08:00-12:45, 13:30-17:00; Чт: 08:00-12:45, 13:30-17:00; Пт: 08:00-12:45, 13:30-16:00",B
"улица Академика Вавилова, 2ж","Буровые работы, Взрывные работы",+73912178734,Буровые работы,Красноярск,90,ivsoffice@yandex.ru,true,true,true,70000001024530950,55.993099,2GIS,92.90667,Иланвзрывстрой,+73912178734,660064,,,,2026-10-09T03:03:24.204775+00:00,Красноярск,бурение скважин,,https://2gis.ru/firm/70000001024530950,http://ilanvs.ru,"Пн: 08:00-12:00, 13:00-17:00; Вт: 08:00-12:00, 13:00-17:00; Ср: 08:00-12:00, 13:00-17:00; Чт: 08:00-12:00, 13:00-17:00; Пт: 08:00-12:00, 13:00-17:00",B
"улица Маерчака, 8","Буровые работы, Инжиниринговые услуги, Геодезические работы, Геологические работы, Геофизические работы",+79833600249,Буровые работы,Красноярск,100,krsk@tsengin.ru,true,true,true,70000001074611521,56.019411,2GIS,92.839429,"Трансстройинжиниринг, компания",+79833600249,660075,5,7,4,2026-10-09T03:03:24.271932+00:00,Красноярск,бурение скважин,whatsapp:https://wa.me/79607708009?text=%D0%97%D0%B4%D1%80%D0%B0%D0%B2%D1%81%D1%82%D0%B2%D1%83%D0%B9%D1%82%D0%B5!%0A%0A%D0%9F%D0%B8%D1%88%D1%83%20%D0%B8%D0%B7%20%D0%BF%D1%80%D0%B8%D0%BB%D0%BE%D0%B6%D0%B5%D0%BD%D0%B8%D1%8F%202%D0%93%D0%98%D0%A1.%0A%0A,https://2gis.ru/firm/70000001074611521,http://tsengin.ru,"Пн: 08:30-12:00, 13:00-17:30; Вт: 08:30-12:00, 13:00-17:30; Ср: 08:30-12:00, 13:00-17:30; Чт: 08:30-12:00, 13:00-17:30; Пт: 08:30-12:00, 13:00-17:30",B
"улица Батурина, 38а","Буровые работы, Спецтехника, Обслуживание нефтегазодобывающих компаний, Геологические работы",+79830755028,Буровые работы,Красноярск,100,intech@intech-m.ru,true,true,true,70000001105227939,56.046294,2GIS,92.893985,Интех,+79830755028,660077,5,7,1,2026-10-09T03:03:24.308882+00:00,Красноярск,бурение скважин,whatsapp:https://wa.me/79830755028?text=%D0%97%D0%B4%D1%80%D0%B0%D0%B2%D1%81%D1%82%D0%B2%D1%83%D0%B9%D1%82%D0%B5!%0A%0A%D0%9F%D0%B8%D1%88%D1%83%20%D0%B8%D0%B7%20%D0%BF%D1%80%D0%B8%D0%BB%D0%BE%D0%B6%D0%B5%D0%BD%D0%B8%D1%8F%202%D0%93%D0%98%D0%A1.%0A%0A,https://2gis.ru/firm/70000001105227939,http://intech-m.ru/,"Пн: 09:00-13:00, 14:00-18:00; Вт: 09:00-13:00, 14:00-18:00; Ср: 09:00-13:00, 14:00-18:00; Чт: 09:00-13:00, 14:00-18:00; Пт: 09:00-13:00, 14:00-18:00",B
"улица 60 лет Октября, 124м","Буровые работы, Свайные работы, Земляные работы, Металлоконструкции для строительства","+73912143142, +79233544080",Буровые работы,Красноярск,100,mail@buroyam.ru,true,true,true,70000001007023581,55.984384,2GIS,92.907158,"Буроям, строительная компания",+73912143142,660079,4,15,12,2026-10-09T03:03:24.338924+00:00,Красноярск,бурение скважин,whatsapp:https://wa.me/79233544080?text=%D0%97%D0%B4%D1%80%D0%B0%D0%B2%D1%81%D1%82%D0%B2%D1%83%D0%B9%D1%82%D0%B5!%0A%0A%D0%9F%D0%B8%D1%88%D1%83%20%D0%B8%D0%B7%20%D0%BF%D1%80%D0%B8%D0%BB%D0%BE%D0%B6%D0%B5%D0%BD%D0%B8%D1%8F%202%D0%93%D0%98%D0%A1.%0A%0A,https://2gis.ru/firm/70000001007023581,http://buroyam.ru,Пн: 09:00-17:00; Вт: 09:00-17:00; Ср: 09:00-17:00; Чт: 09:00-17:00; Пт: 09:00-17:00,A
"улица 60 лет Октября, 126","Буровые работы, Геологоразведочные работы, Геологические работы","+79059763177, +79059763518",Буровые работы,Красноярск,75,,false,true,true,70000001076712425,55.983084,2GIS,92.907237,"Новагео, компания",+79059763177,660079,5,7,1,2026-10-09T03:03:24.364834+00:00,Красноярск,бурение скважин,"whatsapp:https://wa.me/79059763177?text=%D0%97%D0%B4%D1%80%D0%B0%D0%B2%D1%81%D1%82%D0%B2%D1%83%D0%B9%D1%82%D0%B5!%0A%0A%D0%9F%D0%B8%D1%88%D1%83%20%D0%B8%D0%B7%20%D0%BF%D1%80%D0%B8%D0%BB%D0%BE%D0%B6%D0%B5%D0%BD%D0%B8%D1%8F%202%D0%93%D0%98%D0%A1.%0A%0A, whatsapp:https://wa.me/79059763518?text=%D0%97%D0%B4%D1%80%D0%B0%D0%B2%D1%81%D1%82%D0%B2%D1%83%D0%B9%D1%82%D0%B5!%0A%0A%D0%9F%D0%B8%D1%88%D1%83%20%D0%B8%D0%B7%20%D0%BF%D1%80%D0%B8%D0%BB%D0%BE%D0%B6%D0%B5%D0%BD%D0%B8%D1%8F%202%D0%93%D0%98%D0%A1.%0A%0A",https://2gis.ru/firm/70000001076712425,http://novageo.org/,"Пн: 08:00-12:00, 13:00-17:00; Вт: 08:00-12:00, 13:00-17:00; Ср: 08:00-12:00, 13:00-17:00; Чт: 08:00-12:00, 13:00-17:00; Пт: 08:00-12:00, 13:00-17:00",A
"Брянская улица, 142","Буровые работы, Взрывные работы, Геодезические работы, Инжиниринговые услуги, Земляные работы",+73912195666,Буровые работы,Красноярск,90,info@rusnedra24.ru,true,true,true,70000001117711344,56.029611,2GIS,92.837342,РусНедра,+73912195666,660048,,,,2026-10-09T03:03:24.391169+00:00,Красноярск,бурение скважин,,https://2gis.ru/firm/70000001117711344,http://rusnedra24.ru,"Пн: 09:00-13:00, 14:00-18:00; Вт: 09:00-13:00, 14:00-18:00; Ср: 09:00-13:00, 14:00-18:00; Чт: 09:00-13:00, 14:00-18:00; Пт: 09:00-13:00, 14:00-18:00",C
"Новорижское шоссе 26 километр, ст7","Буровые работы, Насосное оборудование, Товары для отопления, водоснабжения, канализации",+74958775477,Буровые работы,Мирный,100,cleanlstream@yandex.ru,true,true,true,70000001111606417,55.784682,2GIS,37.2371,"Клин Стрим, компания по ремонту и обслуживанию водяных скважин",+74958775477,143420,5,4,4,2026-10-09T02:18:05.706552+00:00,Мирный,бурение скважин,"whatsapp:https://wa.me/79055655353?text=%D0%97%D0%B4%D1%80%D0%B0%D0%B2%D1%81%D1%82%D0%B2%D1%83%D0%B9%D1%82%D0%B5!%0A%0A%D0%9F%D0%B8%D1%88%D1%83%20%D0%B8%D0%B7%20%D0%BF%D1%80%D0%B8%D0%BB%D0%BE%D0%B6%D0%B5%D0%BD%D0%B8%D1%8F%202%D0%93%D0%98%D0%A1.%0A%0A, telegram:https://t.me/cleanstreamru",https://2gis.ru/firm/70000001111606417,http://clean-stream.ru,Пн: 00:00-24:00; Вт: 00:00-24:00; Ср: 00:00-24:00; Чт: 00:00-24:00; Пт: 00:00-24:00; Сб: 00:00-24:00; Вс: 00:00-24:00,C
"Станционная улица, 3Б","Буровые работы, Геологические работы, Внутренние системы отопления, водоснабжения, канализации, Наружное отопление, водоснабжение, канализация, Локальные очистные сооружения","+79852264707, +79257556931, +79777651182",Буровые работы,Мирный,100,2264707@mail.ru,true,true,true,4504127908981338,55.442494,2GIS,37.77832,"Недра, буровая компания",+79852264707,142002,4.9,61,61,2026-10-09T02:18:05.788768+00:00,Мирный,бурение скважин,whatsapp:https://wa.me/79852264707?text=%D0%97%D0%B4%D1%80%D0%B0%D0%B2%D1%81%D1%82%D0%B2%D1%83%D0%B9%D1%82%D0%B5!%0A%0A%D0%9F%D0%B8%D1%88%D1%83%20%D0%B8%D0%B7%20%D0%BF%D1%80%D0%B8%D0%BB%D0%BE%D0%B6%D0%B5%D0%BD%D0%B8%D1%8F%202%D0%93%D0%98%D0%A1.%0A%0A,https://2gis.ru/firm/4504127908981338,http://burimnedra.ru,"Пн: 09:00-12:00, 13:00-18:00; Вт: 09:00-12:00, 13:00-18:00; Ср: 09:00-12:00, 13:00-18:00; Чт: 09:00-12:00, 13:00-18:00; Пт: 09:00-12:00, 13:00-18:00; Сб: 09:00-12:00, 13:00-18:00; Вс: 09:00-12:00, 13:00-18:00",B
"улица Ленина, 57 ст3","Буровые работы, Локальные очистные сооружения, Оборудование для очистки воды",+79250508180,Буровые работы,Мирный,100,info@burenie-m.ru,true,true,true,70000001047028878,55.618036,2GIS,37.963754,"Бурение-м, компания",+79250508180,140060,5,15,15,2026-10-09T02:18:05.825593+00:00,Мирный,бурение скважин,"whatsapp:https://wa.me/79250508180?text=%D0%97%D0%B4%D1%80%D0%B0%D0%B2%D1%81%D1%82%D0%B2%D1%83%D0%B9%D1%82%D0%B5!%0A%0A%D0%9F%D0%B8%D1%88%D1%83%20%D0%B8%D0%B7%20%D0%BF%D1%80%D0%B8%D0%BB%D0%BE%D0%B6%D0%B5%D0%BD%D0%B8%D1%8F%202%D0%93%D0%98%D0%A1.%0A%0A, telegram:https://t.me/+79250508180",https://2gis.ru/firm/70000001047028878,http://burenie-m.ru,Пн: 09:00-21:00; Вт: 09:00-21:00; Ср: 09:00-21:00; Чт: 09:00-21:00; Пт: 09:00-21:00; Сб: 09:00-21:00; Вс: 09:00-21:00,C
"Октябрьский проспект, 112а","Буровые работы, Стройматериалы, Аренда спецтехники, Вывоз снега, Вывоз мусора, Снос зданий, Спецтехника, Земляные работы, Буровое оборудование, Бетоносмесители, Строительное оборудование, Песок и щебень, Техника для склада, Высотные работы, Строительные подъёмники, Вторичные стройматериалы, Строительство дорог, Обращение с жидкими отходами","+74950856925, +74951066383, +79035553142, +79035553118",Буровые работы,Мирный,100,info.starenda@gmail.com,true,true,true,70000001045753484,55.683622,2GIS,37.877036,"СпецТехАренда, компания",+74950856925,140002,5,182,182,2026-10-09T02:18:05.863148+00:00,Мирный,бурение скважин,"whatsapp:https://wa.me/79035553118?text=%D0%97%D0%B4%D1%80%D0%B0%D0%B2%D1%81%D1%82%D0%B2%D1%83%D0%B9%D1%82%D0%B5!%0A%0A%D0%9F%D0%B8%D1%88%D1%83%20%D0%B8%D0%B7%20%D0%BF%D1%80%D0%B8%D0%BB%D0%BE%D0%B6%D0%B5%D0%BD%D0%B8%D1%8F%202%D0%93%D0%98%D0%A1.%0A%0A, telegram:https://t.me/cpectehar, telegram:https://t.me/+79035553118",https://2gis.ru/firm/70000001045753484,http://spectehar.ru/?utm_source=2gis,Пн: 00:00-24:00; Вт: 00:00-24:00; Ср: 00:00-24:00; Чт: 00:00-24:00; Пт: 00:00-24:00; Сб: 00:00-24:00; Вс: 00:00-24:00,C
"Армянский переулок, 9","Буровые работы, Нефте- и газодобывающие компании, Геофизические работы, Нефтепродукты и ГСМ","+79858741587, +74957486500, +74957486424",Буровые работы,Мирный,100,nestro@nestro.ru,true,true,true,4504127908465150,55.759746,2GIS,37.63818,"Зарубежнефть, нефтяная компания",+79858741587,101000,4.3,13,2,2026-10-09T02:18:05.911105+00:00,Мирный,бурение скважин,whatsapp:https://wa.me/79858741587?text=%D0%97%D0%B4%D1%80%D0%B0%D0%B2%D1%81%D1%82%D0%B2%D1%83%D0%B9%D1%82%D0%B5!%0A%0A%D0%9F%D0%B8%D1%88%D1%83%20%D0%B8%D0%B7%20%D0%BF%D1%80%D0%B8%D0%BB%D0%BE%D0%B6%D0%B5%D0%BD%D0%B8%D1%8F%202%D0%93%D0%98%D0%A1.%0A%0A,https://2gis.ru/firm/4504127908465150,http://zarubezhneft.ru,"Пн: 09:00-13:30, 14:15-18:00; Вт: 09:00-13:30, 14:15-18:00; Ср: 09:00-13:30, 14:15-18:00; Чт: 09:00-13:30, 14:15-18:00; Пт: 09:00-13:30, 14:15-16:45",B
"улица Намёткина, 12а",Буровые работы,+74995803580,Буровые работы,Мирный,100,mail@burgaz.ru,true,true,true,4504127908705159,55.661743,2GIS,37.555105,"Газпром бурение, буровая компания",+74995803580,117420,2.6,5,5,2026-10-09T02:18:05.953290+00:00,Мирный,бурение скважин,,https://2gis.ru/firm/4504127908705159,http://burgaz.ru,"Пн: 09:00-13:00, 13:45-18:00; Вт: 09:00-13:00, 13:45-18:00; Ср: 09:00-13:00, 13:45-18:00; Чт: 09:00-13:00, 13:45-18:00; Пт: 09:00-13:00, 13:45-16:45",A
"улица Лавочкина, 23а","Буровые работы, Геологические работы, Геодезические работы, Кадастровые работы, Экологические работы",+74992570911,Буровые работы,Мирный,100,info@mggt.ru,true,true,true,70000001021274153,55.863341,2GIS,37.483459,Мосгоргеотрест,+74992570911,125502,5,16,5,2026-10-09T02:18:05.996094+00:00,Мирный,бурение скважин,,https://2gis.ru/firm/70000001021274153,http://mggt.ru,Пн: 08:00-17:00; Вт: 08:00-17:00; Ср: 08:00-17:00; Чт: 08:00-17:00; Пт: 08:00-16:00,B
"улица Академика Волгина, 2Б ст2","Буровые работы, Промышленная химия, Обслуживание нефтегазодобывающих компаний, Буровое оборудование",+74999410904,Буровые работы,Мирный,90,info@akros-llc.com,true,true,true,70000001028424895,55.65614,2GIS,37.52078,"Акрос, Нефтесервисная компания",+74999410904,117485,,3,,2026-10-09T02:18:06.031491+00:00,Мирный,бурение скважин,,https://2gis.ru/firm/70000001028424895,http://akros-llc.com,Пн: 09:00-18:00; Вт: 09:00-18:00; Ср: 09:00-18:00; Чт: 09:00-18:00; Пт: 09:00-18:00,B
"проспект Вернадского, 8а","Буровые работы, Ремонт промышленного оборудования","+73466310075, +73466491030, +74959090851",Буровые работы,Мирный,90,delonv@snph.biz,true,true,true,70000001025406075,55.689697,2GIS,37.527372,"Самотлорнефтепромхим, инженерно-технический центр",+73466310075,119313,,,,2026-10-09T02:18:06.071661+00:00,Мирный,бурение скважин,telegram:https://t.me/snph_group,https://2gis.ru/firm/70000001025406075,http://snph.biz,Пн: 09:00-18:00; Вт: 09:00-18:00; Ср: 09:00-18:00; Чт: 09:00-18:00; Пт: 09:00-18:00,B
"Дмитровское шоссе, 81","Буровые работы, Товары для отопления, водоснабжения, канализации, Наружное отопление, водоснабжение, канализация","+74951277990, +79096908742, +79295012316, +79032132731, +79295003486",Буровые работы,Мирный,100,info@tochkaresheny.ru,true,true,true,70000001049923839,55.861531,2GIS,37.548994,"Точка Решений, инженерно-монтажная компания",+74951277990,125504,4.3,56,54,2026-10-09T02:18:06.121124+00:00,Мирный,бурение скважин,telegram:https://t.me/tochkaresheny,https://2gis.ru/firm/70000001049923839,http://tochkaresheny.ru,Пн: 10:00-19:00; Вт: 10:00-19:00; Ср: 10:00-19:00; Чт: 10:00-19:00; Пт: 10:00-19:00; Сб: 10:00-19:00; Вс: 10:00-19:00,C
"Малая Калужская улица, 15",Буровые работы,+74995177630,Буровые работы,Мирный,50,,false,true,false,70000001064926236,55.718933,2GIS,37.600824,"Рн-Бурение, компания",+74995177630,119071,1.9,5,1,2026-10-09T02:18:06.205182+00:00,Мирный,бурение скважин,,https://2gis.ru/firm/70000001064926236,,Пн: 09:00-18:00; Вт: 09:00-18:00; Ср: 09:00-18:00; Чт: 09:00-18:00; Пт: 09:00-18:00,A
"Новая Басманная улица, 37а",Буровые работы,"+79151729676, +74950330408",Буровые работы,Мирный,100,pr@engsdrilling.ru,true,true,true,70000001074429932,55.769828,2GIS,37.668998,Энергия нефтегазового сервиса,+79151729676,105066,5,3,1,2026-10-09T02:18:06.236522+00:00,Мирный,бурение скважин,,https://2gis.ru/firm/70000001074429932,http://engsdrilling.ru,Пн: 09:00-18:00; Вт: 09:00-18:00; Ср: 09:00-18:00; Чт: 09:00-18:00; Пт: 09:00-18:00,A
"улица Красная Пресня, 24","Буровые работы, Свайные работы, Алмазное бурение и резка, Застройщики, Промышленное строительство","88007772903, +79133810765, +74953084858, +73833830430",Буровые работы,Мирный,100,info@raidex.ru,true,true,true,70000001034940861,55.762307,2GIS,37.569719,"Райдекс, Строительная компания",88007772903,123376,5,5,4,2026-10-09T02:18:06.295007+00:00,Мирный,бурение скважин,,https://2gis.ru/firm/70000001034940861,http://raidex.ru,Пн: 09:00-18:00; Вт: 09:00-18:00; Ср: 09:00-18:00; Чт: 09:00-18:00; Пт: 09:00-18:00,A
"Павелецкая площадь, 2 ст3","Буровые работы, Нефте- и газодобывающие компании, Геофизические работы, Нефтепродукты и ГСМ","+79858741587, +74957486500",Буровые работы,Мирный,90,nestro@nestro.ru,true,true,true,70000001045749610,55.729696,2GIS,37.636481,"Зарубежнефть, нефтяная компания",+79858741587,115054,,,,2026-10-09T02:18:06.340967+00:00,Мирный,бурение скважин,whatsapp:https://wa.me/79858741587?text=%D0%97%D0%B4%D1%80%D0%B0%D0%B2%D1%81%D1%82%D0%B2%D1%83%D0%B9%D1%82%D0%B5!%0A%0A%D0%9F%D0%B8%D1%88%D1%83%20%D0%B8%D0%B7%20%D0%BF%D1%80%D0%B8%D0%BB%D0%BE%D0%B6%D0%B5%D0%BD%D0%B8%D1%8F%202%D0%93%D0%98%D0%A1.%0A%0A,https://2gis.ru/firm/70000001045749610,http://zarubezhneft.ru,Пн: 09:00-18:00; Вт: 09:00-18:00; Ср: 09:00-18:00; Чт: 09:00-18:00; Пт: 09:00-18:00,B
"4-й Лесной переулок, 4","Буровые работы, Обслуживание нефтегазодобывающих компаний, Геофизические работы, Нефтегазовое оборудование",+74957754712,Буровые работы,Мирный,40,,false,true,false,4504127908462678,55.77899,2GIS,37.586812,"Weatherford, нефтегазовая компания",+74957754712,125047,,2,,2026-10-09T02:18:06.371296+00:00,Мирный,бурение скважин,,https://2gis.ru/firm/4504127908462678,,Пн: 09:00-18:00; Вт: 09:00-18:00; Ср: 09:00-18:00; Чт: 09:00-18:00; Пт: 09:00-18:00,B
"Профсоюзная улица, 65 к1","Буровые работы, Застройщики, Строительство дорог, Добыча полезных ископаемых, Снос зданий",+74992818802,Буровые работы,Мирный,40,,false,true,false,70000001087549882,55.653478,2GIS,37.537737,"СНФС Элос, Строительная компания",+74992818802,117342,,1,,2026-10-09T02:18:06.441005+00:00,Мирный,бурение скважин,,https://2gis.ru/firm/70000001087549882,,"Пн: 09:30-13:00, 14:00-18:00; Вт: 09:30-13:00, 14:00-18:00; Ср: 09:30-13:00, 14:00-18:00; Чт: 09:30-13:00, 14:00-18:00; Пт: 09:30-13:00, 14:00-18:00",B
"Миклухо-Маклая улица, 36а","Буровые работы, Геологические работы",+79309308357,Буровые работы,Мирный,90,info@searigs.ru,true,true,true,70000001109986236,55.64004,2GIS,37.533301,"Морские платформы, геологоразведочная компания",+79309308357,117279,,,,2026-10-09T02:18:06.472104+00:00,Мирный,бурение скважин,,https://2gis.ru/firm/70000001109986236,http://searigs.ru,Пн: 09:00-18:00; Вт: 09:00-18:00; Ср: 09:00-18:00; Чт: 09:00-18:00; Пт: 09:00-18:00,B
"Овчинниковская набережная, 20 ст1","Буровые работы, Геологоразведочные работы, Автоматизация инженерных систем",+74951457445,Буровые работы,Мирный,90,nsh@pnsh.ru,true,true,true,70000001067227097,55.744172,2GIS,37.634799,"Нефтьсервисхолдинг, группа компаний",+74951457445,115035,,,,2026-10-09T02:18:06.501945+00:00,Мирный,бурение скважин,,https://2gis.ru/firm/70000001067227097,http://pnsh.ru,"Пн: 08:00-13:00, 14:00-18:00; Вт: 08:00-13:00, 14:00-18:00; Ср: 08:00-13:00, 14:00-18:00; Чт: 08:00-13:00, 14:00-18:00; Пт: 09:00-13:00, 14:00-17:00",A
"22 километр Киевское шоссе, 4 ст1 к А","Буровые работы, Геофизические работы, Геологические работы, Гидрогеологические работы, Оборудование для очистки воды","+74955189494, +74959889514, +74959222836",Буровые работы,Мирный,90,mail@nw-geo.ru,true,true,true,4504127916489196,55.634014,2GIS,37.441335,"Северо-Запад, геофизическая и буровая компания",+74955189494,108811,,,,2026-10-09T02:18:06.531838+00:00,Мирный,бурение скважин,,https://2gis.ru/firm/4504127916489196,http://burenie.com,Пн: 09:00-18:00; Вт: 09:00-18:00; Ср: 09:00-18:00; Чт: 09:00-18:00; Пт: 09:00-18:00,A
"улица Коминтерна, 51","Буровые работы, Аренда спецтехники, Свайные работы, Высотные работы, Земляные работы","+78314161515, +79056661515",Буровые работы,Нижний Новгород,100,info@spetspark-nn.ru,true,true,true,70000001018340905,56.344809,2GIS,43.899172,"Спецпарк, компания",+78314161515,603014,4.7,39,38,2026-10-09T03:05:55.505769+00:00,Нижний Новгород,бурение скважин,whatsapp:https://wa.me/79056661515?text=%D0%97%D0%B4%D1%80%D0%B0%D0%B2%D1%81%D1%82%D0%B2%D1%83%D0%B9%D1%82%D0%B5!%0A%0A%D0%9F%D0%B8%D1%88%D1%83%20%D0%B8%D0%B7%20%D0%BF%D1%80%D0%B8%D0%BB%D0%BE%D0%B6%D0%B5%D0%BD%D0%B8%D1%8F%202%D0%93%D0%98%D0%A1.%0A%0A,https://2gis.ru/firm/70000001018340905,http://spetspark-nn.ru,"Пн: 09:00-12:00, 13:00-18:00; Вт: 09:00-12:00, 13:00-18:00; Ср: 09:00-12:00, 13:00-18:00; Чт: 09:00-12:00, 13:00-18:00; Пт: 09:00-12:00, 13:00-17:00",A
"улица Героя Рябцева, 1 лит 7Г","Буровые работы, Насосное оборудование, Ремонт промышленного оборудования, Оборудование для очистки воды, Внутренние системы отопления, водоснабжения, канализации","88002508412, +78312601212, +78314131596",Буровые работы,Нижний Новгород,100,nasos.52@yandex.ru,true,true,true,70000001018921627,56.315522,2GIS,43.856078,"Насос-Сервис, торгово-монтажная компания",88002508412,603035,4.1,11,4,2026-10-09T03:05:55.582792+00:00,Нижний Новгород,бурение скважин,,https://2gis.ru/firm/70000001018921627,http://nasosservice.ru,Пн: 09:00-18:00; Вт: 09:00-18:00; Ср: 09:00-18:00; Чт: 09:00-18:00; Пт: 09:00-18:00,C
"проспект Гагарина, 37Б","Буровые работы, Насосное оборудование, Ремонт промышленного оборудования, Оборудование для очистки воды, Внутренние системы отопления, водоснабжения, канализации","88002508412, +78314136366",Буровые работы,Нижний Новгород,100,nasos.52@yandex.ru,true,true,true,2674540563751917,56.255559,2GIS,43.969474,"Насос-Сервис, торгово-монтажная компания",88002508412,603009,4.1,10,5,2026-10-09T03:05:55.634276+00:00,Нижний Новгород,бурение скважин,,https://2gis.ru/firm/2674540563751917,http://nasosservice.ru,Пн: 08:00-20:00; Вт: 08:00-20:00; Ср: 08:00-20:00; Чт: 08:00-20:00; Пт: 08:00-20:00; Сб: 08:00-20:00; Вс: 09:00-17:00,C
"улица Адмирала Нахимова, 4","Буровые работы, Насосное оборудование, Ремонт промышленного оборудования, Оборудование для очистки воды, Внутренние системы отопления, водоснабжения, канализации","88002508412, +78312449134",Буровые работы,Нижний Новгород,100,nasos.52@yandex.ru,true,true,true,2674540563210019,56.271774,2GIS,43.918813,"Насос-Сервис, торгово-монтажная компания",88002508412,603073,4.7,5,3,2026-10-09T03:05:55.663806+00:00,Нижний Новгород,бурение скважин,whatsapp:https://wa.me/79601807966?text=%D0%97%D0%B4%D1%80%D0%B0%D0%B2%D1%81%D1%82%D0%B2%D1%83%D0%B9%D1%82%D0%B5!%0A%0A%D0%9F%D0%B8%D1%88%D1%83%20%D0%B8%D0%B7%20%D0%BF%D1%80%D0%B8%D0%BB%D0%BE%D0%B6%D0%B5%D0%BD%D0%B8%D1%8F%202%D0%93%D0%98%D0%A1.%0A%0A,https://2gis.ru/firm/2674540563210019,http://nasosservice.ru,Пн: 08:00-20:00; Вт: 08:00-20:00; Ср: 08:00-20:00; Чт: 08:00-20:00; Пт: 08:00-20:00; Сб: 08:00-20:00; Вс: 09:00-17:00,C
,"Буровые работы, Внутренние системы отопления, водоснабжения, канализации, Наружное отопление, водоснабжение, канализация, Проектирование инженерных систем",+78312140505,Буровые работы,Нижний Новгород,100,info@golfstrim-nn.ru,true,true,true,2674541560363545,56.25482,2GIS,43.886237,"Гольфстрим, строительно-монтажная компания",+78312140505,603065,4.4,44,41,2026-10-09T03:05:55.694018+00:00,Нижний Новгород,бурение скважин,,https://2gis.ru/firm/2674541560363545,http://golfstrim-nn.ru,Пн: 08:00-20:00; Вт: 08:00-20:00; Ср: 08:00-20:00; Чт: 08:00-20:00; Пт: 08:00-20:00; Сб: 10:00-18:00; Вс: 10:00-18:00,C
"проспект Гагарина, 166","Буровые работы, Насосное оборудование, Системы водоотведения, Наружное отопление, водоснабжение, канализация, Внутренние системы отопления, водоснабжения, канализации",+78312302092,Буровые работы,Нижний Новгород,90,info@atlaspump.ru,true,true,true,70000001099960338,56.253608,2GIS,43.970731,Атлас,+78312302092,603009,,,,2026-10-09T03:05:55.758038+00:00,Нижний Новгород,бурение скважин,"telegram:https://t.me/+79082380336, telegram:https://t.me/+79503783725",https://2gis.ru/firm/70000001099960338,http://atlaspump.ru,Пн: 08:00-17:00; Вт: 08:00-17:00; Ср: 08:00-17:00; Чт: 08:00-17:00; Пт: 08:00-16:00,C
,Буровые работы,+78314131431,Буровые работы,Нижний Новгород,100,akvaburnn@yandex.ru,true,true,true,2674540563945960,56.328537,2GIS,43.866249,"Аквабур НН, монтажная компания",+78314131431,603035,5,3,3,2026-10-09T03:05:55.781440+00:00,Нижний Новгород,бурение скважин,whatsapp:https://wa.me/79202531431?text=%D0%97%D0%B4%D1%80%D0%B0%D0%B2%D1%81%D1%82%D0%B2%D1%83%D0%B9%D1%82%D0%B5!%0A%0A%D0%9F%D0%B8%D1%88%D1%83%20%D0%B8%D0%B7%20%D0%BF%D1%80%D0%B8%D0%BB%D0%BE%D0%B6%D0%B5%D0%BD%D0%B8%D1%8F%202%D0%93%D0%98%D0%A1.%0A%0A,https://2gis.ru/firm/2674540563945960,http://akvaburnn.ru,Пн: 08:00-20:00; Вт: 08:00-20:00; Ср: 08:00-20:00; Чт: 08:00-20:00; Пт: 08:00-20:00; Сб: 08:00-20:00; Вс: 08:00-20:00,A
"Шанхайская улица, 18","Буровые работы, Товары для отопления, водоснабжения, канализации, Внутренние системы отопления, водоснабжения, канализации","+79159500505, +79202959595",Буровые работы,Нижний Новгород,65,,false,true,true,70000001113728185,56.279758,2GIS,43.891085,"ГеоМакс-Нн, производственная компания",+79159500505,603033,,,,2026-10-09T03:05:55.844388+00:00,Нижний Новгород,бурение скважин,,https://2gis.ru/firm/70000001113728185,http://xn----ctbinbaeecfc5aeaiwvft5h.xn--p1ai,Пн: 08:00-17:00; Вт: 08:00-17:00; Ср: 08:00-17:00; Чт: 08:00-17:00; Пт: 08:00-17:00,C
,"Буровые работы, Аренда спецтехники, Песок и щебень, Вывоз снега, Вывоз мусора",+79027890220,Буровые работы,Нижний Новгород,75,pavkabalin@rambler.ru,true,true,false,2674541559805546,56.324647,2GIS,43.835387,"Аренда спецтехники-НН, компания по аренде спецтехники",+79027890220,603035,5,1,1,2026-10-09T03:05:55.868939+00:00,Нижний Новгород,бурение скважин,telegram:https://t.me/+79100074399,https://2gis.ru/firm/2674541559805546,,Пн: 00:00-24:00; Вт: 00:00-24:00; Ср: 00:00-24:00; Чт: 00:00-24:00; Пт: 00:00-24:00; Сб: 00:00-24:00; Вс: 00:00-24:00,C
"площадь Ленина, 5а","Буровые работы, Ремонт помещений, Строительство бань и саун, Строительство дач и коттеджей, Внутренние системы отопления, водоснабжения, канализации","+78312228229, +79918301775",Буровые работы,Нижний Новгород,90,info@krasni-ugol.ru,true,true,true,70000001047259362,56.150857,2GIS,44.21032,"Красный угол, строительная компания",+78312228229,607650,,,,2026-10-09T03:05:55.959456+00:00,Нижний Новгород,бурение скважин,"whatsapp:https://wa.me/79918301775?text=%D0%97%D0%B4%D1%80%D0%B0%D0%B2%D1%81%D1%82%D0%B2%D1%83%D0%B9%D1%82%D0%B5!%0A%0A%D0%9F%D0%B8%D1%88%D1%83%20%D0%B8%D0%B7%20%D0%BF%D1%80%D0%B8%D0%BB%D0%BE%D0%B6%D0%B5%D0%BD%D0%B8%D1%8F%202%D0%93%D0%98%D0%A1.%0A%0A, telegram:https://t.me/krasniugol",https://2gis.ru/firm/70000001047259362,http://xn-----6kcn2aelmfahso5a1j.xn--p1ai,Пн: 09:00-18:00; Вт: 09:00-18:00; Ср: 09:00-18:00; Чт: 09:00-18:00; Пт: 09:00-18:00,C
"проспект Ленина, 11","Буровые работы, Геологические работы, Геодезические работы, Экологические работы, Кадастровые работы","+78314142728, +79036060846",Буровые работы,Нижний Новгород,90,georesursnn@yandex.ru,true,true,true,70000001024610376,56.295372,2GIS,43.934795,Георесурс-НН,+78314142728,603140,,,,2026-10-09T03:05:55.991913+00:00,Нижний Новгород,бурение скважин,whatsapp:https://wa.me/79036060846?text=%D0%97%D0%B4%D1%80%D0%B0%D0%B2%D1%81%D1%82%D0%B2%D1%83%D0%B9%D1%82%D0%B5!%0A%0A%D0%9F%D0%B8%D1%88%D1%83%20%D0%B8%D0%B7%20%D0%BF%D1%80%D0%B8%D0%BB%D0%BE%D0%B6%D0%B5%D0%BD%D0%B8%D1%8F%202%D0%93%D0%98%D0%A1.%0A%0A,https://2gis.ru/firm/70000001024610376,http://grs-nn.com,Пн: 09:00-17:00; Вт: 09:00-17:00; Ср: 09:00-17:00; Чт: 09:00-17:00; Пт: 09:00-17:00,B
"улица Баумана, 14","Буровые работы, Насосное оборудование, Товары для отопления, водоснабжения, канализации, Бензоинструмент, Внутренние системы отопления, водоснабжения, канализации",+79018715050,Буровые работы,Нижний Новгород,40,,false,true,false,70000001052713463,56.631095,2GIS,43.412089,Магазин насосов и фильтров,+79018715050,606524,,1,,2026-10-09T03:05:56.010360+00:00,Нижний Новгород,бурение скважин,whatsapp:https://wa.me/79018715050?text=%D0%97%D0%B4%D1%80%D0%B0%D0%B2%D1%81%D1%82%D0%B2%D1%83%D0%B9%D1%82%D0%B5!%0A%0A%D0%9F%D0%B8%D1%88%D1%83%20%D0%B8%D0%B7%20%D0%BF%D1%80%D0%B8%D0%BB%D0%BE%D0%B6%D0%B5%D0%BD%D0%B8%D1%8F%202%D0%93%D0%98%D0%A1.%0A%0A,https://2gis.ru/firm/70000001052713463,,Пн: 09:30-18:00; Вт: 09:30-18:00; Ср: 09:30-18:00; Чт: 09:30-18:00; Пт: 09:30-18:00; Сб: 09:30-17:00; Вс: 09:30-15:00,C
"улица Бутлерова, 3","Буровые работы, Геологические работы, Геодезические работы","+78313266702, +78313252402",Буровые работы,Нижний Новгород,90,karst@sinn.ru,true,true,true,2674540559746626,56.241167,2GIS,43.454615,"Карст, научно-производственный центр",+78313266702,606000,,,,2026-10-09T03:05:56.036121+00:00,Нижний Новгород,бурение скважин,,https://2gis.ru/firm/2674540559746626,http://karst-npc.ru,"Пн: 08:00-12:00, 13:00-17:00; Вт: 08:00-12:00, 13:00-17:00; Ср: 08:00-12:00, 13:00-17:00; Чт: 08:00-12:00, 13:00-17:00; Пт: 08:00-12:00, 13:00-17:00",B
"2-я Дубравная улица, 1г","Буровые работы, Сантехника",,Буровые работы,Нижний Новгород,0,,false,false,false,70000001047209649,56.389968,2GIS,43.738686,Эра водолея,,603066,,,,2026-10-09T03:05:56.060298+00:00,Нижний Новгород,бурение скважин,,https://2gis.ru/firm/70000001047209649,,Пн: 09:00-19:00; Вт: 09:00-19:00; Ср: 09:00-19:00; Чт: 09:00-19:00; Пт: 09:00-19:00; Сб: 09:00-19:00; Вс: 09:00-19:00,B
,"Буровые работы, Геологические работы, Геофизические работы, Геодезические работы, Экологическая оценка","+78312613777, +78313259801",Буровые работы,Нижний Новгород,90,mail@antikarst.ru,true,true,true,2674540559749724,,2GIS,,Противокарстовая и береговая защита,+78312613777,,,,,2026-10-09T03:05:56.081772+00:00,Нижний Новгород,бурение скважин,,https://2gis.ru/firm/2674540559749724,http://antikarst.ru,"Пн: 08:00-12:00, 13:00-18:00; Вт: 08:00-12:00, 13:00-18:00; Ср: 08:00-12:00, 13:00-18:00; Чт: 08:00-12:00, 13:00-18:00; Пт: 08:00-12:00, 13:00-18:00",B
"Северный посёлок, 103","Буровые работы, Насосное оборудование, Буровое оборудование","+78314239418, +79519159418, +78313209596",Буровые работы,Нижний Новгород,40,,false,true,false,2674541559814029,56.304704,2GIS,43.624657,"Планета насосов, торгово-сервисная фирма",+78314239418,606000,,1,,2026-10-09T03:05:56.124137+00:00,Нижний Новгород,бурение скважин,,https://2gis.ru/firm/2674541559814029,,Пн: 09:00-17:00; Вт: 09:00-17:00; Ср: 09:00-17:00; Чт: 09:00-17:00; Пт: 09:00-17:00; Сб: 09:00-16:00; Вс: 09:00-16:00,B
"Лесная улица, 3а",Буровые работы,+78314144138,Буровые работы,Нижний Новгород,65,,false,true,true,70000001028073703,56.168431,2GIS,44.172584,"Топбур, компания по бурению скважин",+78314144138,607655,,,,2026-10-09T03:05:56.146063+00:00,Нижний Новгород,бурение скважин,,https://2gis.ru/firm/70000001028073703,http://top-bur.ru,Пн: 08:00-18:00; Вт: 08:00-18:00; Ср: 08:00-18:00; Чт: 08:00-18:00; Пт: 08:00-18:00,A
"переулок Шохина, 15","Буровые работы, Геодезические работы, Геофизические работы, Геологические работы, Экологические работы","+78312304308, +78314164140, +78314590515",Буровые работы,Нижний Новгород,90,geomaster52@mail.ru,true,true,true,2674540559850399,56.136926,2GIS,44.196188,"Геосервис, геологическая компания",+78312304308,607661,,2,,2026-10-09T03:05:56.177095+00:00,Нижний Новгород,бурение скважин,,https://2gis.ru/firm/2674540559850399,http://geomaster52.ru,Пн: 08:00-17:00; Вт: 08:00-17:00; Ср: 08:00-17:00; Чт: 08:00-17:00; Пт: 08:00-16:00,B
"улица Костина, 3","Буровые работы, Геодезические работы, Экспертиза проектной документации и инженерных изысканий, Геологические работы","+78312113335, +78312113339",Буровые работы,Нижний Новгород,90,geopalitra@gmail.com,true,true,true,70000001035167266,56.312125,2GIS,43.990763,"Гео палитра, компания",+78312113335,603000,,,,2026-10-09T03:05:56.203923+00:00,Нижний Новгород,бурение скважин,,https://2gis.ru/firm/70000001035167266,http://geopalitra.com,Пн: 09:00-18:00; Вт: 09:00-18:00; Ср: 09:00-18:00; Чт: 09:00-18:00; Пт: 09:00-17:00,B
"Батумская улица, 1Б","Буровые работы, Геологические работы, Экологические работы, Геодезические работы, Гидрогеологические работы","+78314100342, +78314639002",Буровые работы,Нижний Новгород,90,opal96@list.ru,true,true,true,2674540563868354,56.266288,2GIS,43.978955,"Опал, компания инженерных изысканий",+78314100342,603009,,1,,2026-10-09T03:05:56.226153+00:00,Нижний Новгород,бурение скважин,,https://2gis.ru/firm/2674540563868354,http://xn----7sb7ajabh.xn--p1ai/,Пн: 09:00-17:00; Вт: 09:00-17:00; Ср: 09:00-17:00; Чт: 09:00-17:00; Пт: 09:00-17:00,A
"3-я Казахстанская улица, 32",Буровые работы,"+79609983000, +79131556046, +73812559496, +73812559254",Буровые работы,Омск,100,burvod59@mail.ru,true,true,true,282003257691962,54.906974,2GIS,73.290535,"Бур-Вод, строительная фирма",+79609983000,644036,5,2,1,2026-10-09T03:05:03.458746+00:00,Омск,бурение скважин,"whatsapp:https://wa.me/79131556046?text=%D0%97%D0%B4%D1%80%D0%B0%D0%B2%D1%81%D1%82%D0%B2%D1%83%D0%B9%D1%82%D0%B5!%0A%0A%D0%9F%D0%B8%D1%88%D1%83%20%D0%B8%D0%B7%20%D0%BF%D1%80%D0%B8%D0%BB%D0%BE%D0%B6%D0%B5%D0%BD%D0%B8%D1%8F%202%D0%93%D0%98%D0%A1.%0A%0A, telegram:https://t.me/+79131556046",https://2gis.ru/firm/282003257691962,http://www.burvod.com,Пн: 08:00-17:00; Вт: 08:00-17:00; Ср: 08:00-17:00; Чт: 08:00-17:00; Пт: 08:00-17:00,A
"улица Ватутина, 16","Буровые работы, Аренда спецтехники, Городские автогрузоперевозки, Заказ автобусов, Вывоз снега, Грузчики","+73812388370, +79039278970, +79081074213, +79609863822, +79609956507",Буровые работы,Омск,100,info@putevodnaya.ru,true,true,true,282003258936262,54.979381,2GIS,73.296867,"ПУТЕВОДНАЯ ЗВЕЗДА, транспортная компания",+73812388370,644074,5,32,19,2026-10-09T03:05:03.538124+00:00,Омск,бурение скважин,"whatsapp:https://wa.me/79081074213?text=%D0%97%D0%B4%D1%80%D0%B0%D0%B2%D1%81%D1%82%D0%B2%D1%83%D0%B9%D1%82%D0%B5!%0A%0A%D0%9F%D0%B8%D1%88%D1%83%20%D0%B8%D0%B7%20%D0%BF%D1%80%D0%B8%D0%BB%D0%BE%D0%B6%D0%B5%D0%BD%D0%B8%D1%8F%202%D0%93%D0%98%D0%A1.%0A%0A, telegram:https://t.me/+79081074213",https://2gis.ru/firm/282003258936262,http://putevodnaya.2gis.biz,Пн: 09:00-18:00; Вт: 09:00-18:00; Ср: 09:00-18:00; Чт: 09:00-18:00; Пт: 09:00-18:00,C
"Коммунальная улица, 8/1","Буровые работы, Сварочные работы, Наружное отопление, водоснабжение, канализация, Системы водоотведения, Промышленные трубы","+79136518297, +79139743047, +79136287182, +73812287167, +73812518297",Буровые работы,Омск,100,truboplaststroy@bk.ru,true,true,true,70000001043456172,55.055337,2GIS,73.308076,"Трубопласт, центральный офис, участок сварки полиэтиленовых труб",+79136518297,644083,5,9,3,2026-10-09T03:05:03.628954+00:00,Омск,бурение скважин,whatsapp:https://wa.me/79136518297?text=%D0%97%D0%B4%D1%80%D0%B0%D0%B2%D1%81%D1%82%D0%B2%D1%83%D0%B9%D1%82%D0%B5!%0A%0A%D0%9F%D0%B8%D1%88%D1%83%20%D0%B8%D0%B7%20%D0%BF%D1%80%D0%B8%D0%BB%D0%BE%D0%B6%D0%B5%D0%BD%D0%B8%D1%8F%202%D0%93%D0%98%D0%A1.%0A%0A,https://2gis.ru/firm/70000001043456172,http://truboplast55.ru,"Пн: 08:30-12:00, 12:30-17:00; Вт: 08:30-12:00, 12:30-17:00; Ср: 08:30-12:00, 12:30-17:00; Чт: 08:30-12:00, 12:30-17:00; Пт: 08:30-12:00, 12:30-17:00",C
"улица 5-я линия, 198/47","Буровые работы, Электроизмерительные работы, Электромонтажные работы, Промышленное строительство, Экспертиза промышленной безопасности","+73812531334, +73812532656",Буровые работы,Омск,90,mail@ehz-omsk.ru,true,true,true,282003257708713,54.961365,2GIS,73.403995,"Электро хим защита, компания",+73812531334,644046,,3,,2026-10-09T03:05:03.648401+00:00,Омск,бурение скважин,"whatsapp:https://wa.me/73812532656?text=%D0%97%D0%B4%D1%80%D0%B0%D0%B2%D1%81%D1%82%D0%B2%D1%83%D0%B9%D1%82%D0%B5!%0A%0A%D0%9F%D0%B8%D1%88%D1%83%20%D0%B8%D0%B7%20%D0%BF%D1%80%D0%B8%D0%BB%D0%BE%D0%B6%D0%B5%D0%BD%D0%B8%D1%8F%202%D0%93%D0%98%D0%A1.%0A%0A, telegram:https://t.me/ehzrussia",https://2gis.ru/firm/282003257708713,http://ehz-russia.com,"Пн: 08:00-12:00, 13:00-17:00; Вт: 08:00-12:00, 13:00-17:00; Ср: 08:00-12:00, 13:00-17:00; Чт: 08:00-12:00, 13:00-17:00; Пт: 08:00-12:00, 13:00-17:00",C
"22 Декабря, 88","Буровые работы, Наружное отопление, водоснабжение, канализация, Оборудование для очистки воды",+79120972602,Буровые работы,Омск,100,omskinfo@gidro-spec.ru,true,true,true,70000001064020962,54.947662,2GIS,73.289222,"Гидросервис, многопрофильная компания",+79120972602,644015,5,30,30,2026-10-09T03:05:03.696644+00:00,Омск,бурение скважин,whatsapp:https://wa.me/79139668025?text=%D0%97%D0%B4%D1%80%D0%B0%D0%B2%D1%81%D1%82%D0%B2%D1%83%D0%B9%D1%82%D0%B5!%0A%0A%D0%9F%D0%B8%D1%88%D1%83%20%D0%B8%D0%B7%20%D0%BF%D1%80%D0%B8%D0%BB%D0%BE%D0%B6%D0%B5%D0%BD%D0%B8%D1%8F%202%D0%93%D0%98%D0%A1.%0A%0A,https://2gis.ru/firm/70000001064020962,http://omsk-gidro-spec.ru/,Пн: 10:00-18:00; Вт: 10:00-18:00; Ср: 10:00-18:00; Чт: 10:00-18:00; Пт: 10:00-18:00,C
"улица Гусарова, 16","Буровые работы, Геологоразведочные работы, Геодезические работы, Геологические работы, Экологические работы",+73812246605,Буровые работы,Омск,90,info@omgre.su,true,true,true,282003257937845,54.994654,2GIS,73.377952,Омская геологоразведочная экспедиция,+73812246605,644007,,3,,2026-10-09T03:05:03.716900+00:00,Омск,бурение скважин,,https://2gis.ru/firm/282003257937845,http://www.omgre.su,"Пн: 08:00-12:00, 12:45-17:00; Вт: 08:00-12:00, 12:45-17:00; Ср: 08:00-12:00, 12:45-17:00; Чт: 08:00-12:00, 12:45-17:00; Пт: 08:00-12:00, 12:45-15:45",A
"улица 17-я линия, 48 к1","Буровые работы, Оборудование для автоматизации промышленности, Кабель и провод, Электромонтажные работы, Электроизмерительные работы",+73812332507,Буровые работы,Омск,75,,false,true,true,282003257695330,54.990564,2GIS,73.418304,"К-Электротехник, компания",+73812332507,644031,3.4,9,2,2026-10-09T03:05:03.753569+00:00,Омск,бурение скважин,,https://2gis.ru/firm/282003257695330,http://www.k-elektrotechnik.ru,"Пн: 09:00-13:00, 14:00-18:00; Вт: 09:00-13:00, 14:00-18:00; Ср: 09:00-13:00, 14:00-18:00; Чт: 09:00-13:00, 14:00-18:00; Пт: 09:00-13:00, 14:00-18:00",C
"3-я Заозёрная улица, 9","Буровые работы, Геодезические работы, Геологические работы, Проектирование инженерных систем, Архитектурное проектирование","+73812696139, +73812629710, +73812695147, +79831175888",Буровые работы,Омск,100,gazovik-2007@yandex.ru,true,true,true,282003257945896,55.028248,2GIS,73.303074,"Газовик-2007, проектно-изыскательская компания",+73812696139,644050,4.4,12,10,2026-10-09T03:05:03.789766+00:00,Омск,бурение скважин,"whatsapp:https://wa.me/79831175888?text=%D0%97%D0%B4%D1%80%D0%B0%D0%B2%D1%81%D1%82%D0%B2%D1%83%D0%B9%D1%82%D0%B5!%0A%0A%D0%9F%D0%B8%D1%88%D1%83%20%D0%B8%D0%B7%20%D0%BF%D1%80%D0%B8%D0%BB%D0%BE%D0%B6%D0%B5%D0%BD%D0%B8%D1%8F%202%D0%93%D0%98%D0%A1.%0A%0A, telegram:https://t.me/elenaarkadevna0807",https://2gis.ru/firm/282003257945896,http://pro-izyskaniya.ru,"Пн: 08:30-12:30, 13:30-17:30; Вт: 08:30-12:30, 13:30-17:30; Ср: 08:30-12:30, 13:30-17:30; Чт: 08:30-12:30, 13:30-17:30; Пт: 08:30-12:30, 13:30-17:30",B
"4-я Поселковая улица, 48","Буровые работы, Геологические работы, Геодезические работы, Геофизические работы",+73812651370,Буровые работы,Омск,75,trest@omsktisiz.com,true,true,false,282003257697183,55.031889,2GIS,73.291338,ОмскТИСИЗ,+73812651370,644050,5,5,2,2026-10-09T03:05:03.828101+00:00,Омск,бурение скважин,,https://2gis.ru/firm/282003257697183,,"Пн: 08:15-12:00, 12:45-17:00; Вт: 08:15-12:00, 12:45-17:00; Ср: 08:15-12:00, 12:45-17:00; Чт: 08:15-12:00, 12:45-17:00; Пт: 08:15-12:00, 12:45-17:00",B
"проспект Мира, 69г","Буровые работы, Наружное отопление, водоснабжение, канализация, Земляные работы, Внутренние системы отопления, водоснабжения, канализации","+79236908687, +73812503037",Буровые работы,Омск,100,sibbyr@ya.ru,true,true,true,70000001017385347,55.027049,2GIS,73.246294,Сибирская буровая компания,+79236908687,644089,4.8,53,53,2026-10-09T03:05:03.855589+00:00,Омск,бурение скважин,"whatsapp:https://wa.me/79236908687?text=%D0%97%D0%B4%D1%80%D0%B0%D0%B2%D1%81%D1%82%D0%B2%D1%83%D0%B9%D1%82%D0%B5!%0A%0A%D0%9F%D0%B8%D1%88%D1%83%20%D0%B8%D0%B7%20%D0%BF%D1%80%D0%B8%D0%BB%D0%BE%D0%B6%D0%B5%D0%BD%D0%B8%D1%8F%202%D0%93%D0%98%D0%A1.%0A%0A, telegram:https://t.me/+79236908687",https://2gis.ru/firm/70000001017385347,http://xn--90aat8abp.xn--p1ai,Пн: 08:00-20:00; Вт: 08:00-20:00; Ср: 08:00-20:00; Чт: 08:00-20:00; Пт: 08:00-20:00; Сб: 08:00-18:00,C
"улица Красный Путь, 153/2","Буровые работы, Гидрогеологические работы, Геодезические работы, Геологические работы, Экологические работы",+79994448326,Буровые работы,Омск,100,gidroinfo55@mail.ru,true,true,true,70000001021182366,55.011972,2GIS,73.327997,"Гидроизыскания, научно-производственное объединение",+79994448326,644033,5,19,15,2026-10-09T03:05:03.889258+00:00,Омск,бурение скважин,,https://2gis.ru/firm/70000001021182366,http://giiz.ru,Пн: 09:00-18:00; Вт: 09:00-18:00; Ср: 09:00-18:00; Чт: 09:00-18:00; Пт: 09:00-18:00,A
"75 Гвардейской бригады, 10в","Буровые работы, Строительство и обслуживание наружного газоснабжения, Наружное отопление, водоснабжение, канализация, Внутренние системы отопления, водоснабжения, канализации",+79139766363,Буровые работы,Омск,100,bestcom55@mail.ru,true,true,true,282003257851334,54.970068,2GIS,73.476926,"Бестком, строительная компания",+79139766363,644076,1,1,1,2026-10-09T03:05:03.920147+00:00,Омск,бурение скважин,"whatsapp:https://wa.me/79139777374?text=%D0%97%D0%B4%D1%80%D0%B0%D0%B2%D1%81%D1%82%D0%B2%D1%83%D0%B9%D1%82%D0%B5!%0A%0A%D0%9F%D0%B8%D1%88%D1%83%20%D0%B8%D0%B7%20%D0%BF%D1%80%D0%B8%D0%BB%D0%BE%D0%B6%D0%B5%D0%BD%D0%B8%D1%8F%202%D0%93%D0%98%D0%A1.%0A%0A, whatsapp:https://wa.me/79139715142?text=%D0%97%D0%B4%D1%80%D0%B0%D0%B2%D1%81%D1%82%D0%B2%D1%83%D0%B9%D1%82%D0%B5!%0A%0A%D0%9F%D0%B8%D1%88%D1%83%20%D0%B8%D0%B7%20%D0%BF%D1%80%D0%B8%D0%BB%D0%BE%D0%B6%D0%B5%D0%BD%D0%B8%D1%8F%202%D0%93%D0%98%D0%A1.%0A%0A",https://2gis.ru/firm/282003257851334,http://bestcom55.com,Пн: 08:00-17:00; Вт: 08:00-17:00; Ср: 08:00-17:00; Чт: 08:00-17:00; Пт: 08:00-17:00,C
"Универсальная улица, 15а","Буровые работы, Геофизические работы, Насосное оборудование, Геологические работы, Наружное отопление, водоснабжение, канализация",+73812367173,Буровые работы,Омск,100,pr.rodnik@yandex.ru,true,true,true,282003257691963,54.996329,2GIS,73.445802,"Родник, строительно-торговая компания",+73812367173,644031,4.1,4,2,2026-10-09T03:05:03.954969+00:00,Омск,бурение скважин,,https://2gis.ru/firm/282003257691963,http://www.rodnik-omsk.ru,"Пн: 08:00-12:00, 13:00-17:00; Вт: 08:00-12:00, 13:00-17:00; Ср: 08:00-12:00, 13:00-17:00; Чт: 08:00-12:00, 13:00-17:00; Пт: 08:00-12:00, 13:00-17:00",B
"улица Шебалдина, 60","Буровые работы, Стройматериалы, Строительство дач и коттеджей, Строительство гаражей, Теплоизоляционные материалы, Фасадные материалы и конструкции, Окна, Кровельные работы, Фасадные работы, Заборы и ограждения, Кровельные материалы, Ремонт зданий, Строительство бань и саун, Системы водоотведения, Облицовочный камень, Товары для отопления, водоснабжения, канализации, Чердачные лестницы, Гидроизоляционные работы, Геологические работы, Железобетонные изделия, Высотные работы, Автоматические ворота и шлагбаумы, Свайные работы, Сэндвич-панели, Керамогранит, Строительные блоки, Звукоизоляционные материалы, Теплоизоляционные работы, Металлоконструкции для строительства, Кирпич, Бетон и раствор, Геодезические работы","+79514274867, +73812483853",Буровые работы,Омск,100,popov.9@mail.ru,true,true,true,70000001060029812,54.986296,2GIS,73.412425,"Капстрой, торгово-строительная компания",+79514274867,644070,4.1,22,18,2026-10-09T03:05:03.975787+00:00,Омск,бурение скважин,whatsapp:https://wa.me/79514274867?text=%D0%97%D0%B4%D1%80%D0%B0%D0%B2%D1%81%D1%82%D0%B2%D1%83%D0%B9%D1%82%D0%B5!%0A%0A%D0%9F%D0%B8%D1%88%D1%83%20%D0%B8%D0%B7%20%D0%BF%D1%80%D0%B8%D0%BB%D0%BE%D0%B6%D0%B5%D0%BD%D0%B8%D1%8F%202%D0%93%D0%98%D0%A1.%0A%0A,https://2gis.ru/firm/70000001060029812,http://xn--55-6kc0bdzgiik.xn--p1ai,Пн: 09:00-18:00; Вт: 09:00-18:00; Ср: 09:00-18:00; Чт: 09:00-18:00; Пт: 09:00-18:00; Сб: 10:00-15:00,A
"22 Декабря, 98 к13",Буровые работы,+79913799250,Буровые работы,Омск,75,,false,true,true,70000001044921123,54.952289,2GIS,73.274987,"СибБурСтрой, компания",+79913799250,644015,5,5,3,2026-10-09T03:05:04.014343+00:00,Омск,бурение скважин,"whatsapp:https://wa.me/79913799250?text=%D0%97%D0%B4%D1%80%D0%B0%D0%B2%D1%81%D1%82%D0%B2%D1%83%D0%B9%D1%82%D0%B5!%0A%0A%D0%9F%D0%B8%D1%88%D1%83%20%D0%B8%D0%B7%20%D0%BF%D1%80%D0%B8%D0%BB%D0%BE%D0%B6%D0%B5%D0%BD%D0%B8%D1%8F%202%D0%93%D0%98%D0%A1.%0A%0A, telegram:https://t.me/sibburstroy",https://2gis.ru/firm/70000001044921123,http://xn------6cddhctaghtfyh5afiwz0al1a.xn--p1ai,Пн: 06:00-24:00; Вт: 06:00-24:00; Ср: 06:00-24:00; Чт: 06:00-24:00; Пт: 06:00-24:00; Сб: 06:00-24:00; Вс: 06:00-24:00,A
"Лесоперевалка, 3","Буровые работы, Чёрный металлопрокат, Металлообработка, Антикоррозийная обработка металла, Заборы и ограждения","+73812901145, +79620440399, +79620319333, +73812389668",Буровые работы,Омск,90,380416@mail.ru,true,true,true,70000001007138073,54.896539,2GIS,73.308606,"СибМеталлСервис, торгово-производственная компания",+73812901145,644036,,1,,2026-10-09T03:05:04.034388+00:00,Омск,бурение скважин,"whatsapp:https://wa.me/79620319333?text=%D0%97%D0%B4%D1%80%D0%B0%D0%B2%D1%81%D1%82%D0%B2%D1%83%D0%B9%D1%82%D0%B5!%0A%0A%D0%9F%D0%B8%D1%88%D1%83%20%D0%B8%D0%B7%20%D0%BF%D1%80%D0%B8%D0%BB%D0%BE%D0%B6%D0%B5%D0%BD%D0%B8%D1%8F%202%D0%93%D0%98%D0%A1.%0A%0A, whatsapp:https://wa.me/79620440399?text=%D0%97%D0%B4%D1%80%D0%B0%D0%B2%D1%81%D1%82%D0%B2%D1%83%D0%B9%D1%82%D0%B5!%0A%0A%D0%9F%D0%B8%D1%88%D1%83%20%D0%B8%D0%B7%20%D0%BF%D1%80%D0%B8%D0%BB%D0%BE%D0%B6%D0%B5%D0%BD%D0%B8%D1%8F%202%D0%93%D0%98%D0%A1.%0A%0A",https://2gis.ru/firm/70000001007138073,http://truba55.ru,"Пн: 09:00-13:00, 14:00-18:00; Вт: 09:00-13:00, 14:00-18:00; Ср: 09:00-13:00, 14:00-18:00; Чт: 09:00-13:00, 14:00-18:00; Пт: 09:00-13:00, 14:00-18:00",B
"улица Туполева, 2","Буровые работы, Геологические работы, Геодезические работы, Кадастровые работы","+79136321206, +79609847902",Буровые работы,Омск,65,ooo.sfera.region.55@yandex.ru,true,true,false,282003258051197,54.994103,2GIS,73.306777,Сфера,+79136321206,644112,,2,,2026-10-09T03:05:04.074672+00:00,Омск,бурение скважин,whatsapp:https://wa.me/79609847902?text=%D0%97%D0%B4%D1%80%D0%B0%D0%B2%D1%81%D1%82%D0%B2%D1%83%D0%B9%D1%82%D0%B5!%0A%0A%D0%9F%D0%B8%D1%88%D1%83%20%D0%B8%D0%B7%20%D0%BF%D1%80%D0%B8%D0%BB%D0%BE%D0%B6%D0%B5%D0%BD%D0%B8%D1%8F%202%D0%93%D0%98%D0%A1.%0A%0A,https://2gis.ru/firm/282003258051197,,Пн: 09:00-18:00; Вт: 09:00-18:00; Ср: 09:00-18:00; Чт: 09:00-18:00; Пт: 09:00-18:00,B
"Комбинатский переулок, 2","Буровые работы, Геодезические работы, Геологические работы, Экологические работы, Гидрогеологические работы","+73812201701, +79230454590",Буровые работы,Омск,90,info@stroyiz.ru,true,true,true,70000001027788384,55.032405,2GIS,73.28573,Стройизыскания,+73812201701,644050,,4,,2026-10-09T03:05:04.113099+00:00,Омск,бурение скважин,"whatsapp:https://wa.me/79230454590?text=%D0%97%D0%B4%D1%80%D0%B0%D0%B2%D1%81%D1%82%D0%B2%D1%83%D0%B9%D1%82%D0%B5!%0A%0A%D0%9F%D0%B8%D1%88%D1%83%20%D0%B8%D0%B7%20%D0%BF%D1%80%D0%B8%D0%BB%D0%BE%D0%B6%D0%B5%D0%BD%D0%B8%D1%8F%202%D0%93%D0%98%D0%A1.%0A%0A, telegram:https://t.me/+79230454590",https://2gis.ru/firm/70000001027788384,http://stroyiz.ru,Пн: 09:00-18:00; Вт: 09:00-18:00; Ср: 09:00-18:00; Чт: 09:00-18:00; Пт: 09:00-18:00,A
"Заводская улица, 1","Буровые работы, Сварочное оборудование, Электроинструмент, Сварочные материалы, Аренда спецтехники","+79139708757, +73812918555",Буровые работы,Омск,65,inkom.info@bk.ru,true,true,false,282003257999435,55.049591,2GIS,73.263787,"Инком, торговая компания",+79139708757,644065,,4,,2026-10-09T03:05:04.151478+00:00,Омск,бурение скважин,,https://2gis.ru/firm/282003257999435,,Пн: 09:00-16:30; Вт: 09:00-16:30; Ср: 09:00-16:30; Чт: 09:00-16:30; Пт: 09:00-16:30,C
"13-я Северная улица, 57","Буровые работы, Геодезические работы, Геологические работы, Экологические работы, Аэросъёмка",+79043248333,Буровые работы,Омск,90,telaga_invest@mail.ru,true,true,true,70000001031573480,55.014428,2GIS,73.364634,"Востер, компания",+79043248333,644033,,,,2026-10-09T03:05:04.169132+00:00,Омск,бурение скважин,telegram:https://t.me/Dmitriy_igs,https://2gis.ru/firm/70000001031573480,http://vostergeo.ru/,Пн: 09:00-18:00; Вт: 09:00-18:00; Ср: 09:00-18:00; Чт: 09:00-18:00; Пт: 09:00-18:00,B
"Монастырская улица, 14","Буровые работы, Экологические работы, Геологические работы, Буровое оборудование, Наружное отопление, водоснабжение, канализация, Металлообработка, Товары для отопления, водоснабжения, канализации, Внутренние системы отопления, водоснабжения, канализации, Локальные очистные сооружения, Оборудование для очистки воды, Экологическая оценка","+73422474938, +79194401314",Буровые работы,Пермь,100,zubkperm@mail.ru,true,true,true,70000001030107133,58.014847,2GIS,56.229414,"Западно-Уральская Буровая Компания, компания по буровым работам и производству овощных ям и погребов",+73422474938,614000,5,28,26,2026-10-09T03:04:37.967662+00:00,Пермь,бурение скважин,"whatsapp:https://wa.me/79824603090?text=%D0%97%D0%B4%D1%80%D0%B0%D0%B2%D1%81%D1%82%D0%B2%D1%83%D0%B9%D1%82%D0%B5!%0A%0A%D0%9F%D0%B8%D1%88%D1%83%20%D0%B8%D0%B7%20%D0%BF%D1%80%D0%B8%D0%BB%D0%BE%D0%B6%D0%B5%D0%BD%D0%B8%D1%8F%202%D0%93%D0%98%D0%A1.%0A%0A, telegram:https://t.me/burovoiperm",https://2gis.ru/firm/70000001030107133,http://zubk.net,Пн: 09:00-18:00; Вт: 09:00-18:00; Ср: 09:00-18:00; Чт: 09:00-18:00; Пт: 09:00-18:00; Сб: 09:00-18:00; Вс: 09:00-18:00,B
"Промышленная улица, 103/1","Буровые работы, Производство изделий из пластмасс, Товары для отопления, водоснабжения, канализации, Системы водоотведения",+73422060828,Буровые работы,Пермь,100,info@primeplast.ru,true,true,true,70000001041500142,57.921022,2GIS,56.149268,"Праймпласт, завод по производству труб",+73422060828,614055,5,17,11,2026-10-09T03:04:38.059341+00:00,Пермь,бурение скважин,,https://2gis.ru/firm/70000001041500142,http://primeplast.ru,Пн: 09:00-17:30; Вт: 09:00-17:30; Ср: 09:00-17:30; Чт: 09:00-17:30; Пт: 09:00-17:30,C
"улица Химиков, 7","Буровые работы, Взрывные работы, Промышленная химия",+73422482320,Буровые работы,Пермь,90,office@azottech.ru,true,true,true,70000001026987942,59.415034,2GIS,56.790423,"Азоттех, компания",+73422482320,618400,,,,2026-10-09T03:04:38.104598+00:00,Пермь,бурение скважин,,https://2gis.ru/firm/70000001026987942,http://azottech.ru,Пн: 08:30-17:00; Вт: 08:30-17:00; Ср: 08:30-17:00; Чт: 08:30-17:00; Пт: 08:30-16:00,B
"улица Революции, 60/1","Буровые работы, Геологоразведочные работы, Локальные очистные сооружения, Гидрогеологические работы",+73422022222,Буровые работы,Пермь,100,burprm@mail.ru,true,true,true,70000001060414560,58.003165,2GIS,56.235071,"УралБурСтрой, производственно-строительная компания",+73422022222,614016,4.1,23,16,2026-10-09T03:04:38.139311+00:00,Пермь,бурение скважин,"whatsapp:https://wa.me/79127887068?text=%D0%97%D0%B4%D1%80%D0%B0%D0%B2%D1%81%D1%82%D0%B2%D1%83%D0%B9%D1%82%D0%B5!%0A%0A%D0%9F%D0%B8%D1%88%D1%83%20%D0%B8%D0%B7%20%D0%BF%D1%80%D0%B8%D0%BB%D0%BE%D0%B6%D0%B5%D0%BD%D0%B8%D1%8F%202%D0%93%D0%98%D0%A1.%0A%0A, telegram:https://t.me/+79127887068",https://2gis.ru/firm/70000001060414560,http://uralburstroi.ru,Пн: 09:00-18:00; Вт: 09:00-18:00; Ср: 09:00-18:00; Чт: 09:00-18:00; Пт: 09:00-17:00,A
"2-я Гамовская улица, 89","Буровые работы, Экологические работы, Геологические работы, Буровое оборудование, Наружное отопление, водоснабжение, канализация, Металлообработка, Товары для отопления, водоснабжения, канализации, Внутренние системы отопления, водоснабжения, канализации, Локальные очистные сооружения, Оборудование для очистки воды, Экологическая оценка","+73422474938, +79824453757",Буровые работы,Пермь,100,zubkperm@mail.ru,true,true,true,70000001017329291,57.963829,2GIS,56.144836,"Западно-Уральская Буровая Компания, компания по буровым работам и производству овощных ям и погребов",+73422474938,614065,4.6,51,47,2026-10-09T03:04:38.338104+00:00,Пермь,бурение скважин,"whatsapp:https://wa.me/79824603090?text=%D0%97%D0%B4%D1%80%D0%B0%D0%B2%D1%81%D1%82%D0%B2%D1%83%D0%B9%D1%82%D0%B5!%0A%0A%D0%9F%D0%B8%D1%88%D1%83%20%D0%B8%D0%B7%20%D0%BF%D1%80%D0%B8%D0%BB%D0%BE%D0%B6%D0%B5%D0%BD%D0%B8%D1%8F%202%D0%93%D0%98%D0%A1.%0A%0A, telegram:https://t.me/burovoiperm, telegram:https://t.me/+79824603090",https://2gis.ru/firm/70000001017329291,http://zubk.net,Пн: 09:00-18:00; Вт: 09:00-18:00; Ср: 09:00-18:00; Чт: 09:00-18:00; Пт: 09:00-18:00; Сб: 08:30-15:00; Вс: 08:30-15:00,B
"улица Куйбышева, 52","Буровые работы, Геодезические работы, Геофизические работы, Геологические работы, Экологические работы","+73422393112, +73422393024",Буровые работы,Пермь,90,vktisiz@bk.ru,true,true,true,2252328094686345,58.002133,2GIS,56.239362,"ВерхнекамТИСИз, компания по инженерно-строительным изысканиям",+73422393112,614016,,3,,2026-10-09T03:04:38.440607+00:00,Пермь,бурение скважин,telegram:https://t.me/olegesyunin,https://2gis.ru/firm/2252328094686345,http://vktisiz.ru,"Пн: 08:00-12:30, 13:30-17:00; Вт: 08:00-12:30, 13:30-17:00; Ср: 08:00-12:30, 13:30-17:00; Чт: 08:00-12:30, 13:30-17:00; Пт: 08:00-12:30, 13:30-17:00",B
"Советская улица, 3","Буровые работы, Свайные работы, Архитектурное проектирование, Строительство фундамента","88002509450, +73422556417",Буровые работы,Пермь,100,info@geospt.ru,true,true,true,2252328095562316,58.018071,2GIS,56.251185,"Геоспецтехнология, строительная компания",88002509450,614000,3.8,17,13,2026-10-09T03:04:38.484368+00:00,Пермь,бурение скважин,,https://2gis.ru/firm/2252328095562316,http://geospt.ru,Пн: 09:00-18:00; Вт: 09:00-18:00; Ср: 09:00-18:00; Чт: 09:00-18:00; Пт: 09:00-18:00,A
"шоссе Космонавтов, 304 к1","Буровые работы, Гидрогеологические работы","+73422979571, +79504727519",Буровые работы,Пермь,75,brasproekt@mail.ru,true,true,false,2252328094697421,57.948848,2GIS,56.083011,"Брас, буровая компания",+73422979571,614500,3.7,5,3,2026-10-09T03:04:38.524439+00:00,Пермь,бурение скважин,,https://2gis.ru/firm/2252328094697421,,Пн: 08:00-17:00; Вт: 08:00-17:00; Ср: 08:00-17:00; Чт: 08:00-17:00; Пт: 08:00-17:00,A
"Строителей, 37а","Буровые работы, Геологические работы, Геодезические работы, Экологические работы","+79124929839, +79223715700",Буровые работы,Пермь,40,,false,true,false,70000001063244890,58.000281,2GIS,56.157378,"Край Гео, компания",+79124929839,614097,,,,2026-10-09T03:04:38.563470+00:00,Пермь,бурение скважин,"whatsapp:https://wa.me/79223715700?text=%D0%97%D0%B4%D1%80%D0%B0%D0%B2%D1%81%D1%82%D0%B2%D1%83%D0%B9%D1%82%D0%B5!%0A%0A%D0%9F%D0%B8%D1%88%D1%83%20%D0%B8%D0%B7%20%D0%BF%D1%80%D0%B8%D0%BB%D0%BE%D0%B6%D0%B5%D0%BD%D0%B8%D1%8F%202%D0%93%D0%98%D0%A1.%0A%0A, whatsapp:https://wa.me/79124929839?text=%D0%97%D0%B4%D1%80%D0%B0%D0%B2%D1%81%D1%82%D0%B2%D1%83%D0%B9%D1%82%D0%B5!%0A%0A%D0%9F%D0%B8%D1%88%D1%83%20%D0%B8%D0%B7%20%D0%BF%D1%80%D0%B8%D0%BB%D0%BE%D0%B6%D0%B5%D0%BD%D0%B8%D1%8F%202%D0%93%D0%98%D0%A1.%0A%0A, telegram:https://t.me/+79124929839, telegram:https://t.me/+79223715700",https://2gis.ru/firm/70000001063244890,,"Пн: 09:00-12:00, 13:00-17:00; Вт: 09:00-12:00, 13:00-17:00; Ср: 09:00-12:00, 13:00-17:00; Чт: 09:00-12:00, 13:00-17:00; Пт: 09:00-12:00, 13:00-17:00",B
"Монастырская улица, 14","Буровые работы, Геодезические работы, Геофизические работы, Геологические работы, Экологические работы",+73422159560,Буровые работы,Пермь,90,ppi59@yandex.ru,true,true,true,2252328094998438,58.014814,2GIS,56.229225,"Пермпроектизыскания, инженерная компания",+73422159560,614000,,3,,2026-10-09T03:04:38.603512+00:00,Пермь,бурение скважин,,https://2gis.ru/firm/2252328094998438,http://ppi59.ru,"Пн: 08:30-13:00, 14:00-17:30; Вт: 08:30-13:00, 14:00-17:30; Ср: 08:30-13:00, 14:00-17:30; Чт: 08:30-13:00, 14:00-17:30; Пт: 08:30-13:00, 14:00-17:30",B
"1-я Красавинская улица, 38",Буровые работы,"+73422030334, +73422344454",Буровые работы,Пермь,90,2030334@mail.ru,true,true,true,70000001021629931,57.961578,2GIS,56.121531,"Ск Горизонт, компания по горизонтально-направленному бурению",+73422030334,614500,,5,,2026-10-09T03:04:38.645863+00:00,Пермь,бурение скважин,"whatsapp:https://wa.me/79526644454?text=%D0%97%D0%B4%D1%80%D0%B0%D0%B2%D1%81%D1%82%D0%B2%D1%83%D0%B9%D1%82%D0%B5!%0A%0A%D0%9F%D0%B8%D1%88%D1%83%20%D0%B8%D0%B7%20%D0%BF%D1%80%D0%B8%D0%BB%D0%BE%D0%B6%D0%B5%D0%BD%D0%B8%D1%8F%202%D0%93%D0%98%D0%A1.%0A%0A, telegram:https://t.me/+79526644454",https://2gis.ru/firm/70000001021629931,http://2030334.ru,Пн: 09:00-18:00; Вт: 09:00-18:00; Ср: 09:00-18:00; Чт: 09:00-18:00; Пт: 09:00-18:00,A
"Монастырская улица, 61",Буровые работы,+73422570154,Буровые работы,Пермь,100,gnb@elektis.ru,true,true,true,70000001047034241,58.014361,2GIS,56.228934,"ЭлектИС, инженерно-строительная компания",+73422570154,614000,5,1,1,2026-10-09T03:04:38.695772+00:00,Пермь,бурение скважин,,https://2gis.ru/firm/70000001047034241,http://elektis.ru,Пн: 08:30-17:30; Вт: 08:30-17:30; Ср: 08:30-17:30; Чт: 08:30-17:30; Пт: 08:30-17:30,A
"улица Нефтяников, 34",Буровые работы,"+73426538888, +73426538889",Буровые работы,Пермь,65,perm@bke.ru,true,true,false,70000001031481036,58.297207,2GIS,56.404207,"Евразия, буровая компания",+73426538888,618703,,,,2026-10-09T03:04:38.724671+00:00,Пермь,бурение скважин,,https://2gis.ru/firm/70000001031481036,,"Пн: 07:00-12:00, 13:00-20:00; Вт: 07:00-12:00, 13:00-20:00; Ср: 07:00-12:00, 13:00-20:00; Чт: 07:00-12:00, 13:00-20:00; Пт: 07:00-12:00, 13:00-20:00",A
"Монастырская улица, 160","Буровые работы, Геологические работы, Геодезические работы, Экологические работы, Внутренние системы отопления, водоснабжения, канализации",+73422020633,Буровые работы,Пермь,100,info@permgc.ru,true,true,true,2252328095196600,58.009267,2GIS,56.197334,Пермский геологический центр,+73422020633,614068,4.5,24,20,2026-10-09T03:04:38.757656+00:00,Пермь,бурение скважин,whatsapp:https://wa.me/79824810233?text=%D0%97%D0%B4%D1%80%D0%B0%D0%B2%D1%81%D1%82%D0%B2%D1%83%D0%B9%D1%82%D0%B5!%0A%0A%D0%9F%D0%B8%D1%88%D1%83%20%D0%B8%D0%B7%20%D0%BF%D1%80%D0%B8%D0%BB%D0%BE%D0%B6%D0%B5%D0%BD%D0%B8%D1%8F%202%D0%93%D0%98%D0%A1.%0A%0A,https://2gis.ru/firm/2252328095196600,http://www.permgc.ru,"Пн: 08:30-12:00, 13:00-17:30; Вт: 08:30-12:00, 13:00-17:30; Ср: 08:30-12:00, 13:00-17:30; Чт: 08:30-12:00, 13:00-17:30; Пт: 08:30-12:00, 13:00-17:30",B
"Комсомольский проспект, 20","Буровые работы, Обслуживание нефтегазодобывающих компаний",+73422111233,Буровые работы,Пермь,90,nsh@pnsh.ru,true,true,true,2252328094679017,58.012709,2GIS,56.237886,"Нефтьсервисхолдинг, сервисная компания",+73422111233,614000,,,,2026-10-09T03:04:38.803877+00:00,Пермь,бурение скважин,,https://2gis.ru/firm/2252328094679017,http://www.pnsh.ru,"Пн: 09:00-13:00, 14:00-18:00; Вт: 09:00-13:00, 14:00-18:00; Ср: 09:00-13:00, 14:00-18:00; Чт: 09:00-13:00, 14:00-18:00; Пт: 09:00-13:00, 14:00-17:00",B
"улица Лебедева, 9","Буровые работы, Экспертиза проектной документации и инженерных изысканий, Архитектурное проектирование, Геодезические работы, Полиграфия, Кадастровые работы, Оперативная полиграфия, Дизайн интерьеров, Дизайн рекламы, Ландшафтный дизайн, Плоттерная резка, Предпечатная подготовка, Проектирование инженерных систем, Экологические работы, Геологические работы, Геофизические работы, Гидрогеологические работы, Экологическая оценка, Экспертиза зданий и сооружений, Инжиниринговые услуги, Наружное отопление, водоснабжение, канализация",+73422099620,Буровые работы,Пермь,75,geostructura_perm@mail.ru,true,true,false,70000001036557662,58.026757,2GIS,56.299267,"Геоструктура, проектно-изыскательная компания",+73422099620,614107,5,13,10,2026-10-09T03:04:38.851066+00:00,Пермь,бурение скважин,,https://2gis.ru/firm/70000001036557662,,"Пн: 09:00-12:00, 13:00-18:00; Вт: 09:00-12:00, 13:00-18:00; Ср: 09:00-12:00, 13:00-18:00; Чт: 09:00-12:00, 13:00-18:00; Пт: 09:00-12:00, 13:00-18:00",A
"Газеты Звезда, 27","Буровые работы, Промышленная химия","+73422580191, +73422935635",Буровые работы,Пермь,90,progress.ooo@mail.ru,true,true,true,70000001082979184,58.009446,2GIS,56.245835,Progress,+73422580191,614000,,,,2026-10-09T03:04:38.922016+00:00,Пермь,бурение скважин,,https://2gis.ru/firm/70000001082979184,http://progress2.ru,Пн: 09:00-18:00; Вт: 09:00-18:00; Ср: 09:00-18:00; Чт: 09:00-18:00; Пт: 09:00-18:00,B
"шоссе Космонавтов, 316к","Буровые работы, Взрывные работы","+73422963225, +73422962233, +73422962788",Буровые работы,Пермь,90,info@пермвзрывпром.рф,true,true,true,2252328094712450,57.952263,2GIS,56.107857,"Пермвзрывпром, компания буровзрывных работ",+73422963225,614065,,,,2026-10-09T03:04:38.951861+00:00,Пермь,бурение скважин,,https://2gis.ru/firm/2252328094712450,http://xn--b1aahjxdncffdc4l.xn--p1ai,"Пн: 08:00-11:00, 11:30-15:00; Вт: 08:00-11:00, 11:30-15:00; Ср: 08:00-11:00, 11:30-15:00; Чт: 08:00-11:00, 11:30-15:00; Пт: 08:00-11:00, 11:30-14:00",B
"улица Кальвица, 24","Буровые работы, Геологоразведочные работы, Геологические работы, Геодезические работы","+74112318751,,,201",Буровые работы,Покровск,75,yakutskgeo@rusgeology.ru,true,true,false,70000001017890831,62.049331,2GIS,129.733155,"Якутскгеология, горно-геологическое предприятие","+74112318751,,,201",677009,4.6,48,7,2026-10-09T02:19:01.542775+00:00,Покровск,бурение скважин,,https://2gis.ru/firm/70000001017890831,,"Пн: 09:00-13:00, 14:00-18:00; Вт: 09:00-13:00, 14:00-18:00; Ср: 09:00-13:00, 14:00-18:00; Чт: 09:00-13:00, 14:00-18:00; Пт: 09:00-13:00, 14:00-18:00",A
"Покровский тракт 5 километр, 12/2","Буровые работы, Междугородные автогрузоперевозки, Застройщики",+79245678333,Буровые работы,Покровск,75,331400@mail.ru,true,true,false,70000001020150893,61.990071,2GIS,129.696538,"Монтажник, многопрофильная компания",+79245678333,677007,4.9,19,1,2026-10-09T02:19:01.648024+00:00,Покровск,бурение скважин,whatsapp:https://wa.me/79245678333?text=%D0%97%D0%B4%D1%80%D0%B0%D0%B2%D1%81%D1%82%D0%B2%D1%83%D0%B9%D1%82%D0%B5!%0A%0A%D0%9F%D0%B8%D1%88%D1%83%20%D0%B8%D0%B7%20%D0%BF%D1%80%D0%B8%D0%BB%D0%BE%D0%B6%D0%B5%D0%BD%D0%B8%D1%8F%202%D0%93%D0%98%D0%A1.%0A%0A,https://2gis.ru/firm/70000001020150893,,"Пн: 09:00-13:00, 14:00-18:00; Вт: 09:00-13:00, 14:00-18:00; Ср: 09:00-13:00, 14:00-18:00; Чт: 09:00-13:00, 14:00-18:00; Пт: 09:00-13:00, 14:00-18:00",B
"территория Сатагай, 203","Буровые работы, Геологоразведочные работы, Песок и щебень",+79138181256,Буровые работы,Покровск,75,udachabur@yandex.ru,true,true,false,70000001060392812,61.906905,2GIS,129.561148,БВК-Удача Плюс,+79138181256,677901,5,5,2,2026-10-09T02:19:01.682758+00:00,Покровск,бурение скважин,,https://2gis.ru/firm/70000001060392812,,Пн: 09:00-18:00; Вт: 09:00-18:00; Ср: 09:00-18:00; Чт: 09:00-18:00; Пт: 09:00-18:00,A
"улица Очиченко, 43/1","Буровые работы, Аренда спецтехники, Строительство фундамента, Свайные работы","+79142050610, +79143033985, +79142236139",Буровые работы,Покровск,75,ooo.baza43@mail.ru,true,true,false,70000001096872072,62.094661,2GIS,129.795713,"База 43, компания по аренде спецтехники и оборудования",+79142050610,677004,5,11,7,2026-10-09T02:19:01.732385+00:00,Покровск,бурение скважин,"whatsapp:https://wa.me/79142236139?text=%D0%97%D0%B4%D1%80%D0%B0%D0%B2%D1%81%D1%82%D0%B2%D1%83%D0%B9%D1%82%D0%B5!%0A%0A%D0%9F%D0%B8%D1%88%D1%83%20%D0%B8%D0%B7%20%D0%BF%D1%80%D0%B8%D0%BB%D0%BE%D0%B6%D0%B5%D0%BD%D0%B8%D1%8F%202%D0%93%D0%98%D0%A1.%0A%0A, whatsapp:https://wa.me/79143033985?text=%D0%97%D0%B4%D1%80%D0%B0%D0%B2%D1%81%D1%82%D0%B2%D1%83%D0%B9%D1%82%D0%B5!%0A%0A%D0%9F%D0%B8%D1%88%D1%83%20%D0%B8%D0%B7%20%D0%BF%D1%80%D0%B8%D0%BB%D0%BE%D0%B6%D0%B5%D0%BD%D0%B8%D1%8F%202%D0%93%D0%98%D0%A1.%0A%0A",https://2gis.ru/firm/70000001096872072,,"Пн: 09:00-13:00, 14:00-18:00; Вт: 09:00-13:00, 14:00-18:00; Ср: 09:00-13:00, 14:00-18:00; Чт: 09:00-13:00, 14:00-18:00; Пт: 09:00-13:00, 14:00-18:00; Сб: 09:00-13:00, 14:00-18:00; Вс: 09:00-13:00, 14:00-18:00",A
"улица Шавкунова, 105","Буровые работы, Проектирование дорог и мостов, Геодезические работы, Геологоразведочные работы","+79246635119, +79248737333",Буровые работы,Покровск,90,sakhainj@mail.ru,true,true,true,7037402698855997,62.032154,2GIS,129.716371,"Доринжиниринг, проектно-изыскательская компания",+79246635119,677027,,8,,2026-10-09T02:19:01.764900+00:00,Покровск,бурение скважин,"whatsapp:https://wa.me/79246635119?text=%D0%97%D0%B4%D1%80%D0%B0%D0%B2%D1%81%D1%82%D0%B2%D1%83%D0%B9%D1%82%D0%B5!%0A%0A%D0%9F%D0%B8%D1%88%D1%83%20%D0%B8%D0%B7%20%D0%BF%D1%80%D0%B8%D0%BB%D0%BE%D0%B6%D0%B5%D0%BD%D0%B8%D1%8F%202%D0%93%D0%98%D0%A1.%0A%0A, whatsapp:https://wa.me/79248737333?text=%D0%97%D0%B4%D1%80%D0%B0%D0%B2%D1%81%D1%82%D0%B2%D1%83%D0%B9%D1%82%D0%B5!%0A%0A%D0%9F%D0%B8%D1%88%D1%83%20%D0%B8%D0%B7%20%D0%BF%D1%80%D0%B8%D0%BB%D0%BE%D0%B6%D0%B5%D0%BD%D0%B8%D1%8F%202%D0%93%D0%98%D0%A1.%0A%0A, telegram:https://t.me/vasily_nikolaev1983",https://2gis.ru/firm/7037402698855997,http://sakhainj.ru/,"Пн: 09:00-13:00, 14:00-18:00; Вт: 09:00-13:00, 14:00-18:00; Ср: 09:00-13:00, 14:00-18:00; Чт: 09:00-13:00, 14:00-18:00; Пт: 09:00-13:00, 14:00-18:00",A
"улица Билибина, 4 к8","Буровые работы, Строительство фундамента, Ремонт зданий, Гидротехническое строительство, Земляные работы","+79142716583, +79246641726",Буровые работы,Покровск,100,geotechnologia@mail.ru,true,true,true,7037402698754562,62.034784,2GIS,129.642059,"Геотехнология, научно-внедренческий центр",+79142716583,677008,5,12,1,2026-10-09T02:19:01.803798+00:00,Покровск,бурение скважин,"whatsapp:https://wa.me/79148200304?text=%D0%97%D0%B4%D1%80%D0%B0%D0%B2%D1%81%D1%82%D0%B2%D1%83%D0%B9%D1%82%D0%B5!%0A%0A%D0%9F%D0%B8%D1%88%D1%83%20%D0%B8%D0%B7%20%D0%BF%D1%80%D0%B8%D0%BB%D0%BE%D0%B6%D0%B5%D0%BD%D0%B8%D1%8F%202%D0%93%D0%98%D0%A1.%0A%0A, telegram:https://t.me/+79148200304",https://2gis.ru/firm/7037402698754562,http://geotechnologia.ru,"Пн: 08:00-12:00, 13:00-17:00; Вт: 08:00-12:00, 13:00-17:00; Ср: 08:00-12:00, 13:00-17:00; Чт: 08:00-12:00, 13:00-17:00; Пт: 08:00-12:00, 13:00-17:00",C
,"Буровые работы, Электромонтажные работы, Аренда спецтехники, Монтаж климатических систем",+79241710992,Буровые работы,Покровск,75,poyasok.yury@yandex.ru,true,true,false,70000001043586250,,2GIS,,"Энергосервис, многопрофильная компания",+79241710992,,5,2,2,2026-10-09T02:19:01.852067+00:00,Покровск,бурение скважин,whatsapp:https://wa.me/79241710992?text=%D0%97%D0%B4%D1%80%D0%B0%D0%B2%D1%81%D1%82%D0%B2%D1%83%D0%B9%D1%82%D0%B5!%0A%0A%D0%9F%D0%B8%D1%88%D1%83%20%D0%B8%D0%B7%20%D0%BF%D1%80%D0%B8%D0%BB%D0%BE%D0%B6%D0%B5%D0%BD%D0%B8%D1%8F%202%D0%93%D0%98%D0%A1.%0A%0A,https://2gis.ru/firm/70000001043586250,,Пн: 06:00-20:00; Вт: 06:00-20:00; Ср: 06:00-20:00; Чт: 06:00-20:00; Пт: 06:00-20:00; Сб: 06:00-20:00; Вс: 06:00-20:00,C
"Сантехнический проезд, 1","Буровые работы, Архитектурное проектирование, Экспертиза зданий и сооружений, Геологические работы, Геодезические работы",+79142775666,Буровые работы,Покровск,75,arctic-project@mail.ru,true,true,false,70000001061931341,61.958197,2GIS,129.646828,"Арктик Проект, проектно-изыскательная компания",+79142775666,677007,5,5,5,2026-10-09T02:19:01.892396+00:00,Покровск,бурение скважин,"whatsapp:https://wa.me/79142775666?text=%D0%97%D0%B4%D1%80%D0%B0%D0%B2%D1%81%D1%82%D0%B2%D1%83%D0%B9%D1%82%D0%B5!%0A%0A%D0%9F%D0%B8%D1%88%D1%83%20%D0%B8%D0%B7%20%D0%BF%D1%80%D0%B8%D0%BB%D0%BE%D0%B6%D0%B5%D0%BD%D0%B8%D1%8F%202%D0%93%D0%98%D0%A1.%0A%0A, telegram:https://t.me/+79142775666",https://2gis.ru/firm/70000001061931341,,"Пн: 09:00-13:00, 14:00-18:00; Вт: 09:00-13:00, 14:00-18:00; Ср: 09:00-13:00, 14:00-18:00; Чт: 09:00-13:00, 14:00-18:00; Пт: 09:00-13:00, 14:00-18:00",B
"улица Чернышевского, 106/6в","Буровые работы, Монтаж систем освещения, Электромонтажные работы, Аренда спецтехники","+79141106070, +79247625825, +79245995521, +79659933175",Буровые работы,Покровск,75,sakhasvetstroy@mail.ru,true,true,false,70000001023506527,62.001323,2GIS,129.705492,"СахаСветСтрой, многопрофильная компания",+79141106070,677007,5,21,4,2026-10-09T02:19:01.928489+00:00,Покровск,бурение скважин,"whatsapp:https://wa.me/79141106070?text=%D0%97%D0%B4%D1%80%D0%B0%D0%B2%D1%81%D1%82%D0%B2%D1%83%D0%B9%D1%82%D0%B5!%0A%0A%D0%9F%D0%B8%D1%88%D1%83%20%D0%B8%D0%B7%20%D0%BF%D1%80%D0%B8%D0%BB%D0%BE%D0%B6%D0%B5%D0%BD%D0%B8%D1%8F%202%D0%93%D0%98%D0%A1.%0A%0A, whatsapp:https://wa.me/79247625825?text=%D0%97%D0%B4%D1%80%D0%B0%D0%B2%D1%81%D1%82%D0%B2%D1%83%D0%B9%D1%82%D0%B5!%0A%0A%D0%9F%D0%B8%D1%88%D1%83%20%D0%B8%D0%B7%20%D0%BF%D1%80%D0%B8%D0%BB%D0%BE%D0%B6%D0%B5%D0%BD%D0%B8%D1%8F%202%D0%93%D0%98%D0%A1.%0A%0A",https://2gis.ru/firm/70000001023506527,,Пн: 09:00-18:00; Вт: 09:00-18:00; Ср: 09:00-18:00; Чт: 09:00-18:00; Пт: 09:00-18:00,C
"проспект Ленина, 17","Буровые работы, Геологические работы, Геодезические работы, Экологические работы, Инжиниринговые услуги","+79963168892, +79644234302, +79644206871",Буровые работы,Покровск,75,sakhakriotsentr@mail.ru,true,true,false,70000001025869404,62.03013,2GIS,129.7382,"СахаКриоЦентр, бюро инженерных изысканий",+79963168892,677000,5,7,6,2026-10-09T02:19:01.968502+00:00,Покровск,бурение скважин,"whatsapp:https://wa.me/79644234302?text=%D0%97%D0%B4%D1%80%D0%B0%D0%B2%D1%81%D1%82%D0%B2%D1%83%D0%B9%D1%82%D0%B5!%0A%0A%D0%9F%D0%B8%D1%88%D1%83%20%D0%B8%D0%B7%20%D0%BF%D1%80%D0%B8%D0%BB%D0%BE%D0%B6%D0%B5%D0%BD%D0%B8%D1%8F%202%D0%93%D0%98%D0%A1.%0A%0A, whatsapp:https://wa.me/79644206871?text=%D0%97%D0%B4%D1%80%D0%B0%D0%B2%D1%81%D1%82%D0%B2%D1%83%D0%B9%D1%82%D0%B5!%0A%0A%D0%9F%D0%B8%D1%88%D1%83%20%D0%B8%D0%B7%20%D0%BF%D1%80%D0%B8%D0%BB%D0%BE%D0%B6%D0%B5%D0%BD%D0%B8%D1%8F%202%D0%93%D0%98%D0%A1.%0A%0A, whatsapp:https://wa.me/79963168892?text=%D0%97%D0%B4%D1%80%D0%B0%D0%B2%D1%81%D1%82%D0%B2%D1%83%D0%B9%D1%82%D0%B5!%0A%0A%D0%9F%D0%B8%D1%88%D1%83%20%D0%B8%D0%B7%20%D0%BF%D1%80%D0%B8%D0%BB%D0%BE%D0%B6%D0%B5%D0%BD%D0%B8%D1%8F%202%D0%93%D0%98%D0%A1.%0A%0A",https://2gis.ru/firm/70000001025869404,,Пн: 09:00-18:00; Вт: 09:00-18:00; Ср: 09:00-18:00; Чт: 09:00-18:00; Пт: 09:00-18:00; Сб: 09:00-18:00,B
"Луговая улица, 2/1а","Буровые работы, Электромонтажные работы",+79142829111,Буровые работы,Покровск,100,falkon-888@mail.ru,true,true,true,70000001112403423,61.996948,2GIS,129.681498,Фалькон,+79142829111,677007,5,3,2,2026-10-09T02:19:02.004464+00:00,Покровск,бурение скважин,,https://2gis.ru/firm/70000001112403423,http://falkon.tb.ru,Пн: 09:00-18:00; Вт: 09:00-18:00; Ср: 09:00-18:00; Чт: 09:00-18:00; Пт: 09:00-18:00,C
"улица Крупской, 43/1","Буровые работы, Геодезические работы, Геологические работы, Кадастровые работы, Экологические работы","+79241743234, +74112366497",Буровые работы,Покровск,65,geostroi@mail.ru,true,true,false,7037402698745025,62.01518,2GIS,129.70593,"Геостройпроект, проектно-изыскательная компания",+79241743234,677018,,1,,2026-10-09T02:19:02.099755+00:00,Покровск,бурение скважин,"whatsapp:https://wa.me/79241743234?text=%D0%97%D0%B4%D1%80%D0%B0%D0%B2%D1%81%D1%82%D0%B2%D1%83%D0%B9%D1%82%D0%B5!%0A%0A%D0%9F%D0%B8%D1%88%D1%83%20%D0%B8%D0%B7%20%D0%BF%D1%80%D0%B8%D0%BB%D0%BE%D0%B6%D0%B5%D0%BD%D0%B8%D1%8F%202%D0%93%D0%98%D0%A1.%0A%0A, telegram:https://t.me/+79241743234",https://2gis.ru/firm/7037402698745025,,"Пн: 09:00-13:00, 14:00-18:00; Вт: 09:00-13:00, 14:00-18:00; Ср: 09:00-13:00, 14:00-18:00; Чт: 09:00-13:00, 14:00-18:00; Пт: 09:00-13:00, 14:00-18:00",B
"улица им. Д.Д. Красильникова, 11","Буровые работы, Геодезические работы, Геологические работы, Инжиниринговые услуги",+79246622133,Буровые работы,Покровск,75,iztrest@mail.ru,true,true,false,7037402698747399,62.003722,2GIS,129.683128,"ЯкутТИСИЗ, фирма изыскательных работ",+79246622133,677021,1,1,1,2026-10-09T02:19:02.133216+00:00,Покровск,бурение скважин,,https://2gis.ru/firm/7037402698747399,,"Пн: 09:00-13:00, 14:00-18:00; Вт: 09:00-13:00, 14:00-18:00; Ср: 09:00-13:00, 14:00-18:00; Чт: 09:00-13:00, 14:00-18:00; Пт: 09:00-13:00, 14:00-18:00",B
"улица Лонгинова, 12а","Буровые работы, Геологические работы, Геодезические работы","+79241739343, +79644268881",Буровые работы,Покровск,65,pplus13@mail.ru,true,true,false,70000001030271103,62.027866,2GIS,129.682839,"Партнер Плюс, изыскательская и проектно-строительная компания",+79241739343,677008,,,,2026-10-09T02:19:02.198723+00:00,Покровск,бурение скважин,,https://2gis.ru/firm/70000001030271103,,"Пн: 09:00-13:00, 14:00-18:00; Вт: 09:00-13:00, 14:00-18:00; Ср: 09:00-13:00, 14:00-18:00; Чт: 09:00-13:00, 14:00-18:00; Пт: 09:00-13:00, 14:00-18:00",B
"улица Мархинская, 80",Буровые работы,+79141040506,Буровые работы,Покровск,65,mg781@mail.ru,true,true,false,70000001054851801,62.132689,2GIS,129.766284,Верхневилюйская буровая компания,+79141040506,677901,,1,,2026-10-09T02:19:02.247700+00:00,Покровск,бурение скважин,whatsapp:https://wa.me/79141040506?text=%D0%97%D0%B4%D1%80%D0%B0%D0%B2%D1%81%D1%82%D0%B2%D1%83%D0%B9%D1%82%D0%B5!%0A%0A%D0%9F%D0%B8%D1%88%D1%83%20%D0%B8%D0%B7%20%D0%BF%D1%80%D0%B8%D0%BB%D0%BE%D0%B6%D0%B5%D0%BD%D0%B8%D1%8F%202%D0%93%D0%98%D0%A1.%0A%0A,https://2gis.ru/firm/70000001054851801,,Пн: 09:00-20:00; Вт: 09:00-20:00; Ср: 09:00-20:00; Чт: 09:00-20:00; Пт: 09:00-20:00; Сб: 09:00-20:00; Вс: 09:00-20:00,A
"улица Курнатовского, 8","Буровые работы, Электромонтажные работы, Промышленная очистка сооружений, Строительство и обслуживание электросетей",+79644185777,Буровые работы,Покровск,50,,false,true,false,70000001021186891,62.084223,2GIS,129.728867,"Собр, служба оперативных буровых работ",+79644185777,677014,5,7,2,2026-10-09T02:19:02.279250+00:00,Покровск,бурение скважин,whatsapp:https://wa.me/79644185777?text=%D0%97%D0%B4%D1%80%D0%B0%D0%B2%D1%81%D1%82%D0%B2%D1%83%D0%B9%D1%82%D0%B5!%0A%0A%D0%9F%D0%B8%D1%88%D1%83%20%D0%B8%D0%B7%20%D0%BF%D1%80%D0%B8%D0%BB%D0%BE%D0%B6%D0%B5%D0%BD%D0%B8%D1%8F%202%D0%93%D0%98%D0%A1.%0A%0A,https://2gis.ru/firm/70000001021186891,,Пн: 08:00-20:00; Вт: 08:00-20:00; Ср: 08:00-20:00; Чт: 08:00-20:00; Пт: 08:00-20:00; Сб: 08:00-20:00,C
"улица Водников, 4/1","Буровые работы, Аренда спецтехники, Городские автогрузоперевозки, Междугородные автогрузоперевозки",+79141186867,Буровые работы,Покровск,50,,false,true,false,70000001065481139,62.158361,2GIS,129.816114,"Компания по оказанию услуг грузоперевозок и аренде спецтехники, ИП Киреев А.А.",+79141186867,677902,4.1,20,12,2026-10-09T02:19:02.330010+00:00,Покровск,бурение скважин,whatsapp:https://wa.me/79141186867?text=%D0%97%D0%B4%D1%80%D0%B0%D0%B2%D1%81%D1%82%D0%B2%D1%83%D0%B9%D1%82%D0%B5!%0A%0A%D0%9F%D0%B8%D1%88%D1%83%20%D0%B8%D0%B7%20%D0%BF%D1%80%D0%B8%D0%BB%D0%BE%D0%B6%D0%B5%D0%BD%D0%B8%D1%8F%202%D0%93%D0%98%D0%A1.%0A%0A,https://2gis.ru/firm/70000001065481139,,Пн: 08:00-21:00; Вт: 08:00-21:00; Ср: 08:00-21:00; Чт: 08:00-21:00; Пт: 08:00-21:00; Сб: 08:00-21:00; Вс: 08:00-21:00,C
"улица Павлика Морозова, 2","Буровые работы, Геодезические работы, Геологические работы, Экологические работы, Свайные работы","+79142708278, +79644245454",Буровые работы,Покровск,75,burgeo11@bk.ru,true,true,false,7037402698824428,62.021793,2GIS,129.700013,"БурГеоЦентр, буровая изыскательная компания",+79142708278,677013,5,2,2,2026-10-09T02:19:02.378283+00:00,Покровск,бурение скважин,telegram:https://t.me/+79644245454,https://2gis.ru/firm/7037402698824428,,"Пн: 09:00-13:00, 14:00-18:00; Вт: 09:00-13:00, 14:00-18:00; Ср: 09:00-13:00, 14:00-18:00; Чт: 09:00-13:00, 14:00-18:00; Пт: 09:00-13:00, 14:00-18:00",A
"переулок Энергетиков, 2а","Буровые работы, Геодезические работы, Геологические работы, Проектирование объектов добычи полезных ископаемых, Геофизические работы",+79143032224,Буровые работы,Покровск,75,indeev91@mail.ru,true,true,false,70000001037669346,62.046407,2GIS,129.76282,"Росгеопроект, изыскательская компания",+79143032224,677001,5,8,8,2026-10-09T02:19:02.442784+00:00,Покровск,бурение скважин,whatsapp:https://wa.me/79143032224?text=%D0%97%D0%B4%D1%80%D0%B0%D0%B2%D1%81%D1%82%D0%B2%D1%83%D0%B9%D1%82%D0%B5!%0A%0A%D0%9F%D0%B8%D1%88%D1%83%20%D0%B8%D0%B7%20%D0%BF%D1%80%D0%B8%D0%BB%D0%BE%D0%B6%D0%B5%D0%BD%D0%B8%D1%8F%202%D0%93%D0%98%D0%A1.%0A%0A,https://2gis.ru/firm/70000001037669346,,Пн: 09:00-18:00; Вт: 09:00-18:00; Ср: 09:00-18:00; Чт: 09:00-18:00; Пт: 09:00-18:00; Сб: 10:00-16:00; Вс: 10:00-16:00,B
"Маганский тракт 2 километр, 3а","Буровые работы, Промышленное строительство, Электромонтажные работы, Строительство административных зданий","+79142706005, +79141000301, +79142988408",Буровые работы,Покровск,75,706005@bk.ru,true,true,false,70000001044512704,62.108689,2GIS,129.728594,"Капитал, строительная компания",+79142706005,677901,5,8,2,2026-10-09T02:19:02.477308+00:00,Покровск,бурение скважин,whatsapp:https://wa.me/79141000301?text=%D0%97%D0%B4%D1%80%D0%B0%D0%B2%D1%81%D1%82%D0%B2%D1%83%D0%B9%D1%82%D0%B5!%0A%0A%D0%9F%D0%B8%D1%88%D1%83%20%D0%B8%D0%B7%20%D0%BF%D1%80%D0%B8%D0%BB%D0%BE%D0%B6%D0%B5%D0%BD%D0%B8%D1%8F%202%D0%93%D0%98%D0%A1.%0A%0A,https://2gis.ru/firm/70000001044512704,,"Пн: 09:00-13:00, 14:00-18:00; Вт: 09:00-13:00, 14:00-18:00; Ср: 09:00-13:00, 14:00-18:00; Чт: 09:00-13:00, 14:00-18:00; Пт: 09:00-13:00, 14:00-18:00",C
"Социалистическая улица, 20","Буровые работы, Проектирование инженерных систем, Наружное отопление, водоснабжение, канализация, Системы водоотведения",88005006592,Буровые работы,Ростов-на-Дону,100,info@soyuzdonstroy.ru,true,true,true,70000001057449313,47.217289,2GIS,39.700917,СоюзДонСтрой,88005006592,344082,3.7,3,3,2026-10-09T03:03:51.749004+00:00,Ростов-на-Дону,бурение скважин,,https://2gis.ru/firm/70000001057449313,http://soyuzdonstroy.ru,Пн: 09:00-18:00; Вт: 09:00-18:00; Ср: 09:00-18:00; Чт: 09:00-18:00; Пт: 09:00-18:00,C
"улица Козлова, 65в","Буровые работы, Гидротехническое строительство, Геологические работы","+78632340857, +78632340955",Буровые работы,Ростов-на-Дону,65,,false,true,true,70000001020377219,47.235263,2GIS,39.696677,Дон Гидроспецфундаментстрой,+78632340857,344018,,,,2026-10-09T03:03:51.841307+00:00,Ростов-на-Дону,бурение скважин,,https://2gis.ru/firm/70000001020377219,http://www.dongsfs.ru,"Пн: 08:00-12:00, 13:00-17:00; Вт: 08:00-12:00, 13:00-17:00; Ср: 08:00-12:00, 13:00-17:00; Чт: 08:00-12:00, 13:00-17:00; Пт: 08:00-12:00, 13:00-17:00",B
"Промышленная улица, 2",Буровые работы,+79281584212,Буровые работы,Ростов-на-Дону,40,,false,true,false,70000001052893322,47.099308,2GIS,39.409953,"Донстройснаб, компания",+79281584212,346780,,1,,2026-10-09T03:03:51.890101+00:00,Ростов-на-Дону,бурение скважин,whatsapp:https://wa.me/79281584212?text=%D0%97%D0%B4%D1%80%D0%B0%D0%B2%D1%81%D1%82%D0%B2%D1%83%D0%B9%D1%82%D0%B5!%0A%0A%D0%9F%D0%B8%D1%88%D1%83%20%D0%B8%D0%B7%20%D0%BF%D1%80%D0%B8%D0%BB%D0%BE%D0%B6%D0%B5%D0%BD%D0%B8%D1%8F%202%D0%93%D0%98%D0%A1.%0A%0A,https://2gis.ru/firm/70000001052893322,,Пн: 09:00-20:00; Вт: 09:00-20:00; Ср: 09:00-20:00; Чт: 09:00-20:00; Пт: 09:00-20:00; Сб: 09:00-20:00,A
"Школьная улица, 16","Буровые работы, Строительство объектов связи",+78632516847,Буровые работы,Ростов-на-Дону,90,ooo-istok@aaanet.ru,true,true,true,3378228001509200,47.240304,2GIS,39.773373,"Исток, строительная фирма",+78632516847,344025,,,,2026-10-09T03:03:51.955572+00:00,Ростов-на-Дону,бурение скважин,,https://2gis.ru/firm/3378228001509200,http://burym.ru,"Пн: 08:00-12:00, 13:00-17:00; Вт: 08:00-12:00, 13:00-17:00; Ср: 08:00-12:00, 13:00-17:00; Чт: 08:00-12:00, 13:00-17:00; Пт: 08:00-12:00, 13:00-17:00",B
"Доломановский переулок, 110","Буровые работы, Геодезические работы, Геологические работы, Архитектурное проектирование",,Буровые работы,Ростов-на-Дону,25,,false,false,true,3378228001530299,47.233338,2GIS,39.692118,Гео Пэн,,344018,,,,2026-10-09T03:03:52.003901+00:00,Ростов-на-Дону,бурение скважин,,https://2gis.ru/firm/3378228001530299,http://www.geopen.ru,Пн: 09:00-17:00; Вт: 09:00-17:00; Ср: 09:00-17:00; Чт: 09:00-17:00; Пт: 09:00-17:00,B
"улица Шолохова, 7",Буровые работы,+79612916033,Буровые работы,Ростов-на-Дону,90,rostovvodstroy@mail.ru,true,true,true,3378228001735791,47.274361,2GIS,39.861688,СК Ростовводстрой,+79612916033,346720,,,,2026-10-09T03:03:52.036294+00:00,Ростов-на-Дону,бурение скважин,whatsapp:https://wa.me/79612916033?text=%D0%97%D0%B4%D1%80%D0%B0%D0%B2%D1%81%D1%82%D0%B2%D1%83%D0%B9%D1%82%D0%B5!%0A%0A%D0%9F%D0%B8%D1%88%D1%83%20%D0%B8%D0%B7%20%D0%BF%D1%80%D0%B8%D0%BB%D0%BE%D0%B6%D0%B5%D0%BD%D0%B8%D1%8F%202%D0%93%D0%98%D0%A1.%0A%0A,https://2gis.ru/firm/3378228001735791,http://rostovvodstroy.ru,Пн: 08:00-21:00; Вт: 08:00-21:00; Ср: 08:00-21:00; Чт: 08:00-21:00; Пт: 08:00-21:00; Сб: 08:00-21:00; Вс: 08:00-21:00,A
"Промышленная улица, 6а","Буровые работы, Гидрогеологические работы, Геологические работы, Лицензирование, Научно-исследовательские институты","+79897118333, 88002011005",Буровые работы,Ростов-на-Дону,100,rostovburenie@mail.ru,true,true,true,3378229001828420,47.278062,2GIS,39.85971,"Ростовская Буровая Компания, научно-производственное предприятие",+79897118333,346720,4.8,20,20,2026-10-09T03:03:52.069714+00:00,Ростов-на-Дону,бурение скважин,"whatsapp:https://wa.me/79897118333?text=%D0%97%D0%B4%D1%80%D0%B0%D0%B2%D1%81%D1%82%D0%B2%D1%83%D0%B9%D1%82%D0%B5!%0A%0A%D0%9F%D0%B8%D1%88%D1%83%20%D0%B8%D0%B7%20%D0%BF%D1%80%D0%B8%D0%BB%D0%BE%D0%B6%D0%B5%D0%BD%D0%B8%D1%8F%202%D0%93%D0%98%D0%A1.%0A%0A, telegram:https://t.me/rostovburenie",https://2gis.ru/firm/3378229001828420,http://www.rostovburenie.ru,Пн: 09:00-17:00; Вт: 09:00-17:00; Ср: 09:00-17:00; Чт: 09:00-17:00; Пт: 09:00-17:00; Сб: 09:00-17:00,A
"Армавирская улица, 20","Буровые работы, Внутренние системы отопления, водоснабжения, канализации","+79185873193, +79185027040",Буровые работы,Ростов-на-Дону,100,bat161@mail.ru,true,true,true,70000001018465787,47.126932,2GIS,39.688273,"Аква-Бат, буровая компания",+79185873193,346889,1,1,1,2026-10-09T03:03:52.107425+00:00,Ростов-на-Дону,бурение скважин,whatsapp:https://wa.me/79185027040?text=%D0%97%D0%B4%D1%80%D0%B0%D0%B2%D1%81%D1%82%D0%B2%D1%83%D0%B9%D1%82%D0%B5!%0A%0A%D0%9F%D0%B8%D1%88%D1%83%20%D0%B8%D0%B7%20%D0%BF%D1%80%D0%B8%D0%BB%D0%BE%D0%B6%D0%B5%D0%BD%D0%B8%D1%8F%202%D0%93%D0%98%D0%A1.%0A%0A,https://2gis.ru/firm/70000001018465787,http://aqua-bat.ru,Пн: 08:00-20:00; Вт: 08:00-20:00; Ср: 08:00-20:00; Чт: 08:00-20:00; Пт: 08:00-20:00; Сб: 08:00-20:00; Вс: 08:00-20:00,C
"Некрасовская улица, 75","Буровые работы, Аренда спецтехники",+79286000139,Буровые работы,Ростов-на-Дону,65,nazim.mursalow@yandex.ru,true,true,false,70000001028840151,47.223934,2GIS,39.662083,"АТП-22, компания по аренде ямобура",+79286000139,344001,,,,2026-10-09T03:03:52.140810+00:00,Ростов-на-Дону,бурение скважин,whatsapp:https://wa.me/79286000139?text=%D0%97%D0%B4%D1%80%D0%B0%D0%B2%D1%81%D1%82%D0%B2%D1%83%D0%B9%D1%82%D0%B5!%0A%0A%D0%9F%D0%B8%D1%88%D1%83%20%D0%B8%D0%B7%20%D0%BF%D1%80%D0%B8%D0%BB%D0%BE%D0%B6%D0%B5%D0%BD%D0%B8%D1%8F%202%D0%93%D0%98%D0%A1.%0A%0A,https://2gis.ru/firm/70000001028840151,,Пн: 08:00-21:00; Вт: 08:00-21:00; Ср: 08:00-21:00; Чт: 08:00-21:00; Пт: 08:00-21:00; Сб: 08:00-21:00; Вс: 08:00-21:00,C
"улица Максима Горького, 144","Буровые работы, Строительство и обслуживание наружного газоснабжения, Наружное отопление, водоснабжение, канализация, Аренда спецтехники, Промышленное строительство","+78635423627, 88002013618",Буровые работы,Ростов-на-Дону,90,aquapromstroy@yandex.ru,true,true,true,70000001032116113,47.141222,2GIS,39.740788,"АкваПромСтрой, строительная компания",+78635423627,346880,,,,2026-10-09T03:03:52.161650+00:00,Ростов-на-Дону,бурение скважин,,https://2gis.ru/firm/70000001032116113,http://www.aquapromstroy.ru,"Пн: 08:00-12:00, 13:00-17:00; Вт: 08:00-12:00, 13:00-17:00; Ср: 08:00-12:00, 13:00-17:00; Чт: 08:00-12:00, 13:00-17:00; Пт: 08:00-12:00, 13:00-17:00",C
"проспект 40-летия Победы, 85/5","Буровые работы, Геологоразведочные работы, Буровое оборудование, Санитарно-эпидемиологические исследования","+78632792339, +79287562339",Буровые работы,Ростов-на-Дону,75,,false,true,true,70000001039073167,47.241989,2GIS,39.827043,"Гидросфера, научно-производственное предприятие",+78632792339,344111,5,1,1,2026-10-09T03:03:52.212529+00:00,Ростов-на-Дону,бурение скважин,,https://2gis.ru/firm/70000001039073167,http://gidrosfera.pro,"Пн: 08:00-12:00, 13:00-17:00; Вт: 08:00-12:00, 13:00-17:00; Ср: 08:00-12:00, 13:00-17:00; Чт: 08:00-12:00, 13:00-17:00; Пт: 08:00-12:00, 13:00-17:00",A
"проспект 40-летия Победы, 75","Буровые работы, Геофизические работы",+79185583399,Буровые работы,Ростов-на-Дону,90,geopoisk61@mail.ru,true,true,true,70000001041905109,47.239392,2GIS,39.823465,НПП Геопоиск,+79185583399,344111,,,,2026-10-09T03:03:52.250260+00:00,Ростов-на-Дону,бурение скважин,whatsapp:https://wa.me/79185583399?text=%D0%97%D0%B4%D1%80%D0%B0%D0%B2%D1%81%D1%82%D0%B2%D1%83%D0%B9%D1%82%D0%B5!%0A%0A%D0%9F%D0%B8%D1%88%D1%83%20%D0%B8%D0%B7%20%D0%BF%D1%80%D0%B8%D0%BB%D0%BE%D0%B6%D0%B5%D0%BD%D0%B8%D1%8F%202%D0%93%D0%98%D0%A1.%0A%0A,https://2gis.ru/firm/70000001041905109,http://geopoisk61.ru,Пн: 09:00-18:00; Вт: 09:00-18:00; Ср: 09:00-18:00; Чт: 09:00-18:00; Пт: 09:00-18:00; Сб: 09:00-18:00; Вс: 09:00-18:00,B
"улица Максима Горького, 61","Буровые работы, Насосное оборудование, Земляные работы",+79188999000,Буровые работы,Ростов-на-Дону,90,orbitalux@mail.ru,true,true,true,70000001052878410,47.142058,2GIS,39.748134,"Орбита Люкс, буровая компания",+79188999000,346885,,,,2026-10-09T03:03:52.299122+00:00,Ростов-на-Дону,бурение скважин,,https://2gis.ru/firm/70000001052878410,http://www.orbitalux.com,Пн: 08:00-21:00; Вт: 08:00-21:00; Ср: 08:00-21:00; Чт: 08:00-21:00; Пт: 08:00-21:00; Сб: 08:00-21:00; Вс: 08:00-21:00,C
"улица Вавилова, 59/5",Буровые работы,"+79281411492, +79614261261",Буровые работы,Ростов-на-Дону,90,info@gnb61.ru,true,true,true,70000001057439831,47.27249,2GIS,39.676861,Гнбдонстрой,+79281411492,344064,,,,2026-10-09T03:03:52.340600+00:00,Ростов-на-Дону,бурение скважин,,https://2gis.ru/firm/70000001057439831,http://gnb61.ru,Пн: 09:00-18:00; Вт: 09:00-18:00; Ср: 09:00-18:00; Чт: 09:00-18:00; Пт: 09:00-18:00,A
"улица Максима Горького, 151","Буровые работы, Оборудование для очистки воды, Внутренние системы отопления, водоснабжения, канализации","+79281213399, +79518386616, +79064181500, +79001256660",Буровые работы,Ростов-на-Дону,90,pivnev1@mail.ru,true,true,true,70000001057470748,47.2269,2GIS,39.714706,Компания по бурению скважин под воду,+79281213399,344002,,1,,2026-10-09T03:03:52.399470+00:00,Ростов-на-Дону,бурение скважин,"whatsapp:https://wa.me/79281213399?text=%D0%97%D0%B4%D1%80%D0%B0%D0%B2%D1%81%D1%82%D0%B2%D1%83%D0%B9%D1%82%D0%B5!%0A%0A%D0%9F%D0%B8%D1%88%D1%83%20%D0%B8%D0%B7%20%D0%BF%D1%80%D0%B8%D0%BB%D0%BE%D0%B6%D0%B5%D0%BD%D0%B8%D1%8F%202%D0%93%D0%98%D0%A1.%0A%0A, whatsapp:https://wa.me/79064181500?text=%D0%97%D0%B4%D1%80%D0%B0%D0%B2%D1%81%D1%82%D0%B2%D1%83%D0%B9%D1%82%D0%B5!%0A%0A%D0%9F%D0%B8%D1%88%D1%83%20%D0%B8%D0%B7%20%D0%BF%D1%80%D0%B8%D0%BB%D0%BE%D0%B6%D0%B5%D0%BD%D0%B8%D1%8F%202%D0%93%D0%98%D0%A1.%0A%0A, whatsapp:https://wa.me/79001256660?text=%D0%97%D0%B4%D1%80%D0%B0%D0%B2%D1%81%D1%82%D0%B2%D1%83%D0%B9%D1%82%D0%B5!%0A%0A%D0%9F%D0%B8%D1%88%D1%83%20%D0%B8%D0%B7%20%D0%BF%D1%80%D0%B8%D0%BB%D0%BE%D0%B6%D0%B5%D0%BD%D0%B8%D1%8F%202%D0%93%D0%98%D0%A1.%0A%0A",https://2gis.ru/firm/70000001057470748,http://byrenie-rostov.ru,Пн: 08:00-21:00; Вт: 08:00-21:00; Ср: 08:00-21:00; Чт: 08:00-21:00; Пт: 08:00-21:00; Сб: 08:00-21:00; Вс: 08:00-21:00,C
"Крепостной переулок, 131","Буровые работы, Геодезические работы, Кадастровые работы, Геологические работы, Экологические работы",,Буровые работы,Ростов-на-Дону,35,info@geosfera.pro,true,false,false,70000001062579124,47.234338,2GIS,39.732689,"Геосфера, бюро кадастра и геодезии",,344000,5,4,4,2026-10-09T03:03:52.473746+00:00,Ростов-на-Дону,бурение скважин,whatsapp:https://wa.me/79001210125?text=%D0%97%D0%B4%D1%80%D0%B0%D0%B2%D1%81%D1%82%D0%B2%D1%83%D0%B9%D1%82%D0%B5!%0A%0A%D0%9F%D0%B8%D1%88%D1%83%20%D0%B8%D0%B7%20%D0%BF%D1%80%D0%B8%D0%BB%D0%BE%D0%B6%D0%B5%D0%BD%D0%B8%D1%8F%202%D0%93%D0%98%D0%A1.%0A%0A,https://2gis.ru/firm/70000001062579124,,Пн: 09:00-18:00; Вт: 09:00-18:00; Ср: 09:00-18:00; Чт: 09:00-18:00; Пт: 09:00-18:00,B
"Ереванская улица, 36","Буровые работы, Аренда спецтехники, Спецтехника, Эвакуатор, Экспедирование грузов",+79613310034,Буровые работы,Ростов-на-Дону,100,spetsp.24@yandex.ru,true,true,true,70000001064042137,47.232446,2GIS,39.7717,"Спецпарк24.рф, компания по аренде спецтехники",+79613310034,344025,5,5,5,2026-10-09T03:03:52.508973+00:00,Ростов-на-Дону,бурение скважин,"whatsapp:https://wa.me/79630081594?text=%D0%97%D0%B4%D1%80%D0%B0%D0%B2%D1%81%D1%82%D0%B2%D1%83%D0%B9%D1%82%D0%B5!%0A%0A%D0%9F%D0%B8%D1%88%D1%83%20%D0%B8%D0%B7%20%D0%BF%D1%80%D0%B8%D0%BB%D0%BE%D0%B6%D0%B5%D0%BD%D0%B8%D1%8F%202%D0%93%D0%98%D0%A1.%0A%0A, telegram:https://t.me/Spetspark24",https://2gis.ru/firm/70000001064042137,http://xn-----7kcgn5cdbagnnnx.xn--24-6kct0a1abje6c.xn--p1ai,Пн: 00:00-24:00; Вт: 00:00-24:00; Ср: 00:00-24:00; Чт: 00:00-24:00; Пт: 00:00-24:00; Сб: 00:00-24:00; Вс: 00:00-24:00,C
"Белорусская улица, 199","Буровые работы, Геодезические работы, Геологические работы, Экологические работы, Кадастровые работы",+79184462118,Буровые работы,Ростов-на-Дону,65,,false,true,true,70000001072610147,47.284059,2GIS,39.729361,"ИнжГеоСервис, инженерно-изыскательская фирма",+79184462118,344056,,,,2026-10-09T03:03:52.569638+00:00,Ростов-на-Дону,бурение скважин,whatsapp:https://wa.me/79184462118?text=%D0%97%D0%B4%D1%80%D0%B0%D0%B2%D1%81%D1%82%D0%B2%D1%83%D0%B9%D1%82%D0%B5!%0A%0A%D0%9F%D0%B8%D1%88%D1%83%20%D0%B8%D0%B7%20%D0%BF%D1%80%D0%B8%D0%BB%D0%BE%D0%B6%D0%B5%D0%BD%D0%B8%D1%8F%202%D0%93%D0%98%D0%A1.%0A%0A,https://2gis.ru/firm/70000001072610147,http://www.injgeoservis.ru,Пн: 09:00-18:00; Вт: 09:00-18:00; Ср: 09:00-18:00; Чт: 09:00-18:00; Пт: 09:00-18:00,B
"Почтовая улица, 41","Буровые работы, Геофизические работы","+79185029395, +79185627020",Буровые работы,Ростов-на-Дону,65,,false,true,true,70000001074364675,47.151701,2GIS,39.752728,ДонГеоИзыскания,+79185029395,346885,,,,2026-10-09T03:03:52.642539+00:00,Ростов-на-Дону,бурение скважин,"whatsapp:https://wa.me/79185029395?text=%D0%97%D0%B4%D1%80%D0%B0%D0%B2%D1%81%D1%82%D0%B2%D1%83%D0%B9%D1%82%D0%B5!%0A%0A%D0%9F%D0%B8%D1%88%D1%83%20%D0%B8%D0%B7%20%D0%BF%D1%80%D0%B8%D0%BB%D0%BE%D0%B6%D0%B5%D0%BD%D0%B8%D1%8F%202%D0%93%D0%98%D0%A1.%0A%0A, whatsapp:https://wa.me/79185627020?text=%D0%97%D0%B4%D1%80%D0%B0%D0%B2%D1%81%D1%82%D0%B2%D1%83%D0%B9%D1%82%D0%B5!%0A%0A%D0%9F%D0%B8%D1%88%D1%83%20%D0%B8%D0%B7%20%D0%BF%D1%80%D0%B8%D0%BB%D0%BE%D0%B6%D0%B5%D0%BD%D0%B8%D1%8F%202%D0%93%D0%98%D0%A1.%0A%0A",https://2gis.ru/firm/70000001074364675,http://dongeo161.ru,Пн: 09:00-18:00; Вт: 09:00-18:00; Ср: 09:00-18:00; Чт: 09:00-18:00; Пт: 09:00-18:00; Сб: 09:00-18:00,B
"Михаила Нагибина проспект, 29","Буровые работы, Свайные работы, Аренда спецтехники","+78632049556, +79185983545",Буровые работы,Ростов-на-Дону,90,tgs-m@mail.ru,true,true,true,70000001080702598,47.254156,2GIS,39.714344,Техгеострой,+78632049556,344038,,,,2026-10-09T03:03:52.675991+00:00,Ростов-на-Дону,бурение скважин,"whatsapp:https://wa.me/79185983545?text=%D0%97%D0%B4%D1%80%D0%B0%D0%B2%D1%81%D1%82%D0%B2%D1%83%D0%B9%D1%82%D0%B5!%0A%0A%D0%9F%D0%B8%D1%88%D1%83%20%D0%B8%D0%B7%20%D0%BF%D1%80%D0%B8%D0%BB%D0%BE%D0%B6%D0%B5%D0%BD%D0%B8%D1%8F%202%D0%93%D0%98%D0%A1.%0A%0A, whatsapp:https://wa.me/79185022121?text=%D0%97%D0%B4%D1%80%D0%B0%D0%B2%D1%81%D1%82%D0%B2%D1%83%D0%B9%D1%82%D0%B5!%0A%0A%D0%9F%D0%B8%D1%88%D1%83%20%D0%B8%D0%B7%20%D0%BF%D1%80%D0%B8%D0%BB%D0%BE%D0%B6%D0%B5%D0%BD%D0%B8%D1%8F%202%D0%93%D0%98%D0%A1.%0A%0A",https://2gis.ru/firm/70000001080702598,http://tehgeostroy.ru,Пн: 09:00-19:00; Вс: 09:00-19:00,A
"улица Мичурина, 64","Буровые работы, Обслуживание нефтегазодобывающих компаний",+78462540034,Буровые работы,Самара,100,office@npp-burenie.ru,true,true,true,70000001071758286,53.204741,2GIS,50.141122,"Бурение, научно-производственное предприятие",+78462540034,443110,5,2,2,2026-10-09T03:04:06.645983+00:00,Самара,бурение скважин,,https://2gis.ru/firm/70000001071758286,http://npp-burenie.ru,"Пн: 08:00-12:00, 13:00-17:00; Вт: 08:00-12:00, 13:00-17:00; Ср: 08:00-12:00, 13:00-17:00; Чт: 08:00-12:00, 13:00-17:00; Пт: 08:00-12:00, 13:00-17:00",B
"Солнечная улица, 28а","Буровые работы, Локальные очистные сооружения, Товары для отопления, водоснабжения, канализации, Системы водоотведения, Наружное отопление, водоснабжение, канализация","+79370608660, +79376555256",Буровые работы,Самара,100,etalon.smr@mail.ru,true,true,true,70000001029323235,53.249751,2GIS,50.199528,"Эталон, группа компаний",+79370608660,443029,4.8,38,37,2026-10-09T03:04:06.754735+00:00,Самара,бурение скважин,"whatsapp:https://wa.me/79376555265?text=%D0%97%D0%B4%D1%80%D0%B0%D0%B2%D1%81%D1%82%D0%B2%D1%83%D0%B9%D1%82%D0%B5!%0A%0A%D0%9F%D0%B8%D1%88%D1%83%20%D0%B8%D0%B7%20%D0%BF%D1%80%D0%B8%D0%BB%D0%BE%D0%B6%D0%B5%D0%BD%D0%B8%D1%8F%202%D0%93%D0%98%D0%A1.%0A%0A, telegram:https://t.me/+79376555265",https://2gis.ru/firm/70000001029323235,http://avtonomka063.ru,Пн: 09:00-20:00; Вт: 09:00-20:00; Ср: 09:00-20:00; Чт: 09:00-20:00; Пт: 09:00-20:00; Сб: 10:00-18:00; Вс: 10:00-18:00,C
"Структурная улица, 68","Буровые работы, Электроизмерительные работы, Электромонтажные работы, Проектирование инженерных систем","+78469986672, +78469986663, +78469986665, +79270076856, +78469986670",Буровые работы,Самара,90,proekt.elektro@bk.ru,true,true,true,2533803071454120,53.177594,2GIS,50.168925,"Проект-электро, центр",+78469986672,443017,,,,2026-10-09T03:04:06.770689+00:00,Самара,бурение скважин,"whatsapp:https://wa.me/79270076856?text=%D0%97%D0%B4%D1%80%D0%B0%D0%B2%D1%81%D1%82%D0%B2%D1%83%D0%B9%D1%82%D0%B5!%0A%0A%D0%9F%D0%B8%D1%88%D1%83%20%D0%B8%D0%B7%20%D0%BF%D1%80%D0%B8%D0%BB%D0%BE%D0%B6%D0%B5%D0%BD%D0%B8%D1%8F%202%D0%93%D0%98%D0%A1.%0A%0A, telegram:https://t.me/+79379963846",https://2gis.ru/firm/2533803071454120,http://www.sampe.ru,Пн: 08:00-17:00; Вт: 08:00-17:00; Ср: 08:00-17:00; Чт: 08:00-17:00; Пт: 08:00-17:00,C
"улица Нефтяников, 28",Буровые работы,,Буровые работы,Самара,0,,false,false,false,70000001116060000,53.361631,2GIS,51.340548,"Бурение, научно-производственное предприятие",,446304,,,,2026-10-09T03:04:06.798949+00:00,Самара,бурение скважин,,https://2gis.ru/firm/70000001116060000,,"Пн: 09:00-12:00, 13:00-18:00; Вт: 09:00-12:00, 13:00-18:00; Ср: 09:00-12:00, 13:00-18:00; Чт: 09:00-12:00, 13:00-18:00; Пт: 09:00-12:00, 13:00-18:00; Сб: 09:00-12:00, 13:00-18:00",A
"Дальневосточная улица, 100","Буровые работы, Аренда спецтехники, Металлоконструкции для строительства, Свайные работы","+79277254747, +78462510033",Буровые работы,Самара,100,2510033@mail.ru,true,true,true,2533803071655458,53.251728,2GIS,50.299989,"Анкорбурстрой, буровая компания",+79277254747,443051,3.1,6,4,2026-10-09T03:04:06.832731+00:00,Самара,бурение скважин,whatsapp:https://wa.me/79277254747?text=%D0%97%D0%B4%D1%80%D0%B0%D0%B2%D1%81%D1%82%D0%B2%D1%83%D0%B9%D1%82%D0%B5!%0A%0A%D0%9F%D0%B8%D1%88%D1%83%20%D0%B8%D0%B7%20%D0%BF%D1%80%D0%B8%D0%BB%D0%BE%D0%B6%D0%B5%D0%BD%D0%B8%D1%8F%202%D0%93%D0%98%D0%A1.%0A%0A,https://2gis.ru/firm/2533803071655458,http://www.bkankor.ru,,A
"Ялтинская улица, 32","Буровые работы, Свайные работы, Металлоконструкции для строительства, Железобетонные изделия, Строительство фундамента","+78462192517, +78462312173, +78462192514",Буровые работы,Самара,100,tehno.bur@mail.ru,true,true,true,70000001089563468,53.206866,2GIS,50.187546,"Технологии бурения, офис",+78462192517,443045,5,1,1,2026-10-09T03:04:06.869826+00:00,Самара,бурение скважин,,https://2gis.ru/firm/70000001089563468,http://yamobur.pro,Пн: 09:00-18:00; Вт: 09:00-18:00; Ср: 09:00-18:00; Чт: 09:00-18:00; Пт: 09:00-18:00,A
"проспект Карла Маркса, 163а","Буровые работы, Строительство и обслуживание наружного газоснабжения",+78462604228,Буровые работы,Самара,90,gaz-protection@mail.ru,true,true,true,2533803071874773,53.202743,2GIS,50.164209,Предприятие сервисного обслуживания и защиты газопроводов,+78462604228,443079,,,,2026-10-09T03:04:06.928320+00:00,Самара,бурение скважин,,https://2gis.ru/firm/2533803071874773,http://www.pcozg.ru,"Пн: 07:00-11:00, 12:00-16:00; Вт: 07:00-11:00, 12:00-16:00; Ср: 07:00-11:00, 12:00-16:00; Чт: 07:00-11:00, 12:00-16:00; Пт: 07:00-11:00, 12:00-15:00",C
"Железнодорожная улица, 52",Буровые работы,"88007700255, +78466140736",Буровые работы,Самара,90,info@otradnoe.com,true,true,true,70000001079879251,53.368334,2GIS,51.360732,"Отрадное, Управление ремонта и центрирования скважин",88007700255,446304,,,,2026-10-09T03:04:06.988587+00:00,Самара,бурение скважин,,https://2gis.ru/firm/70000001079879251,http://otradnoe.com,Пн: 08:00-17:00; Вт: 08:00-17:00; Ср: 08:00-17:00; Чт: 08:00-17:00; Пт: 08:00-17:00,A
"Аэродромная улица, 73","Буровые работы, Локальные очистные сооружения, Товары для отопления, водоснабжения, канализации, Наружное отопление, водоснабжение, канализация, Земляные работы",+79371008488,Буровые работы,Самара,100,akvaresurs163@gmail.com,true,true,true,70000001035707992,53.190515,2GIS,50.19737,"Акваресурс, компания",+79371008488,443076,4.9,87,87,2026-10-09T03:04:07.031279+00:00,Самара,бурение скважин,telegram:https://t.me/+79272071929,https://2gis.ru/firm/70000001035707992,http://voda-pod-kluch.ru,Пн: 08:00-20:00; Вт: 08:00-20:00; Ср: 08:00-20:00; Чт: 08:00-20:00; Пт: 08:00-20:00; Сб: 08:00-20:00; Вс: 08:00-20:00,C
"улица Авроры, 63",Буровые работы,+78462075495,Буровые работы,Самара,90,office@bk-samara.com,true,true,true,70000001071252442,53.187145,2GIS,50.19198,"Самара, буровая компания",+78462075495,443076,,,,2026-10-09T03:04:07.047664+00:00,Самара,бурение скважин,,https://2gis.ru/firm/70000001071252442,http://bk-samara.com,"Пн: 08:00-12:00, 13:00-17:00; Вт: 08:00-12:00, 13:00-17:00; Ср: 08:00-12:00, 13:00-17:00; Чт: 08:00-12:00, 13:00-17:00; Пт: 08:00-12:00, 13:00-17:00",A
"улица Санфировой, 95/1",Буровые работы,+78469977514,Буровые работы,Самара,65,office_smr@tgb.nt-serv.com,true,true,false,2533803071820267,53.220025,2GIS,50.196217,"Техгеобур, компания по информационному и технико-технологическому сопровождению строительства скважин",+78469977514,443080,,4,,2026-10-09T03:04:07.074287+00:00,Самара,бурение скважин,,https://2gis.ru/firm/2533803071820267,,"Пн: 08:00-12:00, 13:00-16:30; Вт: 08:00-12:00, 13:00-16:30; Ср: 08:00-12:00, 13:00-16:30; Чт: 08:00-12:00, 13:00-16:30; Пт: 08:00-12:00, 13:00-16:30",A
"улица Специалистов, 29а","Буровые работы, Строительство и обслуживание наружного газоснабжения, Электромонтажные работы",+78462010300,Буровые работы,Самара,100,ngt@ngtsam.ru,true,true,true,70000001046105612,53.081581,2GIS,50.097629,Нефтегазотехнологии,+78462010300,443532,3.7,9,6,2026-10-09T03:04:07.111083+00:00,Самара,бурение скважин,,https://2gis.ru/firm/70000001046105612,http://www.ngat.ru,"Пн: 08:00-12:00, 13:00-17:00; Вт: 08:00-12:00, 13:00-17:00; Ср: 08:00-12:00, 13:00-17:00; Чт: 08:00-12:00, 13:00-17:00; Пт: 08:00-12:00, 13:00-17:00",C
"Гаражный проезд, 2/2","Буровые работы, Насосное оборудование","+79276928646, +79376554700",Буровые работы,Самара,100,drilling-water@mail.ru,true,true,true,70000001022314383,53.193985,2GIS,50.262056,"Вода63, буровая компания",+79276928646,443022,5,8,7,2026-10-09T03:04:07.129016+00:00,Самара,бурение скважин,"telegram:https://t.me/+79376554700, telegram:https://t.me/+79276928646",https://2gis.ru/firm/70000001022314383,http://voda63.ru,Пн: 07:00-22:00; Вт: 07:00-22:00; Ср: 07:00-22:00; Чт: 07:00-22:00; Пт: 07:00-22:00; Сб: 07:00-22:00; Вс: 07:00-22:00,B
"проспект Карла Маркса, 499а","Буровые работы, Свайные работы, Металлоконструкции для строительства, Железобетонные изделия, Строительство фундамента","+78462192517, +78462312173",Буровые работы,Самара,90,tehno.bur@mail.ru,true,true,true,70000001036237434,53.256535,2GIS,50.284675,"Технологии бурения, Производственный цех",+78462192517,443051,,,,2026-10-09T03:04:07.157631+00:00,Самара,бурение скважин,,https://2gis.ru/firm/70000001036237434,http://yamobur.pro,Пн: 09:00-18:00; Вт: 09:00-18:00; Ср: 09:00-18:00; Чт: 09:00-18:00; Пт: 09:00-18:00; Сб: 09:00-18:00; Вс: 09:00-18:00,A
"улица Мичурина, 64","Буровые работы, Ремонт промышленного оборудования",+78462702504,Буровые работы,Самара,65,himburs@list.ru,true,true,false,2533803071471456,53.204741,2GIS,50.141122,"Химбурсервис, буровая компания",+78462702504,443110,,,,2026-10-09T03:04:07.179615+00:00,Самара,бурение скважин,,https://2gis.ru/firm/2533803071471456,,"Пн: 08:00-12:00, 13:00-17:00; Вт: 08:00-12:00, 13:00-17:00; Ср: 08:00-12:00, 13:00-17:00; Чт: 08:00-12:00, 13:00-17:00; Пт: 08:00-12:00, 13:00-17:00",B
"улица Авроры, 63",Буровые работы,+79276040206,Буровые работы,Самара,90,info@png-drilling.com,true,true,true,70000001056495460,53.187145,2GIS,50.19198,"Пнг, компания по бурению нефтяных скважин",+79276040206,443076,,,,2026-10-09T03:04:07.202594+00:00,Самара,бурение скважин,"whatsapp:https://wa.me/79276040206?text=%D0%97%D0%B4%D1%80%D0%B0%D0%B2%D1%81%D1%82%D0%B2%D1%83%D0%B9%D1%82%D0%B5!%0A%0A%D0%9F%D0%B8%D1%88%D1%83%20%D0%B8%D0%B7%20%D0%BF%D1%80%D0%B8%D0%BB%D0%BE%D0%B6%D0%B5%D0%BD%D0%B8%D1%8F%202%D0%93%D0%98%D0%A1.%0A%0A, telegram:https://t.me/+79276040206",https://2gis.ru/firm/70000001056495460,http://png-drilling.ru,"Пн: 09:00-12:00, 13:00-17:00; Вт: 09:00-12:00, 13:00-17:00; Ср: 09:00-12:00, 13:00-17:00; Чт: 09:00-12:00, 13:00-17:00; Пт: 09:00-12:00, 13:00-17:00",A
,"Буровые работы, Насосное оборудование, Буровое оборудование",+79879552524,Буровые работы,Самара,75,,false,true,true,70000001043109059,,2GIS,,"Посейдон, буровая компания",+79879552524,,5,46,46,2026-10-09T03:04:07.314392+00:00,Самара,бурение скважин,,https://2gis.ru/firm/70000001043109059,http://poseidon163.ru,Пн: 09:00-22:00; Вт: 09:00-22:00; Ср: 09:00-22:00; Чт: 09:00-22:00; Пт: 09:00-22:00; Сб: 09:00-22:00; Вс: 09:00-22:00,B
"1-й Безымянный переулок, 9","Буровые работы, Кадастровые работы, Геологические работы, Экологические работы, Геодезические работы","+79871550837, +78462075488, +79608222292",Буровые работы,Самара,100,office@gki63.рф,true,true,true,70000001057466345,53.206274,2GIS,50.229661,Геодезия Кадастр Изыскания,+79871550837,443083,5,2,1,2026-10-09T03:04:07.363000+00:00,Самара,бурение скважин,,https://2gis.ru/firm/70000001057466345,http://xn--163-5cd8afco2a1bzh6b.xn--p1ai,"Пн: 08:00-12:00, 13:00-17:00; Вт: 08:00-12:00, 13:00-17:00; Ср: 08:00-12:00, 13:00-17:00; Чт: 08:00-12:00, 13:00-17:00; Пт: 08:00-12:00, 13:00-17:00",B
"Ново-Садовая улица, 44","Буровые работы, Геодезические работы, Геологические работы, Кадастровые работы, Свайные работы","+78463346212, +78463346870",Буровые работы,Самара,90,88463346870@mail.ru,true,true,true,2533803071547273,53.21315,2GIS,50.141148,"Самара Тисиз, многопрофильная компания",+78463346212,443110,,,,2026-10-09T03:04:07.387221+00:00,Самара,бурение скважин,,https://2gis.ru/firm/2533803071547273,http://samaratisiz.com,"Пн: 08:00-12:30, 13:15-17:00; Вт: 08:00-12:30, 13:15-17:00; Ср: 08:00-12:30, 13:15-17:00; Чт: 08:00-12:30, 13:15-17:00; Пт: 08:00-12:30, 13:15-16:00",A
"Красноармейская улица, 6а","Буровые работы, Инжиниринговые услуги",+78462070022,Буровые работы,Самара,65,nikoil@nikoil.org,true,true,false,70000001062896134,53.195394,2GIS,50.095626,Никойл,+78462070022,443010,,,,2026-10-09T03:04:07.430872+00:00,Самара,бурение скважин,,https://2gis.ru/firm/70000001062896134,,"Пн: 08:30-12:30, 13:00-17:00; Вт: 08:30-12:30, 13:00-17:00; Ср: 08:30-12:30, 13:00-17:00; Чт: 08:30-12:30, 13:00-17:00; Пт: 08:30-12:30, 13:00-17:00",B
"улица Гагарина, 78","Буровые работы, Строительство дач и коттеджей, Проектирование инженерных систем, Наружное отопление, водоснабжение, канализация, Аренда спецтехники, Металлоконструкции для строительства","+79282324591, +79659734498",Буровые работы,Сочи,75,,false,true,true,70000001109509591,43.611026,2GIS,39.731619,Строй Монтаж Юг,+79282324591,354065,5,6,5,2026-10-09T03:06:56.872058+00:00,Сочи,бурение скважин,whatsapp:https://wa.me/79659734498?text=%D0%97%D0%B4%D1%80%D0%B0%D0%B2%D1%81%D1%82%D0%B2%D1%83%D0%B9%D1%82%D0%B5!%0A%0A%D0%9F%D0%B8%D1%88%D1%83%20%D0%B8%D0%B7%20%D0%BF%D1%80%D0%B8%D0%BB%D0%BE%D0%B6%D0%B5%D0%BD%D0%B8%D1%8F%202%D0%93%D0%98%D0%A1.%0A%0A,https://2gis.ru/firm/70000001109509591,http://stroymug.ru,Пн: 09:00-18:00; Вт: 09:00-18:00; Ср: 09:00-18:00; Чт: 09:00-18:00; Пт: 09:00-18:00; Сб: 09:00-18:00; Вс: 09:00-18:00,C
"улица Голенева, 36","Буровые работы, Запчасти для спецтехники, Аренда спецтехники, Спецтехника, Ремонт спецтехники","+79882331816, +78622901713",Буровые работы,Сочи,75,rodnichok.smit@mail.ru,true,true,false,70000001021584445,43.606586,2GIS,39.745653,"Родничок, компания",+79882331816,354000,5,3,1,2026-10-09T03:06:56.957688+00:00,Сочи,бурение скважин,,https://2gis.ru/firm/70000001021584445,,Пн: 08:00-18:00; Вт: 08:00-18:00; Ср: 08:00-18:00; Чт: 08:00-18:00; Пт: 08:00-18:00; Сб: 08:00-18:00; Вс: 08:00-18:00,C
"улица Горького, 87/5","Буровые работы, Аренда спецтехники, Свайные работы","+79186008811, +79184012925",Буровые работы,Сочи,75,340360@mail.ru,true,true,false,4222652931779957,43.595333,2GIS,39.728018,"Рентэк, компания по аренде экскаваторов, автовышек, виброкатков",+79186008811,354000,5,9,9,2026-10-09T03:06:56.993436+00:00,Сочи,бурение скважин,"whatsapp:https://wa.me/79186008811?text=%D0%97%D0%B4%D1%80%D0%B0%D0%B2%D1%81%D1%82%D0%B2%D1%83%D0%B9%D1%82%D0%B5!%0A%0A%D0%9F%D0%B8%D1%88%D1%83%20%D0%B8%D0%B7%20%D0%BF%D1%80%D0%B8%D0%BB%D0%BE%D0%B6%D0%B5%D0%BD%D0%B8%D1%8F%202%D0%93%D0%98%D0%A1.%0A%0A, whatsapp:https://wa.me/79186016532?text=%D0%97%D0%B4%D1%80%D0%B0%D0%B2%D1%81%D1%82%D0%B2%D1%83%D0%B9%D1%82%D0%B5!%0A%0A%D0%9F%D0%B8%D1%88%D1%83%20%D0%B8%D0%B7%20%D0%BF%D1%80%D0%B8%D0%BB%D0%BE%D0%B6%D0%B5%D0%BD%D0%B8%D1%8F%202%D0%93%D0%98%D0%A1.%0A%0A, whatsapp:https://wa.me/79184012925?text=%D0%97%D0%B4%D1%80%D0%B0%D0%B2%D1%81%D1%82%D0%B2%D1%83%D0%B9%D1%82%D0%B5!%0A%0A%D0%9F%D0%B8%D1%88%D1%83%20%D0%B8%D0%B7%20%D0%BF%D1%80%D0%B8%D0%BB%D0%BE%D0%B6%D0%B5%D0%BD%D0%B8%D1%8F%202%D0%93%D0%98%D0%A1.%0A%0A",https://2gis.ru/firm/4222652931779957,,Пн: 08:00-20:00; Вт: 08:00-20:00; Ср: 08:00-20:00; Чт: 08:00-20:00; Пт: 08:00-20:00; Сб: 08:00-20:00; Вс: 08:00-20:00,A
"улица Фурманова, 12г","Буровые работы, Геодезические работы, Геофизические работы, Геологические работы, Экологические работы",+79181005850,Буровые работы,Сочи,100,tisiz-sochi@inbox.ru,true,true,true,4222652931663493,43.557295,2GIS,39.788474,"Сочитисизпроект, проектно-изыскательская компания",+79181005850,354024,4,5,4,2026-10-09T03:06:57.066219+00:00,Сочи,бурение скважин,whatsapp:https://wa.me/79181005850?text=%D0%97%D0%B4%D1%80%D0%B0%D0%B2%D1%81%D1%82%D0%B2%D1%83%D0%B9%D1%82%D0%B5!%0A%0A%D0%9F%D0%B8%D1%88%D1%83%20%D0%B8%D0%B7%20%D0%BF%D1%80%D0%B8%D0%BB%D0%BE%D0%B6%D0%B5%D0%BD%D0%B8%D1%8F%202%D0%93%D0%98%D0%A1.%0A%0A,https://2gis.ru/firm/4222652931663493,http://sochi-tisiz.tilda.ws/,Пн: 09:00-18:00; Вт: 09:00-18:00; Ср: 09:00-18:00; Чт: 09:00-18:00; Пт: 09:00-17:00,B
"улица Ленина, 191","Буровые работы, Строительство сельхозсооружений",+79388690555,Буровые работы,Сочи,40,,false,true,false,70000001094415570,43.457077,2GIS,39.902779,"Буровые технологии, компания",+79388690555,354364,,,,2026-10-09T03:06:57.102526+00:00,Сочи,бурение скважин,,https://2gis.ru/firm/70000001094415570,,Пн: 09:00-18:00; Вт: 09:00-18:00; Ср: 09:00-18:00; Чт: 09:00-18:00; Пт: 09:00-18:00,B
"улица Яна Фабрициуса, 16/1","Буровые работы, Геологические работы, Земляные работы","+78622965155, +78622965202",Буровые работы,Сочи,65,,false,true,true,70000001053965053,43.577359,2GIS,39.749152,"Инжгеоком, строительная компания",+78622965155,354002,,,,2026-10-09T03:06:57.126710+00:00,Сочи,бурение скважин,,https://2gis.ru/firm/70000001053965053,http://i-g-k.ru,"Пн: 09:00-13:00, 14:00-18:00; Вт: 09:00-13:00, 14:00-18:00; Ср: 09:00-13:00, 14:00-18:00; Чт: 09:00-13:00, 14:00-18:00; Пт: 09:00-13:00, 14:00-18:00",B
"Набережная улица, 14","Буровые работы, Промышленное строительство, Свайные работы","+78616724353, +78616724354, +78616728262",Буровые работы,Сочи,40,,false,true,false,4222652931644947,44.108374,2GIS,39.098231,"Спецстрой-Инжиниринг, строительно-монтажная компания",+78616724353,352802,,,,2026-10-09T03:06:57.174972+00:00,Сочи,бурение скважин,,https://2gis.ru/firm/4222652931644947,,"Пн: 08:00-12:00, 13:00-17:00; Вт: 08:00-12:00, 13:00-17:00; Ср: 08:00-12:00, 13:00-17:00; Чт: 08:00-12:00, 13:00-17:00; Пт: 08:00-12:00, 13:00-17:00",A
"Тимашевская улица, 138а","Буровые работы, Гидрогеологические работы, Геофизические работы, Водоснабжение",+79617086746,Буровые работы,Сочи,100,samsungsochi5@gmail.com,true,true,true,70000001118326709,43.467214,2GIS,39.962005,ЭкоВодоПоиск,+79617086746,354393,5,2,2,2026-10-09T03:06:57.200350+00:00,Сочи,бурение скважин,,https://2gis.ru/firm/70000001118326709,http://vk.ru/club240866792,Пн: 09:00-20:00; Вт: 09:00-20:00; Ср: 09:00-20:00; Чт: 09:00-20:00; Пт: 09:00-20:00; Сб: 09:00-20:00; Вс: 09:00-20:00,A
"Российская улица, 2/1","Буровые работы, Экспертиза зданий и сооружений, Архитектурное проектирование, Геодезические работы, Геологические работы","+78622694491, +79181054444",Буровые работы,Сочи,100,2694491@mail.ru,true,true,true,4222652931661130,43.665509,2GIS,39.666272,Управление берегозащитных и противооползневых работ Эспертиза,+78622694491,354207,3,2,2,2026-10-09T03:06:57.246336+00:00,Сочи,бурение скважин,,https://2gis.ru/firm/4222652931661130,http://ubprexpertiza.ru,"Пн: 09:00-13:00, 14:00-17:00; Вт: 09:00-13:00, 14:00-17:00; Ср: 09:00-13:00, 14:00-17:00; Чт: 09:00-13:00, 14:00-17:00; Пт: 09:00-13:00, 14:00-17:00",B
"улица Лазурная Долина, 10а","Буровые работы, Свайные работы","+78622460030, +79182099562, +78622460029, +78622460028",Буровые работы,Сочи,90,sbkom.ru@yandex.ru,true,true,true,4222652931811344,43.467121,2GIS,39.927512,Сочинская буровая компания,+78622460030,354395,,,,2026-10-09T03:06:57.294279+00:00,Сочи,бурение скважин,whatsapp:https://wa.me/79182099562?text=%D0%97%D0%B4%D1%80%D0%B0%D0%B2%D1%81%D1%82%D0%B2%D1%83%D0%B9%D1%82%D0%B5!%0A%0A%D0%9F%D0%B8%D1%88%D1%83%20%D0%B8%D0%B7%20%D0%BF%D1%80%D0%B8%D0%BB%D0%BE%D0%B6%D0%B5%D0%BD%D0%B8%D1%8F%202%D0%93%D0%98%D0%A1.%0A%0A,https://2gis.ru/firm/4222652931811344,http://sbkom.ru,"Пн: 08:00-12:00, 13:00-17:00; Вт: 08:00-12:00, 13:00-17:00; Ср: 08:00-12:00, 13:00-17:00; Чт: 08:00-12:00, 13:00-17:00; Пт: 08:00-12:00, 13:00-17:00",A
,Буровые работы,+79183028908,Буровые работы,Сочи,100,ygstroitrans@yandex.ru,true,true,true,4222652931824013,,2GIS,,"Буровые решения, компания",+79183028908,,4,4,4,2026-10-09T03:06:57.338317+00:00,Сочи,бурение скважин,whatsapp:https://wa.me/79183028908?text=%D0%97%D0%B4%D1%80%D0%B0%D0%B2%D1%81%D1%82%D0%B2%D1%83%D0%B9%D1%82%D0%B5!%0A%0A%D0%9F%D0%B8%D1%88%D1%83%20%D0%B8%D0%B7%20%D0%BF%D1%80%D0%B8%D0%BB%D0%BE%D0%B6%D0%B5%D0%BD%D0%B8%D1%8F%202%D0%93%D0%98%D0%A1.%0A%0A,https://2gis.ru/firm/4222652931824013,http://www.burresh.ru,Пн: 09:00-21:00; Вт: 09:00-21:00; Ср: 09:00-21:00; Чт: 09:00-21:00; Пт: 09:00-21:00; Сб: 09:00-21:00; Вс: 09:00-21:00,A
"Тепличная улица, 83 к2","Буровые работы, Строительство дач и коттеджей, Проектирование инженерных систем, Архитектурное проектирование, Геологические работы","+79388812404, +79388812051, +79286650035",Буровые работы,Сочи,100,89286650035@yandex.ru,true,true,true,70000001017999566,43.611471,2GIS,39.762681,"Инжгеосервис, строительная инженерно-изыскательская компания",+79388812404,354004,4.7,22,17,2026-10-09T03:06:57.374050+00:00,Сочи,бурение скважин,"whatsapp:https://wa.me/79388812051?text=%D0%97%D0%B4%D1%80%D0%B0%D0%B2%D1%81%D1%82%D0%B2%D1%83%D0%B9%D1%82%D0%B5!%0A%0A%D0%9F%D0%B8%D1%88%D1%83%20%D0%B8%D0%B7%20%D0%BF%D1%80%D0%B8%D0%BB%D0%BE%D0%B6%D0%B5%D0%BD%D0%B8%D1%8F%202%D0%93%D0%98%D0%A1.%0A%0A, whatsapp:https://wa.me/79388812404?text=%D0%97%D0%B4%D1%80%D0%B0%D0%B2%D1%81%D1%82%D0%B2%D1%83%D0%B9%D1%82%D0%B5!%0A%0A%D0%9F%D0%B8%D1%88%D1%83%20%D0%B8%D0%B7%20%D0%BF%D1%80%D0%B8%D0%BB%D0%BE%D0%B6%D0%B5%D0%BD%D0%B8%D1%8F%202%D0%93%D0%98%D0%A1.%0A%0A, telegram:https://t.me/sergant230",https://2gis.ru/firm/70000001017999566,http://inzgeoservis.ru/,Пн: 09:00-18:00; Вт: 09:00-18:00; Ср: 09:00-18:00; Чт: 09:00-18:00; Пт: 09:00-18:00; Сб: 09:00-18:00,B
"улица Калараша, 111а","Буровые работы, Гидрогеологические работы","+79184099653, +79286651470",Буровые работы,Сочи,100,sochi57@mail.ru,true,true,true,70000001037876131,43.910803,2GIS,39.336987,"Родник, компания",+79184099653,354200,3,6,6,2026-10-09T03:06:57.396582+00:00,Сочи,бурение скважин,whatsapp:https://wa.me/79184099653?text=%D0%97%D0%B4%D1%80%D0%B0%D0%B2%D1%81%D1%82%D0%B2%D1%83%D0%B9%D1%82%D0%B5!%0A%0A%D0%9F%D0%B8%D1%88%D1%83%20%D0%B8%D0%B7%20%D0%BF%D1%80%D0%B8%D0%BB%D0%BE%D0%B6%D0%B5%D0%BD%D0%B8%D1%8F%202%D0%93%D0%98%D0%A1.%0A%0A,https://2gis.ru/firm/70000001037876131,http://rodnik-sochi.ru/,Пн: 08:00-17:00; Вт: 08:00-17:00; Ср: 08:00-17:00; Чт: 08:00-17:00; Пт: 08:00-17:00,A
"Комсомольская улица, 1","Буровые работы, Металлоизделия, Аренда спецтехники, Чёрный металлопрокат",+79180055151,Буровые работы,Сочи,90,rgstroy@bk.ru,true,true,true,70000001053122369,43.572814,2GIS,39.732469,"Ростгеострой, строительная компания",+79180055151,354000,,,,2026-10-09T03:06:57.439573+00:00,Сочи,бурение скважин,whatsapp:https://wa.me/79180055151?text=%D0%97%D0%B4%D1%80%D0%B0%D0%B2%D1%81%D1%82%D0%B2%D1%83%D0%B9%D1%82%D0%B5!%0A%0A%D0%9F%D0%B8%D1%88%D1%83%20%D0%B8%D0%B7%20%D0%BF%D1%80%D0%B8%D0%BB%D0%BE%D0%B6%D0%B5%D0%BD%D0%B8%D1%8F%202%D0%93%D0%98%D0%A1.%0A%0A,https://2gis.ru/firm/70000001053122369,http://xn--c1aemrcajefdhe.xn--p1ai,Пн: 00:00-24:00; Вт: 00:00-24:00; Ср: 00:00-24:00; Чт: 00:00-24:00; Пт: 00:00-24:00; Сб: 00:00-24:00; Вс: 00:00-24:00,C
"Вишнёвая улица, 10","Буровые работы, Городские автогрузоперевозки, Питьевая вода",+79881462268,Буровые работы,Сочи,50,,false,true,false,70000001053971972,43.619185,2GIS,39.754738,Panbur,+79881462268,354003,5,1,1,2026-10-09T03:06:57.518341+00:00,Сочи,бурение скважин,,https://2gis.ru/firm/70000001053971972,,Пн: 09:00-20:00; Вт: 09:00-20:00; Ср: 09:00-20:00; Чт: 09:00-20:00; Пт: 09:00-20:00; Сб: 09:00-20:00; Вс: 09:00-20:00,B
,"Буровые работы, Аренда спецтехники, Спецтехника, Эвакуатор, Экспедирование грузов",+79676433969,Буровые работы,Сочи,100,spetsp.24@yandex.ru,true,true,true,70000001060646818,,2GIS,,"Спецпарк24.рф, компания по аренде спецтехники",+79676433969,,5,5,5,2026-10-09T03:06:57.597482+00:00,Сочи,бурение скважин,"whatsapp:https://wa.me/79630081594?text=%D0%97%D0%B4%D1%80%D0%B0%D0%B2%D1%81%D1%82%D0%B2%D1%83%D0%B9%D1%82%D0%B5!%0A%0A%D0%9F%D0%B8%D1%88%D1%83%20%D0%B8%D0%B7%20%D0%BF%D1%80%D0%B8%D0%BB%D0%BE%D0%B6%D0%B5%D0%BD%D0%B8%D1%8F%202%D0%93%D0%98%D0%A1.%0A%0A, telegram:https://t.me/Spetspark24",https://2gis.ru/firm/70000001060646818,http://xn--h1aliz.xn--24-6kct0a1abje6c.xn--p1ai,Пн: 00:00-24:00; Вт: 00:00-24:00; Ср: 00:00-24:00; Чт: 00:00-24:00; Пт: 00:00-24:00; Сб: 00:00-24:00; Вс: 00:00-24:00,C
,Буровые работы,+79390000776,Буровые работы,Сочи,50,,false,true,false,70000001062541634,,2GIS,,Компания по бурению скважин на воду,+79390000776,,5,1,1,2026-10-09T03:06:57.696790+00:00,Сочи,бурение скважин,whatsapp:https://wa.me/79390000776?text=%D0%97%D0%B4%D1%80%D0%B0%D0%B2%D1%81%D1%82%D0%B2%D1%83%D0%B9%D1%82%D0%B5!%0A%0A%D0%9F%D0%B8%D1%88%D1%83%20%D0%B8%D0%B7%20%D0%BF%D1%80%D0%B8%D0%BB%D0%BE%D0%B6%D0%B5%D0%BD%D0%B8%D1%8F%202%D0%93%D0%98%D0%A1.%0A%0A,https://2gis.ru/firm/70000001062541634,,Пн: 07:00-24:00; Вт: 07:00-24:00; Ср: 07:00-24:00; Чт: 07:00-24:00; Пт: 07:00-24:00; Сб: 07:00-24:00; Вс: 07:00-24:00,A
"Пластунская улица, 50/5",Буровые работы,+79384642020,Буровые работы,Сочи,50,,false,true,false,70000001079131357,43.602014,2GIS,39.742983,Строительное агентство по бурению под сваи,+79384642020,354000,5,2,2,2026-10-09T03:06:57.720057+00:00,Сочи,бурение скважин,,https://2gis.ru/firm/70000001079131357,,Пн: 08:00-22:00; Вт: 08:00-22:00; Ср: 08:00-22:00; Чт: 08:00-22:00; Пт: 08:00-22:00; Сб: 08:00-22:00; Вс: 08:00-22:00,A
"улица Говорова, 11","Буровые работы, Строительство дач и коттеджей, Электромонтажные работы",+79183686519,Буровые работы,Сочи,40,,false,true,false,70000001083710865,44.094472,2GIS,39.113319,Компания буровых работ,+79183686519,352801,,,,2026-10-09T03:06:57.790354+00:00,Сочи,бурение скважин,,https://2gis.ru/firm/70000001083710865,,Пн: 08:00-18:00; Вт: 08:00-18:00; Ср: 08:00-18:00; Чт: 08:00-18:00; Пт: 08:00-18:00; Сб: 08:00-18:00,C
"улица Энтузиастов, 54",Буровые работы,"+73462427726, +73462427950",Буровые работы,Сургут,40,,false,true,false,5489290326858011,61.263155,2GIS,73.372516,Сургутское управление буровых работ №1,+73462427726,628415,,40,,2026-10-09T03:05:31.858554+00:00,Сургут,бурение скважин,,https://2gis.ru/firm/5489290326858011,,"Пн: 08:30-12:45, 14:00-17:00; Вт: 08:30-12:45, 14:00-17:00; Ср: 08:30-12:45, 14:00-17:00; Чт: 08:30-12:45, 14:00-17:00; Пт: 08:30-12:45, 14:00-17:00",A
"Промышленная улица, 22",Буровые работы,+73462431202,Буровые работы,Сургут,50,,false,true,false,70000001031438215,61.282506,2GIS,73.424568,Сургутское управление буровых работ-2,+73462431202,628407,4.6,50,5,2026-10-09T03:05:31.947507+00:00,Сургут,бурение скважин,,https://2gis.ru/firm/70000001031438215,,"Пн: 08:30-11:30, 12:00-17:00; Вт: 08:30-11:30, 12:00-17:00; Ср: 08:30-11:30, 12:00-17:00; Чт: 08:30-11:30, 12:00-17:00; Пт: 08:30-11:30, 12:00-17:00",A
"Юго-Западная зона 1-й массив 3-й квартал, 31","Буровые работы, Обслуживание нефтегазодобывающих компаний","+73466310075,,,2303, +73466310075,,,2330, +73463491030,,,2303, +73463491030,,,2361, +73463491030,,,2362",Буровые работы,Сургут,100,delo-nyu@snph.biz,true,true,true,70000001064287964,61.082492,2GIS,72.532359,"Снпх, сервисное предприятие нефтяной отрасли","+73466310075,,,2303",628305,4.9,34,3,2026-10-09T03:05:32.092208+00:00,Сургут,бурение скважин,,https://2gis.ru/firm/70000001064287964,http://mobile.snph.biz,Пн: 09:00-18:00; Вт: 09:00-18:00; Ср: 09:00-18:00; Чт: 09:00-18:00; Пт: 09:00-18:00,B
"Производственная улица, 2",Буровые работы,+73462432751,Буровые работы,Сургут,50,,false,true,false,5489290326894922,61.270484,2GIS,73.426637,Сургутское управление буровых работ №3,+73462432751,628426,3.4,26,7,2026-10-09T03:05:32.121849+00:00,Сургут,бурение скважин,,https://2gis.ru/firm/5489290326894922,,"Пн: 08:30-12:30, 13:05-17:30; Вт: 08:30-12:30, 13:05-17:30; Ср: 08:30-12:30, 13:05-17:30; Чт: 08:30-12:30, 13:05-17:30; Пт: 08:30-12:30, 13:05-17:30",A
"улица Строителей, 7",Буровые работы,"+73463313331,,,100, +73463313331,,,103",Буровые работы,Сургут,90,nf@nf.sibserv.com,true,true,true,70000001105226588,61.094137,2GIS,72.595071,"Сибирская сервисная компания, г. Нефтеюганск","+73463313331,,,100",628305,,26,,2026-10-09T03:05:32.163562+00:00,Сургут,бурение скважин,,https://2gis.ru/firm/70000001105226588,http://sibserv.com,,A
,Буровые работы,+73463320500,Буровые работы,Сургут,40,,false,true,false,70000001110178220,61.082879,2GIS,72.539179,"Рн-бурение, база №2",+73463320500,628305,,14,,2026-10-09T03:05:32.196621+00:00,Сургут,бурение скважин,,https://2gis.ru/firm/70000001110178220,,"Пн: 08:15-12:00, 13:45-18:00; Вт: 08:15-12:00, 13:45-18:00; Ср: 08:15-12:00, 13:45-18:00; Чт: 08:15-12:00, 13:45-18:00; Пт: 08:15-12:00, 13:45-18:00",A
"Жилая улица, 18а/12","Буровые работы, Обслуживание нефтегазодобывающих компаний, Буровое оборудование",+74952257595,Буровые работы,Сургут,90,nf@nf.sibserv.com,true,true,true,70000001045791422,61.107627,2GIS,72.602137,"Сибирская сервисная компания, г. Нефтеюганск",+74952257595,628305,,7,,2026-10-09T03:05:32.244643+00:00,Сургут,бурение скважин,,https://2gis.ru/firm/70000001045791422,http://sibserv.com,"Пн: 08:00-12:00, 13:30-18:00; Вт: 08:00-12:00, 13:30-18:00; Ср: 08:00-12:00, 13:30-18:00; Чт: 08:00-12:00, 13:30-18:00; Пт: 08:00-12:00, 13:30-18:00",B
"Парковая улица, 11","Буровые работы, Обслуживание нефтегазодобывающих компаний, Буровое оборудование",+73463313331,Буровые работы,Сургут,100,nf@nf.sibserv.com,true,true,true,5489290326853164,61.102676,2GIS,72.593482,"Сибирская сервисная компания, г. Нефтеюганск",+73463313331,628305,5,19,4,2026-10-09T03:05:32.292057+00:00,Сургут,бурение скважин,,https://2gis.ru/firm/5489290326853164,http://sibserv.com,"Пн: 08:15-11:45, 13:30-17:15; Вт: 08:15-11:45, 13:30-17:15; Ср: 08:15-11:45, 13:30-17:15; Чт: 08:15-11:45, 13:30-17:15; Пт: 08:15-11:45, 13:30-17:15",B
"Базовая улица, 13",Буровые работы,+79322536265,Буровые работы,Сургут,65,sk-vmu@mail.ru,true,true,false,70000001061019010,61.24955,2GIS,73.486809,"Вышко-монтажное управление, строительная компания",+79322536265,628401,,2,,2026-10-09T03:05:32.387085+00:00,Сургут,бурение скважин,,https://2gis.ru/firm/70000001061019010,,Пн: 09:00-18:00; Вт: 09:00-18:00; Ср: 09:00-18:00; Чт: 09:00-18:00; Пт: 09:00-18:00,A
"улица Лермонтова, 9/1",Буровые работы,+73462321315,Буровые работы,Сургут,75,,false,true,true,70000001034245151,61.264658,2GIS,73.388411,"Орион, г. Сургут",+73462321315,628418,5,7,3,2026-10-09T03:05:32.486781+00:00,Сургут,бурение скважин,,https://2gis.ru/firm/70000001034245151,http://orioncs.ru,"Пн: 08:00-12:00, 14:00-17:00; Вт: 08:00-12:00, 14:00-17:00; Ср: 08:00-12:00, 14:00-17:00; Чт: 08:00-12:00, 14:00-17:00; Пт: 08:00-12:00, 14:00-17:00",A
"улица Нефтяников, 30",Буровые работы,+73463252999,Буровые работы,Сургут,50,,false,true,false,5489290327045189,61.10057,2GIS,72.587815,"БКЕ, буровая компания",+73463252999,628305,2.6,15,6,2026-10-09T03:05:32.579147+00:00,Сургут,бурение скважин,,https://2gis.ru/firm/5489290327045189,,"Пн: 08:15-12:00, 13:45-18:00; Вт: 08:15-12:00, 13:45-18:00; Ср: 08:15-12:00, 13:45-18:00; Чт: 08:15-12:00, 13:45-18:00; Пт: 08:15-12:00, 13:45-18:00",A
"Инженерная улица, 18 ст4/4","Буровые работы, Нефтегазовое оборудование","+79129300682, +74958110535",Буровые работы,Сургут,90,info@wellservices.ru,true,true,true,70000001033369312,61.245253,2GIS,73.496895,"Консолидейтед Сервисиз, компания",+79129300682,628401,,8,,2026-10-09T03:05:32.605295+00:00,Сургут,бурение скважин,,https://2gis.ru/firm/70000001033369312,http://wellservices.ru,Пн: 09:00-18:00; Вт: 09:00-18:00; Ср: 09:00-18:00; Чт: 09:00-18:00; Пт: 09:00-18:00,B
"Западная улица, 23/1",Буровые работы,"+73462533504, +73462652387, +73462223700",Буровые работы,Сургут,100,ugrastroyinvest@mail.ru,true,true,true,5489290326889515,61.295258,2GIS,73.349683,ЮграСтройИнвест,+73462533504,628414,4.8,12,9,2026-10-09T03:05:32.664585+00:00,Сургут,бурение скважин,,https://2gis.ru/firm/5489290326889515,http://ugrastroyinvest.ru,Пн: 08:30-18:00; Вт: 08:30-18:00; Ср: 08:30-18:00; Чт: 08:30-18:00; Пт: 08:30-18:00; Сб: 08:30-15:00,A
"Нефтеюганское шоссе, 24/2",Буровые работы,+73462327021,Буровые работы,Сургут,75,,false,true,true,5489290326851691,61.268274,2GIS,73.412784,"Востокбурвод, буровая компания",+73462327021,628415,5,2,2,2026-10-09T03:05:32.755936+00:00,Сургут,бурение скважин,,https://2gis.ru/firm/5489290326851691,http://burvodsurgut.ru,"Пн: 08:00-12:00, 13:00-17:00; Вт: 08:00-12:00, 13:00-17:00; Ср: 08:00-12:00, 13:00-17:00; Чт: 08:00-12:00, 13:00-17:00; Пт: 08:00-12:00, 13:00-17:00",A
"Жилая улица, 16/12","Буровые работы, Обслуживание нефтегазодобывающих компаний","+78453544555, +78453544777",Буровые работы,Сургут,90,office@fj-volga.com,true,true,true,70000001112478757,61.106826,2GIS,72.605317,ФракДжет-Волга,+78453544555,628305,,3,,2026-10-09T03:05:32.791228+00:00,Сургут,бурение скважин,,https://2gis.ru/firm/70000001112478757,http://fj-volga.com,,B
"Андреевский заезд, 12/2","Буровые работы, Наружное отопление, водоснабжение, канализация, Аренда спецтехники",+73462989000,Буровые работы,Сургут,65,ooo_yuss@mail.ru,true,true,false,70000001029803895,61.274513,2GIS,73.419878,"ЮграСеверСтрой, строительная компания",+73462989000,628403,,1,,2026-10-09T03:05:32.871317+00:00,Сургут,бурение скважин,,https://2gis.ru/firm/70000001029803895,,"Пн: 09:00-13:00, 14:00-18:00; Вт: 09:00-13:00, 14:00-18:00; Ср: 09:00-13:00, 14:00-18:00; Чт: 09:00-13:00, 14:00-18:00; Пт: 09:00-13:00, 14:00-18:00",C
"ГСК Спутник, ст3/20","Буровые работы, Архитектурное проектирование, Строительство и обслуживание наружного газоснабжения, Строительство административных зданий, Геодезические работы",+73463517007,Буровые работы,Сургут,40,,false,true,false,70000001098311317,61.106715,2GIS,72.613684,"Бриг, компания",+73463517007,628305,,1,,2026-10-09T03:05:32.901660+00:00,Сургут,бурение скважин,,https://2gis.ru/firm/70000001098311317,,"Пн: 08:00-12:00, 13:30-17:00; Вт: 08:00-12:00, 13:30-17:00; Ср: 08:00-12:00, 13:30-17:00; Чт: 08:00-12:00, 13:30-17:00; Пт: 08:00-12:00, 13:30-17:00; Сб: 08:00-12:00, 13:30-17:00",C
"улица Маяковского, 57",Буровые работы,+73462229758,Буровые работы,Сургут,75,tv-s@inbox.ru,true,true,false,70000001032115176,61.266784,2GIS,73.420353,Вышкомонтажное транспортное предприятие-Твс,+73462229758,628426,1.7,3,1,2026-10-09T03:05:32.926382+00:00,Сургут,бурение скважин,whatsapp:https://wa.me/79128168887?text=%D0%97%D0%B4%D1%80%D0%B0%D0%B2%D1%81%D1%82%D0%B2%D1%83%D0%B9%D1%82%D0%B5!%0A%0A%D0%9F%D0%B8%D1%88%D1%83%20%D0%B8%D0%B7%20%D0%BF%D1%80%D0%B8%D0%BB%D0%BE%D0%B6%D0%B5%D0%BD%D0%B8%D1%8F%202%D0%93%D0%98%D0%A1.%0A%0A,https://2gis.ru/firm/70000001032115176,,"Пн: 09:00-12:00, 13:00-17:00; Вт: 09:00-12:00, 13:00-17:00; Ср: 09:00-12:00, 13:00-17:00; Чт: 09:00-12:00, 13:00-17:00; Пт: 09:00-12:00, 13:00-17:00",A
"2-й Басандайский переулок, 3",Буровые работы,+79539161268,Буровые работы,Томск,75,,false,true,true,70000001114830683,56.417531,2GIS,84.983299,БурТомск,+79539161268,634016,5,6,5,2026-10-09T04:30:22.596764+00:00,Томск,бурение скважин,telegram:https://t.me/+79539161268,https://2gis.ru/firm/70000001114830683,http://bur-v-tomske.ru,Пн: 08:00-22:00; Вт: 08:00-22:00; Ср: 08:00-22:00; Чт: 08:00-22:00; Пт: 08:00-22:00; Сб: 08:00-22:00; Вс: 08:00-22:00,A
"Магистральная улица, 2 ст1","Буровые работы, Оборудование для очистки воды, Геологические работы, Локальные очистные сооружения, Наружное отопление, водоснабжение, канализация","+73822309539, +79138509539",Буровые работы,Томск,100,burenie70@yandex.ru,true,true,true,70000001022249065,56.459949,2GIS,85.119284,"Бур 70, буровая компания",+73822309539,634031,5,14,12,2026-10-09T04:30:22.706404+00:00,Томск,бурение скважин,"whatsapp:https://wa.me/79138509539?text=%D0%97%D0%B4%D1%80%D0%B0%D0%B2%D1%81%D1%82%D0%B2%D1%83%D0%B9%D1%82%D0%B5!%0A%0A%D0%9F%D0%B8%D1%88%D1%83%20%D0%B8%D0%B7%20%D0%BF%D1%80%D0%B8%D0%BB%D0%BE%D0%B6%D0%B5%D0%BD%D0%B8%D1%8F%202%D0%93%D0%98%D0%A1.%0A%0A, telegram:https://t.me/+79138509539",https://2gis.ru/firm/70000001022249065,http://xn---70-9cd9era.xn--p1ai,Пн: 08:00-21:00; Вт: 08:00-21:00; Ср: 08:00-21:00; Чт: 08:00-21:00; Пт: 08:00-21:00; Сб: 08:00-21:00; Вс: 08:00-20:00,B
"улица Елизаровых, 48/20","Буровые работы, Металлообработка, Ремонт промышленного оборудования, Металлоконструкции для строительства, Свайные работы, Сварочные работы, Строительство фундамента, Быстровозводимые здания, Строительство дач и коттеджей, Аренда спецтехники","+79138270046, +79138270043, +79138270049",Буровые работы,Томск,100,eltehprom@yandex.ru,true,true,true,422740746044238,56.46648,2GIS,84.991901,"Элтехпром, Томский завод винтовых свай и металлоконструкций",+79138270046,634012,3.8,14,7,2026-10-09T04:30:22.743376+00:00,Томск,бурение скважин,,https://2gis.ru/firm/422740746044238,http://eltehprom.ru,"Пн: 08:00-12:00, 13:00-17:00; Вт: 08:00-12:00, 13:00-17:00; Ср: 08:00-12:00, 13:00-17:00; Чт: 08:00-12:00, 13:00-17:00; Пт: 08:00-12:00, 13:00-17:00",A
"Берёзовая улица, 8 ст1","Буровые работы, Аренда спецтехники, Вывоз снега, Свайные работы, Земляные работы","+79138610294, +73822979885, +79095381256",Буровые работы,Томск,75,evbolsohunov@mail.ru,true,true,false,70000001035122391,56.534774,2GIS,85.053525,Стройтранслогист,+79138610294,634063,5,4,1,2026-10-09T04:30:22.874261+00:00,Томск,бурение скважин,"whatsapp:https://wa.me/79138610294?text=%D0%97%D0%B4%D1%80%D0%B0%D0%B2%D1%81%D1%82%D0%B2%D1%83%D0%B9%D1%82%D0%B5!%0A%0A%D0%9F%D0%B8%D1%88%D1%83%20%D0%B8%D0%B7%20%D0%BF%D1%80%D0%B8%D0%BB%D0%BE%D0%B6%D0%B5%D0%BD%D0%B8%D1%8F%202%D0%93%D0%98%D0%A1.%0A%0A, whatsapp:https://wa.me/79095381256?text=%D0%97%D0%B4%D1%80%D0%B0%D0%B2%D1%81%D1%82%D0%B2%D1%83%D0%B9%D1%82%D0%B5!%0A%0A%D0%9F%D0%B8%D1%88%D1%83%20%D0%B8%D0%B7%20%D0%BF%D1%80%D0%B8%D0%BB%D0%BE%D0%B6%D0%B5%D0%BD%D0%B8%D1%8F%202%D0%93%D0%98%D0%A1.%0A%0A",https://2gis.ru/firm/70000001035122391,,Пн: 00:00-24:00; Вт: 00:00-24:00; Ср: 00:00-24:00; Чт: 00:00-24:00; Пт: 00:00-24:00; Сб: 00:00-24:00; Вс: 00:00-24:00,A
"Светлая улица, 19/3","Буровые работы, Локальные очистные сооружения, Жилищно-коммунальные услуги, Железобетонные изделия, Обращение с жидкими отходами, Свайные работы, Строительство фундамента, Системы водоотведения, Наружное отопление, водоснабжение, канализация, Аренда спецтехники","+73822220685, +73822237010, +79095437010",Буровые работы,Томск,100,zsk1@inbox.ru,true,true,true,422740746113187,56.435672,2GIS,85.018027,Зск-1,+73822220685,634507,4.8,98,74,2026-10-09T04:30:22.929921+00:00,Томск,бурение скважин,"whatsapp:https://wa.me/79039550685?text=%D0%97%D0%B4%D1%80%D0%B0%D0%B2%D1%81%D1%82%D0%B2%D1%83%D0%B9%D1%82%D0%B5!%0A%0A%D0%9F%D0%B8%D1%88%D1%83%20%D0%B8%D0%B7%20%D0%BF%D1%80%D0%B8%D0%BB%D0%BE%D0%B6%D0%B5%D0%BD%D0%B8%D1%8F%202%D0%93%D0%98%D0%A1.%0A%0A, whatsapp:https://wa.me/79539185114?text=%D0%97%D0%B4%D1%80%D0%B0%D0%B2%D1%81%D1%82%D0%B2%D1%83%D0%B9%D1%82%D0%B5!%0A%0A%D0%9F%D0%B8%D1%88%D1%83%20%D0%B8%D0%B7%20%D0%BF%D1%80%D0%B8%D0%BB%D0%BE%D0%B6%D0%B5%D0%BD%D0%B8%D1%8F%202%D0%93%D0%98%D0%A1.%0A%0A, telegram:https://t.me/zsk1_septik_tomsk",https://2gis.ru/firm/422740746113187,http://xn--1-mtbj1a.xn--p1ai,Пн: 08:00-18:00; Вт: 08:00-18:00; Ср: 08:00-18:00; Чт: 08:00-18:00; Пт: 08:00-18:00; Сб: 08:00-18:00,A
"Фестивальная улица, 16",Буровые работы,"+79528831817, +73822201723",Буровые работы,Томск,100,tbsktomsk@yandex.ru,true,true,true,70000001069347595,56.519846,2GIS,85.000615,Томская буровая строительная компания,+79528831817,634059,5,275,90,2026-10-09T04:30:22.977642+00:00,Томск,бурение скважин,"telegram:https://t.me/+79528831817, whatsapp:https://wa.me/79528831817?text=%D0%97%D0%B4%D1%80%D0%B0%D0%B2%D1%81%D1%82%D0%B2%D1%83%D0%B9%D1%82%D0%B5!%0A%0A%D0%9F%D0%B8%D1%88%D1%83%20%D0%B8%D0%B7%20%D0%BF%D1%80%D0%B8%D0%BB%D0%BE%D0%B6%D0%B5%D0%BD%D0%B8%D1%8F%202%D0%93%D0%98%D0%A1.%0A%0A",https://2gis.ru/firm/70000001069347595,http://tomvodostroy70.ru/,Пн: 08:00-20:00; Вт: 08:00-20:00; Ср: 08:00-20:00; Чт: 08:00-20:00; Пт: 08:00-20:00; Сб: 08:00-20:00; Вс: 08:00-20:00,A
"Рабочая улица, 2","Буровые работы, Строительство и обслуживание наружного газоснабжения, Инжиниринговые услуги, Наружное отопление, водоснабжение, канализация","+73822456405, +73822456496",Буровые работы,Томск,75,gvs456405@mail.ru,true,true,false,70000001017961869,56.501756,2GIS,84.99995,Газводстрой,+73822456405,634049,5,5,1,2026-10-09T04:30:23.008351+00:00,Томск,бурение скважин,,https://2gis.ru/firm/70000001017961869,,"Пн: 08:00-12:00, 13:00-17:00; Вт: 08:00-12:00, 13:00-17:00; Ср: 08:00-12:00, 13:00-17:00; Чт: 08:00-12:00, 13:00-17:00; Пт: 08:00-12:00, 13:00-17:00",C
"Комсомольский проспект, 70/1",Буровые работы,+74953749561,Буровые работы,Томск,65,,false,true,true,70000001095574642,56.466684,2GIS,84.982528,Pobedit holding,+74953749561,634041,,2,,2026-10-09T04:30:23.032175+00:00,Томск,бурение скважин,,https://2gis.ru/firm/70000001095574642,http://pobeditholding.com,Пн: 09:00-18:00; Вт: 09:00-18:00; Ср: 09:00-18:00; Чт: 09:00-18:00; Пт: 09:00-18:00,A
"База Ткгэ, 6","Буровые работы, Геологоразведочные работы","+73822705540, +73822705541, +73822900843",Буровые работы,Томск,75,tkge@mail.ru,true,true,false,422740746296009,56.411878,2GIS,85.057395,Томская комплексная геологоразведочная экспедиция,+73822705540,634507,4.2,3,1,2026-10-09T04:30:23.098669+00:00,Томск,бурение скважин,,https://2gis.ru/firm/422740746296009,,"Пн: 08:30-12:30, 13:00-16:30; Вт: 08:30-12:30, 13:00-16:30; Ср: 08:30-12:30, 13:00-16:30; Чт: 08:30-12:30, 13:00-16:30; Пт: 08:30-12:30, 13:00-16:30",A
"проспект Ленина, 30/2","Буровые работы, Оформление недвижимости, Геологические работы, Геофизические работы","+73822556006, +79528029898",Буровые работы,Томск,100,kontur70@yandex.ru,true,true,true,422740746334962,56.464705,2GIS,84.948906,Контур,+73822556006,634050,4,13,12,2026-10-09T04:30:23.149204+00:00,Томск,бурение скважин,whatsapp:https://wa.me/79528029898?text=%D0%97%D0%B4%D1%80%D0%B0%D0%B2%D1%81%D1%82%D0%B2%D1%83%D0%B9%D1%82%D0%B5!%0A%0A%D0%9F%D0%B8%D1%88%D1%83%20%D0%B8%D0%B7%20%D0%BF%D1%80%D0%B8%D0%BB%D0%BE%D0%B6%D0%B5%D0%BD%D0%B8%D1%8F%202%D0%93%D0%98%D0%A1.%0A%0A,https://2gis.ru/firm/422740746334962,http://oookontur.ru/,"Пн: 08:00-12:00, 13:00-17:00; Вт: 08:00-12:00, 13:00-17:00; Ср: 08:00-12:00, 13:00-17:00; Чт: 08:00-12:00, 13:00-17:00; Пт: 08:00-12:00, 13:00-16:30",B
"Профсоюзная улица, 2/200",Буровые работы,"+73822938125, +73822938135, +79521828125",Буровые работы,Томск,100,tomvod@yandex.ru,true,true,true,70000001029257533,56.529102,2GIS,84.940523,"Томвод, компания буровых работ",+73822938125,634024,5,23,20,2026-10-09T04:30:23.190242+00:00,Томск,бурение скважин,whatsapp:https://wa.me/79521828125?text=%D0%97%D0%B4%D1%80%D0%B0%D0%B2%D1%81%D1%82%D0%B2%D1%83%D0%B9%D1%82%D0%B5!%0A%0A%D0%9F%D0%B8%D1%88%D1%83%20%D0%B8%D0%B7%20%D0%BF%D1%80%D0%B8%D0%BB%D0%BE%D0%B6%D0%B5%D0%BD%D0%B8%D1%8F%202%D0%93%D0%98%D0%A1.%0A%0A,https://2gis.ru/firm/70000001029257533,http://tomvod.ru,Пн: 08:00-21:00; Вт: 08:00-21:00; Ср: 08:00-21:00; Чт: 08:00-21:00; Пт: 08:00-21:00; Сб: 08:00-21:00; Вс: 08:00-21:00,A
"проспект Фрунзе, 103","Буровые работы, Аренда спецтехники, Строительство и обслуживание электросетей, Буровое оборудование, Свайные работы","+79138537333, +73822337333, +79138500303",Буровые работы,Томск,100,cazitsky@yandex.ru,true,true,true,70000001043421890,56.475881,2GIS,84.987191,"СпецТрансСибирь, компания",+79138537333,634021,5,2,2,2026-10-09T04:30:23.234282+00:00,Томск,бурение скважин,whatsapp:https://wa.me/79138500303?text=%D0%97%D0%B4%D1%80%D0%B0%D0%B2%D1%81%D1%82%D0%B2%D1%83%D0%B9%D1%82%D0%B5!%0A%0A%D0%9F%D0%B8%D1%88%D1%83%20%D0%B8%D0%B7%20%D0%BF%D1%80%D0%B8%D0%BB%D0%BE%D0%B6%D0%B5%D0%BD%D0%B8%D1%8F%202%D0%93%D0%98%D0%A1.%0A%0A,https://2gis.ru/firm/70000001043421890,http://spectranssib.tilda.ws,Пн: 09:00-20:00; Вт: 09:00-20:00; Ср: 09:00-20:00; Чт: 09:00-20:00; Пт: 09:00-20:00; Сб: 09:00-20:00; Вс: 09:00-20:00,A
"Кривая улица, 8/2","Буровые работы, Ремонт электродвигателей, Ремонт промышленного оборудования, Насосное оборудование",+73822609075,Буровые работы,Томск,100,gidromontag2011@mail.ru,true,true,true,422740746044001,56.494017,2GIS,84.958055,"Гидромонтаж+, торгово-сервисная фирма",+73822609075,634003,5,12,2,2026-10-09T04:30:23.264332+00:00,Томск,бурение скважин,,https://2gis.ru/firm/422740746044001,http://gidro.tomsk.ru,"Пн: 08:00-12:00, 13:00-17:00; Вт: 08:00-12:00, 13:00-17:00; Ср: 08:00-12:00, 13:00-17:00; Чт: 08:00-12:00, 13:00-17:00; Пт: 08:00-12:00, 13:00-17:00",B
"улица Пушкина, 8","Буровые работы, Геологические работы, Геодезические работы, Геофизические работы, Экологические работы","+73822652254, +73822653340, +73822653455, +73822652185, +73822653825",Буровые работы,Томск,90,tisiz@mail.tomsknet.ru,true,true,true,422740746044098,56.4944,2GIS,84.956574,Томсктисиз,+73822652254,634003,,2,,2026-10-09T04:30:23.301967+00:00,Томск,бурение скважин,,https://2gis.ru/firm/422740746044098,http://tisiz.tomsknet.ru,"Пн: 08:00-12:00, 13:00-17:00; Вт: 08:00-12:00, 13:00-17:00; Ср: 08:00-12:00, 13:00-17:00; Чт: 08:00-12:00, 13:00-17:00; Пт: 08:00-12:00, 13:00-17:00",B
"Лазурная улица, 36","Буровые работы, Геологические работы, Насосное оборудование",+79138883913,Буровые работы,Томск,100,sibur070@yandex.ru,true,true,true,70000001041282383,56.573039,2GIS,85.087958,"Бур 70, компания по бурению скважин на воду",+79138883913,634506,5,3,2,2026-10-09T04:30:23.328881+00:00,Томск,бурение скважин,"whatsapp:https://wa.me/79138883913?text=%D0%97%D0%B4%D1%80%D0%B0%D0%B2%D1%81%D1%82%D0%B2%D1%83%D0%B9%D1%82%D0%B5!%0A%0A%D0%9F%D0%B8%D1%88%D1%83%20%D0%B8%D0%B7%20%D0%BF%D1%80%D0%B8%D0%BB%D0%BE%D0%B6%D0%B5%D0%BD%D0%B8%D1%8F%202%D0%93%D0%98%D0%A1.%0A%0A, telegram:https://t.me/+79138509539",https://2gis.ru/firm/70000001041282383,http://www.xn--70-9kc4do.xn--p1ai/,Пн: 08:00-21:00; Вт: 08:00-21:00; Ср: 08:00-21:00; Чт: 08:00-21:00; Пт: 08:00-21:00; Сб: 08:00-21:00; Вс: 08:00-21:00,B
"улица Геологов, 11а ст1","Буровые работы, Геологические работы, Экологические работы","+73822999199, +73822211099",Буровые работы,Томск,90,info@niiglab.ru,true,true,true,70000001041882358,56.422948,2GIS,84.999978,Научно-исследовательская испытательная грунтоведческая лаборатория,+73822999199,634016,,1,,2026-10-09T04:30:23.366511+00:00,Томск,бурение скважин,,https://2gis.ru/firm/70000001041882358,http://Niiglab.ru,Пн: 09:00-18:00; Вт: 09:00-18:00; Ср: 09:00-18:00; Чт: 09:00-18:00; Пт: 09:00-18:00,B
"улица Герцена, 65/1","Буровые работы, Наружное отопление, водоснабжение, канализация","+79039524929, +73822222505",Буровые работы,Томск,75,gnb-pst@rambler.ru,true,true,false,422740746392543,56.473204,2GIS,84.987628,Подземстрой,+79039524929,634021,1.4,2,1,2026-10-09T04:30:23.406388+00:00,Томск,бурение скважин,"whatsapp:https://wa.me/79039524929?text=%D0%97%D0%B4%D1%80%D0%B0%D0%B2%D1%81%D1%82%D0%B2%D1%83%D0%B9%D1%82%D0%B5!%0A%0A%D0%9F%D0%B8%D1%88%D1%83%20%D0%B8%D0%B7%20%D0%BF%D1%80%D0%B8%D0%BB%D0%BE%D0%B6%D0%B5%D0%BD%D0%B8%D1%8F%202%D0%93%D0%98%D0%A1.%0A%0A, telegram:https://t.me/+79039524929",https://2gis.ru/firm/422740746392543,,Пн: 09:00-18:00; Вт: 09:00-18:00; Ср: 09:00-18:00; Чт: 09:00-18:00; Пт: 09:00-18:00; Сб: 09:00-17:00,C
"Трактовая улица, 35",Буровые работы,+79234073829,Буровые работы,Томск,75,,false,true,true,70000001074651874,56.522628,2GIS,84.742302,Велес Строй,+79234073829,634515,5,1,1,2026-10-09T04:30:23.505627+00:00,Томск,бурение скважин,whatsapp:https://wa.me/79234073829?text=%D0%97%D0%B4%D1%80%D0%B0%D0%B2%D1%81%D1%82%D0%B2%D1%83%D0%B9%D1%82%D0%B5!%0A%0A%D0%9F%D0%B8%D1%88%D1%83%20%D0%B8%D0%B7%20%D0%BF%D1%80%D0%B8%D0%BB%D0%BE%D0%B6%D0%B5%D0%BD%D0%B8%D1%8F%202%D0%93%D0%98%D0%A1.%0A%0A,https://2gis.ru/firm/70000001074651874,http://xn----9sbf4ajdjzg.xn--p1ai,Пн: 08:00-22:00; Вт: 08:00-22:00; Ср: 08:00-22:00; Чт: 08:00-22:00; Пт: 08:00-22:00; Сб: 08:00-22:00; Вс: 08:00-22:00,A
"улица Мичурина, 47 ст1","Буровые работы, Аренда спецтехники, Вывоз снега, Вывоз мусора, Снос зданий","+73822977450, +73822225262",Буровые работы,Томск,100,rubannikov21@mail.ru,true,true,true,422741746333165,56.517617,2GIS,85.023725,"Стройломай, центр заказа спецавтотехники",+73822977450,634063,5,4,3,2026-10-09T04:30:23.584321+00:00,Томск,бурение скважин,,https://2gis.ru/firm/422741746333165,http://stroylomay-tomsk.ru,Пн: 08:00-20:00; Вт: 08:00-20:00; Ср: 08:00-20:00; Чт: 08:00-20:00; Пт: 08:00-20:00; Сб: 08:00-20:00; Вс: 08:00-20:00,C
,"Буровые работы, Внутренние системы отопления, водоснабжения, канализации, Электромонтажные работы","+79138812100, +73822503444",Буровые работы,Томск,65,p_valera@vtomske.ru,true,true,false,422740746454864,,2GIS,,Бриз,+79138812100,,,,,2026-10-09T04:30:23.607417+00:00,Томск,бурение скважин,whatsapp:https://wa.me/79138812100?text=%D0%97%D0%B4%D1%80%D0%B0%D0%B2%D1%81%D1%82%D0%B2%D1%83%D0%B9%D1%82%D0%B5!%0A%0A%D0%9F%D0%B8%D1%88%D1%83%20%D0%B8%D0%B7%20%D0%BF%D1%80%D0%B8%D0%BB%D0%BE%D0%B6%D0%B5%D0%BD%D0%B8%D1%8F%202%D0%93%D0%98%D0%A1.%0A%0A,https://2gis.ru/firm/422740746454864,,Пн: 00:00-24:00; Вт: 00:00-24:00; Ср: 00:00-24:00; Чт: 00:00-24:00; Пт: 00:00-24:00; Сб: 00:00-24:00; Вс: 00:00-24:00,C
"улица 50 лет Октября, 80 к1/4","Буровые работы, Внутренние системы отопления, водоснабжения, канализации, Локальные очистные сооружения, Оборудование для очистки воды",+79324700700,Буровые работы,Тюмень,100,infobur72@mail.ru,true,true,true,70000001026962912,57.136167,2GIS,65.596732,"БурСтройВод, компания по бурению скважин на воду, установке водоснабжения и септиков",+79324700700,625013,5,204,193,2026-10-09T03:05:21.403330+00:00,Тюмень,бурение скважин,telegram:https://t.me/+79324700700,https://2gis.ru/firm/70000001026962912,http://xn--90acgsyckaiki.xn--p1ai/?utm_source=promopult_yandex_direct&utm_medium=cpc&utm_campaign=item_id_11774616&utm_content=ad_55632584&utm_term=%D0%B1%D1%83%D1%80%D0%B5%D0%BD%D0%B8%D0%B5+%D0%BF%D0%BE%D0%B4+%D1%81%D0%BA%D0%B2%D0%B0%D0%B6%D0%B8%D0%BD%D1%83&yclid=10355035627114725375&clckid=fa61475a,Пн: 08:00-20:00; Вт: 08:00-20:00; Ср: 08:00-20:00; Чт: 08:00-20:00; Пт: 08:00-20:00; Сб: 08:00-20:00; Вс: 08:00-20:00,C
"улица Республики, 203","Буровые работы, Внутренние системы отопления, водоснабжения, канализации, Локальные очистные сооружения, Оборудование для очистки воды, Системы водоотведения, Железобетонные изделия",+79129963777,Буровые работы,Тюмень,100,89129963777@mail.ru,true,true,true,70000001109610068,57.126818,2GIS,65.594151,"ЭкоДренажПлюс, компания по продаже и установке септиков и бурение скважин на воду",+79129963777,625019,5,99,94,2026-10-09T03:05:21.473734+00:00,Тюмень,бурение скважин,telegram:https://t.me/+79129963777,https://2gis.ru/firm/70000001109610068,http://xn-----7kcpfhxoogsgu9m1a.xn--p1ai,Пн: 09:00-19:00; Вт: 09:00-19:00; Ср: 09:00-19:00; Чт: 09:00-19:00; Пт: 09:00-19:00; Сб: 09:00-19:00; Вс: 09:00-19:00,C
,"Буровые работы, Внутренние системы отопления, водоснабжения, канализации, Наружное отопление, водоснабжение, канализация","+79091798833, +79128354288, +73522554288",Буровые работы,Тюмень,100,poseidon45@inbox.ru,true,true,true,70000001087541927,,2GIS,,"Посейдон, монтажно-буровая компания",+79091798833,,5,5,5,2026-10-09T03:05:21.501659+00:00,Тюмень,бурение скважин,"whatsapp:https://wa.me/79091798833?text=%D0%97%D0%B4%D1%80%D0%B0%D0%B2%D1%81%D1%82%D0%B2%D1%83%D0%B9%D1%82%D0%B5!%0A%0A%D0%9F%D0%B8%D1%88%D1%83%20%D0%B8%D0%B7%20%D0%BF%D1%80%D0%B8%D0%BB%D0%BE%D0%B6%D0%B5%D0%BD%D0%B8%D1%8F%202%D0%93%D0%98%D0%A1.%0A%0A, telegram:https://t.me/+79091798833",https://2gis.ru/firm/70000001087541927,http://kurgan.poseidon45.ru,Пн: 08:00-20:00; Вт: 08:00-20:00; Ср: 08:00-20:00; Чт: 08:00-20:00; Пт: 08:00-20:00; Сб: 08:00-20:00; Вс: 08:00-20:00,C
"улица Бакинских Комиссаров, 4","Буровые работы, Локальные очистные сооружения, Оборудование для очистки воды",+79223980808,Буровые работы,Тюмень,100,burenie_72@mail.ru,true,true,true,70000001059977412,57.164137,2GIS,65.479469,"Источник, компания по бурению скважин на воду, установке водоснабжения и септиков",+79223980808,625041,5,53,52,2026-10-09T03:05:21.521452+00:00,Тюмень,бурение скважин,whatsapp:https://wa.me/79324700700?text=%D0%97%D0%B4%D1%80%D0%B0%D0%B2%D1%81%D1%82%D0%B2%D1%83%D0%B9%D1%82%D0%B5!%0A%0A%D0%9F%D0%B8%D1%88%D1%83%20%D0%B8%D0%B7%20%D0%BF%D1%80%D0%B8%D0%BB%D0%BE%D0%B6%D0%B5%D0%BD%D0%B8%D1%8F%202%D0%93%D0%98%D0%A1.%0A%0A,https://2gis.ru/firm/70000001059977412,http://burenie72.ru,Пн: 08:00-20:00; Вт: 08:00-20:00; Ср: 08:00-20:00; Чт: 08:00-20:00; Пт: 08:00-20:00; Сб: 08:00-20:00; Вс: 08:00-20:00,C
"Олимпийская улица, 6 к1","Буровые работы, Аренда спецтехники, Эвакуатор, Вывоз мусора, Городские автогрузоперевозки",+73452393828,Буровые работы,Тюмень,100,info@zakaztehniki.com,true,true,true,70000001039266433,57.111355,2GIS,65.588587,Сервис заказа строительной и специальной техники,+73452393828,625046,5,20,19,2026-10-09T03:05:21.543476+00:00,Тюмень,бурение скважин,telegram:https://t.me/zakaztehniki,https://2gis.ru/firm/70000001039266433,http://xn--80aapfchale2a7cwb.xn--p1ai,Пн: 00:00-24:00; Вт: 00:00-24:00; Ср: 00:00-24:00; Чт: 00:00-24:00; Пт: 00:00-24:00; Сб: 00:00-24:00; Вс: 00:00-24:00,C
"Ялуторовский тракт 11 километр, 7","Буровые работы, Внутренние системы отопления, водоснабжения, канализации, Локальные очистные сооружения, Наружное отопление, водоснабжение, канализация, Монтаж сантехнического оборудования",+79044989971,Буровые работы,Тюмень,75,,false,true,true,70000001090161972,57.096957,2GIS,65.670284,"Своя скважина, компания по бурению скважин на воду, установке водоснабжения и септиков",+79044989971,625019,5,10,10,2026-10-09T03:05:21.568097+00:00,Тюмень,бурение скважин,whatsapp:https://wa.me/79044989971?text=%D0%97%D0%B4%D1%80%D0%B0%D0%B2%D1%81%D1%82%D0%B2%D1%83%D0%B9%D1%82%D0%B5!%0A%0A%D0%9F%D0%B8%D1%88%D1%83%20%D0%B8%D0%B7%20%D0%BF%D1%80%D0%B8%D0%BB%D0%BE%D0%B6%D0%B5%D0%BD%D0%B8%D1%8F%202%D0%93%D0%98%D0%A1.%0A%0A,https://2gis.ru/firm/70000001090161972,http://xn--e1aner4d.xn----8sbbfviemqqblncs1al.xn--p1ai,Пн: 09:00-17:00; Вт: 09:00-17:00; Ср: 09:00-17:00; Чт: 09:00-17:00; Пт: 09:00-17:00; Сб: 09:00-17:00; Вс: 09:00-17:00,C
"Старый Тобольский тракт 2 километр, 8 ст111",Буровые работы,"+73452537040, +73452537000",Буровые работы,Тюмень,100,info@kcad-personnel.ru,true,true,true,70000001006819119,57.100049,2GIS,65.686974,"Эльбрус Дриллинг, офис",+73452537040,625019,4.7,31,10,2026-10-09T03:05:21.611056+00:00,Тюмень,бурение скважин,,https://2gis.ru/firm/70000001006819119,http://elbrusdrilling.com,"Пн: 07:30-12:00, 13:00-16:00; Вт: 07:30-12:00, 13:00-16:00; Ср: 07:30-12:00, 13:00-16:00; Чт: 07:30-12:00, 13:00-16:00; Пт: 07:30-12:00, 13:00-16:00",A
"Старый Тобольский тракт 7 километр, 11 ст3","Буровые работы, Металлоконструкции для строительства, Металлообработка, Свайные работы, Строительство фундамента","+79044980480, +73452554074",Буровые работы,Тюмень,100,980480@bk.ru,true,true,true,70000001019684264,57.103288,2GIS,65.766555,"Основа дома, производственно-монтажная компания",+79044980480,625047,4.9,66,44,2026-10-09T03:05:21.640242+00:00,Тюмень,бурение скважин,telegram:https://t.me/osnovadoma72,https://2gis.ru/firm/70000001019684264,http://www.xn--72-6kcain0deibd4a.xn--p1ai,"Пн: 09:00-12:00, 13:00-18:00; Вт: 09:00-12:00, 13:00-18:00; Ср: 09:00-12:00, 13:00-18:00; Чт: 09:00-12:00, 13:00-18:00; Пт: 09:00-12:00, 13:00-18:00",A
"улица 30 лет Победы, 133","Буровые работы, Электроизмерительные работы, Электромонтажные работы, Строительство и обслуживание электросетей","+73452374512, +73452371959",Буровые работы,Тюмень,90,tesk72@mail.ru,true,true,true,1830115630161851,57.10878,2GIS,65.613661,Тюменская электросетевая компания,+73452374512,625028,,14,,2026-10-09T03:05:21.656371+00:00,Тюмень,бурение скважин,,https://2gis.ru/firm/1830115630161851,http://tesk72.ru,"Пн: 08:00-12:00, 13:00-17:00; Вт: 08:00-12:00, 13:00-17:00; Ср: 08:00-12:00, 13:00-17:00; Чт: 08:00-12:00, 13:00-17:00; Пт: 08:00-12:00, 13:00-17:00",C
"Тюмень, 1004","Буровые работы, Наружное отопление, водоснабжение, канализация, Аренда спецтехники","+73452696952, +73452696953, +73452693120",Буровые работы,Тюмень,75,olex_g@mail.ru,true,true,false,1830115629809835,57.113865,2GIS,65.697839,"Олекс Групп, компания по горизонтально-направленному бурению",+73452696952,625047,4,16,3,2026-10-09T03:05:21.699599+00:00,Тюмень,бурение скважин,whatsapp:https://wa.me/79221022018?text=%D0%97%D0%B4%D1%80%D0%B0%D0%B2%D1%81%D1%82%D0%B2%D1%83%D0%B9%D1%82%D0%B5!%0A%0A%D0%9F%D0%B8%D1%88%D1%83%20%D0%B8%D0%B7%20%D0%BF%D1%80%D0%B8%D0%BB%D0%BE%D0%B6%D0%B5%D0%BD%D0%B8%D1%8F%202%D0%93%D0%98%D0%A1.%0A%0A,https://2gis.ru/firm/1830115629809835,,"Пн: 08:00-12:00, 13:00-17:00; Вт: 08:00-12:00, 13:00-17:00; Ср: 08:00-12:00, 13:00-17:00; Чт: 08:00-12:00, 13:00-17:00; Пт: 08:00-12:00, 13:00-17:00",C
"улица 30 лет Победы, 10","Буровые работы, Геофизические работы, Геодезические работы, Экологические работы",+73452500029,Буровые работы,Тюмень,75,office@tpigeo.ru,true,true,false,1830115630080798,57.12803,2GIS,65.561519,"ТюменьПромИзыскания, инженерная компания",+73452500029,625007,5,12,1,2026-10-09T03:05:21.730513+00:00,Тюмень,бурение скважин,,https://2gis.ru/firm/1830115630080798,,"Пн: 08:00-12:00, 13:00-17:00; Вт: 08:00-12:00, 13:00-17:00; Ср: 08:00-12:00, 13:00-17:00; Чт: 08:00-12:00, 13:00-17:00; Пт: 08:00-12:00, 13:00-17:00",B
"село Горьковка, 50","Буровые работы, Железобетонные изделия, Аренда спецтехники","+73452606050, +79088748383, +73452748383",Буровые работы,Тюмень,100,729642@mail.ru,true,true,true,70000001077264823,57.157045,2GIS,65.239547,"ТюменьСтройРесурс, производственный цех",+73452606050,,4.8,14,1,2026-10-09T03:05:21.756308+00:00,Тюмень,бурение скважин,,https://2gis.ru/firm/70000001077264823,http://606050.ru,Пн: 08:00-17:00; Вт: 08:00-17:00; Ср: 08:00-17:00; Чт: 08:00-17:00; Пт: 08:00-17:00; Сб: 08:00-17:00,C
"улица Монтажников, 61","Буровые работы, Геодезические работы, Аренда спецтехники, Свайные работы, Геологические работы","+79829610510, +79292690326, +79324788926, +79324741540, +73452902824",Буровые работы,Тюмень,100,statika72@yandex.ru,true,true,true,70000001006557497,57.097963,2GIS,65.586216,"Статика72, компания инженерных изысканий в строительстве",+79829610510,625033,5,9,3,2026-10-09T03:05:21.774499+00:00,Тюмень,бурение скважин,"whatsapp:https://wa.me/79097356054?text=%D0%97%D0%B4%D1%80%D0%B0%D0%B2%D1%81%D1%82%D0%B2%D1%83%D0%B9%D1%82%D0%B5!%0A%0A%D0%9F%D0%B8%D1%88%D1%83%20%D0%B8%D0%B7%20%D0%BF%D1%80%D0%B8%D0%BB%D0%BE%D0%B6%D0%B5%D0%BD%D0%B8%D1%8F%202%D0%93%D0%98%D0%A1.%0A%0A, whatsapp:https://wa.me/79324788926?text=%D0%97%D0%B4%D1%80%D0%B0%D0%B2%D1%81%D1%82%D0%B2%D1%83%D0%B9%D1%82%D0%B5!%0A%0A%D0%9F%D0%B8%D1%88%D1%83%20%D0%B8%D0%B7%20%D0%BF%D1%80%D0%B8%D0%BB%D0%BE%D0%B6%D0%B5%D0%BD%D0%B8%D1%8F%202%D0%93%D0%98%D0%A1.%0A%0A",https://2gis.ru/firm/70000001006557497,http://statika72.ru,Пн: 08:30-17:00; Вт: 08:30-17:00; Ср: 08:30-17:00; Чт: 08:30-17:00; Пт: 08:30-17:00,A
"Орджоникидзе, 5","Буровые работы, Геофизические работы, Геодезические работы, Гидрогеологические работы, Экологическая оценка","+73452550055, +73452529090",Буровые работы,Тюмень,90,tnnc@rosneft.ru,true,true,true,70000001044435173,57.158713,2GIS,65.54968,"РН-Геология Исследования Разработка, филиал г. Тюмень",+73452550055,625002,,,,2026-10-09T03:05:21.812859+00:00,Тюмень,бурение скважин,,https://2gis.ru/firm/70000001044435173,http://tnnc.ru,"Пн: 08:30-12:00, 14:00-17:30; Вт: 08:30-12:00, 14:00-17:30; Ср: 08:30-12:00, 14:00-17:30; Чт: 08:30-12:00, 14:00-17:30; Пт: 08:30-12:00, 14:00-16:15",A
,"Буровые работы, Аренда спецтехники, Эвакуатор, Спецтехника, Экспедирование грузов",+73452393621,Буровые работы,Тюмень,100,spetsp.24@yandex.ru,true,true,true,70000001064086037,,2GIS,,Спецпарк24.рф,+73452393621,,5,4,4,2026-10-09T03:05:21.840191+00:00,Тюмень,бурение скважин,"whatsapp:https://wa.me/79630081594?text=%D0%97%D0%B4%D1%80%D0%B0%D0%B2%D1%81%D1%82%D0%B2%D1%83%D0%B9%D1%82%D0%B5!%0A%0A%D0%9F%D0%B8%D1%88%D1%83%20%D0%B8%D0%B7%20%D0%BF%D1%80%D0%B8%D0%BB%D0%BE%D0%B6%D0%B5%D0%BD%D0%B8%D1%8F%202%D0%93%D0%98%D0%A1.%0A%0A, telegram:https://t.me/Spetspark24",https://2gis.ru/firm/70000001064086037,http://xn--e1aner7ci.xn--24-6kct0a1abje6c.xn--p1ai,Пн: 00:00-24:00; Вт: 00:00-24:00; Ср: 00:00-24:00; Чт: 00:00-24:00; Пт: 00:00-24:00; Сб: 00:00-24:00; Вс: 00:00-24:00,C
"Харьковская улица, 77",Буровые работы,"+73452615959, +79323235959",Буровые работы,Тюмень,100,615959@mail.ru,true,true,true,70000001022769841,57.142687,2GIS,65.597302,"Бурводстрой, буровая компания",+73452615959,625023,4.3,12,11,2026-10-09T03:05:21.871356+00:00,Тюмень,бурение скважин,,https://2gis.ru/firm/70000001022769841,http://burvod72.ru,Пн: 09:00-20:00; Вт: 09:00-20:00; Ср: 09:00-20:00; Чт: 09:00-20:00; Пт: 09:00-20:00; Сб: 09:00-20:00; Вс: 09:00-20:00,A
"8 Марта, 1",Буровые работы,+74952314456,Буровые работы,Тюмень,65,,false,true,true,70000001075567751,57.154286,2GIS,65.547126,"СБМ, сервисный центр",+74952314456,625000,,3,,2026-10-09T03:05:21.919302+00:00,Тюмень,бурение скважин,,https://2gis.ru/firm/70000001075567751,http://www.scsbm.ru,Пн: 09:00-18:00; Вт: 09:00-18:00; Ср: 09:00-18:00; Чт: 09:00-18:00; Пт: 09:00-18:00,A
"улица Республики, 143а","Буровые работы, Нефтегазовое оборудование","+78453544555,,,2892, +79321101176",Буровые работы,Тюмень,90,office@fj-volga.com,true,true,true,70000001082619060,57.139303,2GIS,65.567869,"Фракджет-Волга, нефтесервисная компания","+78453544555,,,2892",625026,,3,,2026-10-09T03:05:21.954332+00:00,Тюмень,бурение скважин,"whatsapp:https://wa.me/79321101176?text=%D0%97%D0%B4%D1%80%D0%B0%D0%B2%D1%81%D1%82%D0%B2%D1%83%D0%B9%D1%82%D0%B5!%0A%0A%D0%9F%D0%B8%D1%88%D1%83%20%D0%B8%D0%B7%20%D0%BF%D1%80%D0%B8%D0%BB%D0%BE%D0%B6%D0%B5%D0%BD%D0%B8%D1%8F%202%D0%93%D0%98%D0%A1.%0A%0A, telegram:https://t.me/+79321101176",https://2gis.ru/firm/70000001082619060,http://fj-volga.com,"Пн: 09:00-12:30, 13:30-18:00; Вт: 09:00-12:30, 13:30-18:00; Ср: 09:00-12:30, 13:30-18:00; Чт: 09:00-12:30, 13:30-18:00; Пт: 09:00-12:30, 13:30-18:00",B
"проезд Воронинские горки, 162","Буровые работы, Товары для отопления, водоснабжения, канализации, Наружное отопление, водоснабжение, канализация, Внутренние системы отопления, водоснабжения, канализации","+79829387030, +79220022676",Буровые работы,Тюмень,90,crot71@bk.ru,true,true,true,70000001052652011,57.182003,2GIS,65.473656,Сантехинтер,+79829387030,625001,,2,,2026-10-09T03:05:21.977448+00:00,Тюмень,бурение скважин,,https://2gis.ru/firm/70000001052652011,http://santehinter.com,Пн: 08:00-17:00; Вт: 08:00-17:00; Ср: 08:00-17:00; Чт: 08:00-17:00; Пт: 08:00-17:00,C
"Камчатская улица, 192 ст3","Буровые работы, Наружное отопление, водоснабжение, канализация, Строительство и обслуживание наружного газоснабжения, Аренда спецтехники, Земляные работы",+73452576077,Буровые работы,Тюмень,90,gnb@krot72.ru,true,true,true,70000001055159396,57.15563,2GIS,65.673472,"Крот, компания",+73452576077,625034,,2,,2026-10-09T03:05:22.013774+00:00,Тюмень,бурение скважин,,https://2gis.ru/firm/70000001055159396,http://krot72.ru,Пн: 09:00-18:00; Вт: 09:00-18:00; Ср: 09:00-18:00; Чт: 09:00-18:00; Пт: 09:00-18:00,C
"улица Горького, 2г/2","Буровые работы, Земляные работы, Железобетонные изделия","+79033509130, +79371674444",Буровые работы,Уфа,100,kolodca102@yandex.ru,true,true,true,70000001039679851,54.816677,2GIS,56.371399,"102 колодца, производственно-монтажная компания",+79033509130,452410,4.8,41,37,2026-10-09T03:04:18.926415+00:00,Уфа,бурение скважин,"whatsapp:https://wa.me/79371674444?text=%D0%97%D0%B4%D1%80%D0%B0%D0%B2%D1%81%D1%82%D0%B2%D1%83%D0%B9%D1%82%D0%B5!%0A%0A%D0%9F%D0%B8%D1%88%D1%83%20%D0%B8%D0%B7%20%D0%BF%D1%80%D0%B8%D0%BB%D0%BE%D0%B6%D0%B5%D0%BD%D0%B8%D1%8F%202%D0%93%D0%98%D0%A1.%0A%0A, telegram:https://t.me/+79371674444",https://2gis.ru/firm/70000001039679851,http://xn--102-8cdt9ahxb5f.xn--p1ai,Пн: 08:00-20:00; Вт: 08:00-20:00; Ср: 08:00-20:00; Чт: 08:00-20:00; Пт: 08:00-20:00; Сб: 08:00-20:00; Вс: 08:00-20:00,C
"Юбилейная улица, 4/1","Буровые работы, Буровое оборудование",+73472460872,Буровые работы,Уфа,100,bit@burinteh.com,true,true,true,2393065583030904,54.841378,2GIS,56.07945,"Буринтех, научно-производственное предприятие",+73472460872,450112,4.8,57,16,2026-10-09T03:04:18.996010+00:00,Уфа,бурение скважин,,https://2gis.ru/firm/2393065583030904,http://burintekh.ru,"Пн: 09:00-13:00, 14:00-18:00; Вт: 09:00-13:00, 14:00-18:00; Ср: 09:00-13:00, 14:00-18:00; Чт: 09:00-13:00, 14:00-18:00; Пт: 09:00-13:00, 14:00-18:00",B
"улица Свободы, 86/2","Буровые работы, Буровое оборудование, Нефтегазовое оборудование",+73472925977,Буровые работы,Уфа,100,mail@burservice.ru,true,true,true,70000001021586700,54.836941,2GIS,56.11288,"Бурсервис, научно-производственное предприятие",+73472925977,450065,4.3,31,15,2026-10-09T03:04:19.131032+00:00,Уфа,бурение скважин,,https://2gis.ru/firm/70000001021586700,http://www.burservice.ru,"Пн: 08:00-12:00, 13:00-17:00; Вт: 08:00-12:00, 13:00-17:00; Ср: 08:00-12:00, 13:00-17:00; Чт: 08:00-12:00, 13:00-17:00; Пт: 08:00-12:00, 13:00-17:00",B
"улица Новоженова, 88а",Буровые работы,+79174444677,Буровые работы,Уфа,100,1657@mail.ru,true,true,true,70000001019548008,54.787101,2GIS,56.067144,"АкваБурение, буровая компания",+79174444677,450105,5,99,96,2026-10-09T03:04:19.203616+00:00,Уфа,бурение скважин,"whatsapp:https://wa.me/79174444677?text=%D0%97%D0%B4%D1%80%D0%B0%D0%B2%D1%81%D1%82%D0%B2%D1%83%D0%B9%D1%82%D0%B5!%0A%0A%D0%9F%D0%B8%D1%88%D1%83%20%D0%B8%D0%B7%20%D0%BF%D1%80%D0%B8%D0%BB%D0%BE%D0%B6%D0%B5%D0%BD%D0%B8%D1%8F%202%D0%93%D0%98%D0%A1.%0A%0A, telegram:https://t.me/+79174444677",https://2gis.ru/firm/70000001019548008,http://aqua-burenie.ru,Пн: 08:00-23:00; Вт: 08:00-23:00; Ср: 08:00-23:00; Чт: 08:00-23:00; Пт: 08:00-23:00; Сб: 08:00-23:00; Вс: 08:00-23:00,A
"Центральная улица, 75 к4",Буровые работы,+73472101010,Буровые работы,Уфа,50,,false,true,false,70000001031605119,54.673357,2GIS,55.801747,"Рн-бурение, Уфимский филиал",+73472101010,450024,3.2,6,2,2026-10-09T03:04:19.239854+00:00,Уфа,бурение скважин,,https://2gis.ru/firm/70000001031605119,,"Пн: 08:30-12:30, 13:15-17:30; Вт: 08:30-12:30, 13:15-17:30; Ср: 08:30-12:30, 13:15-17:30; Чт: 08:30-12:30, 13:15-17:30; Пт: 08:30-12:30, 13:15-16:15",A
"улица Свободы, 69",Буровые работы,+73472469177,Буровые работы,Уфа,100,mail@bs-zbs.ru,true,true,true,70000001028832905,54.839304,2GIS,56.12968,"Бурсервис-збс, компания",+73472469177,450029,5,7,2,2026-10-09T03:04:19.260092+00:00,Уфа,бурение скважин,,https://2gis.ru/firm/70000001028832905,http://bs-zbs.ru,"Пн: 08:30-12:30, 13:15-17:15; Вт: 08:30-12:30, 13:15-17:15; Ср: 08:30-12:30, 13:15-17:15; Чт: 08:30-12:30, 13:15-17:15; Пт: 08:30-12:30, 13:15-17:15",A
"улица Сун-Ят-Сена, 11","Буровые работы, Строительство объектов связи, Электромонтажные работы, Аренда спецтехники",+73472249386,Буровые работы,Уфа,90,stroyufa9@yandex.ru,true,true,true,70000001033920065,54.714648,2GIS,55.976903,"Стройсервис, монтажная компания",+73472249386,450047,,,,2026-10-09T03:04:19.309809+00:00,Уфа,бурение скважин,,https://2gis.ru/firm/70000001033920065,http://stroyservice-ufa.ru,Пн: 09:00-18:00; Вт: 09:00-18:00; Ср: 09:00-18:00; Чт: 09:00-18:00; Пт: 09:00-18:00,C
"Малая улица, 2",Буровые работы,"+73476755060, +79378444996",Буровые работы,Уфа,75,,false,true,true,70000001033295982,54.491747,2GIS,53.440152,"Октябрьское УБР, компания",+73476755060,452606,2.5,5,3,2026-10-09T03:04:19.337462+00:00,Уфа,бурение скважин,whatsapp:https://wa.me/79378444996?text=%D0%97%D0%B4%D1%80%D0%B0%D0%B2%D1%81%D1%82%D0%B2%D1%83%D0%B9%D1%82%D0%B5!%0A%0A%D0%9F%D0%B8%D1%88%D1%83%20%D0%B8%D0%B7%20%D0%BF%D1%80%D0%B8%D0%BB%D0%BE%D0%B6%D0%B5%D0%BD%D0%B8%D1%8F%202%D0%93%D0%98%D0%A1.%0A%0A,https://2gis.ru/firm/70000001033295982,http://oubr.ru,"Пн: 09:00-12:00, 14:00-18:00; Вт: 09:00-12:00, 14:00-18:00; Ср: 09:00-12:00, 14:00-18:00; Чт: 09:00-12:00, 14:00-18:00; Пт: 09:00-12:00, 14:00-18:00",A
"улица Адмирала Макарова, 22","Буровые работы, Аренда спецтехники, Гидротехническое строительство, Наружное отопление, водоснабжение, канализация, Архитектурное проектирование",+79674597861,Буровые работы,Уфа,65,ooostandart_sk@mail.ru,true,true,false,70000001056336493,54.795094,2GIS,56.055153,"Стандарт, строительная компания",+79674597861,450081,,3,,2026-10-09T03:04:19.370546+00:00,Уфа,бурение скважин,,https://2gis.ru/firm/70000001056336493,,"Пн: 09:00-13:00, 14:00-18:00; Вт: 09:00-13:00, 14:00-18:00; Ср: 09:00-13:00, 14:00-18:00; Чт: 09:00-13:00, 14:00-18:00; Пт: 09:00-13:00, 14:00-18:00",C
"улица Карла Маркса, 60","Буровые работы, Нефте- и газодобывающие компании, Строительство дач и коттеджей","+73472465139, 88004440465",Буровые работы,Уфа,50,,false,true,false,70000001100432010,54.745954,2GIS,55.953241,"Прайд, проектно-монтажная компания",+73472465139,450091,5,3,1,2026-10-09T03:04:19.389630+00:00,Уфа,бурение скважин,,https://2gis.ru/firm/70000001100432010,,"Пн: 09:00-13:00, 14:00-18:00; Вт: 09:00-13:00, 14:00-18:00; Ср: 09:00-13:00, 14:00-18:00; Чт: 09:00-13:00, 14:00-18:00; Пт: 09:00-13:00, 14:00-18:00",B
"Садовое кольцо, 4а","Буровые работы, Металлообработка, Экспертиза промышленной безопасности","+73476760250, +73476765505",Буровые работы,Уфа,90,info@petrotool.ru,true,true,true,70000001027303009,54.489589,2GIS,53.450766,"Petro tool, компания",+73476760250,452607,,4,,2026-10-09T03:04:19.426185+00:00,Уфа,бурение скважин,,https://2gis.ru/firm/70000001027303009,http://petrotool.ru,"Пн: 09:00-13:00, 14:00-18:00; Вт: 09:00-13:00, 14:00-18:00; Ср: 09:00-13:00, 14:00-18:00; Чт: 09:00-13:00, 14:00-18:00; Пт: 09:00-13:00, 14:00-18:00",B
"Чебоксарская улица, 23",Буровые работы,"+73472715502, +73472294353",Буровые работы,Уфа,65,burenieservis@gmail.com,true,true,false,2393065583231842,54.682771,2GIS,55.801747,Бурение сервис,+73472715502,450095,,8,,2026-10-09T03:04:19.446786+00:00,Уфа,бурение скважин,,https://2gis.ru/firm/2393065583231842,,"Пн: 08:30-12:30, 13:15-17:30; Вт: 08:30-12:30, 13:15-17:30; Ср: 08:30-12:30, 13:15-17:30; Чт: 08:30-12:30, 13:15-17:30; Пт: 08:30-12:30, 13:15-16:15",A
"улица Лесотехникума, 53 лит Б","Буровые работы, Вывоз снега, Наружное отопление, водоснабжение, канализация, Аренда спецтехники","+79279390944, +79374961481",Буровые работы,Уфа,65,vkstroi@mail.ru,true,true,false,2393065583198297,54.753238,2GIS,56.02889,"Вк строй, строительно-монтажная компания",+79279390944,450071,,,,2026-10-09T03:04:19.477989+00:00,Уфа,бурение скважин,"whatsapp:https://wa.me/79374961481?text=%D0%97%D0%B4%D1%80%D0%B0%D0%B2%D1%81%D1%82%D0%B2%D1%83%D0%B9%D1%82%D0%B5!%0A%0A%D0%9F%D0%B8%D1%88%D1%83%20%D0%B8%D0%B7%20%D0%BF%D1%80%D0%B8%D0%BB%D0%BE%D0%B6%D0%B5%D0%BD%D0%B8%D1%8F%202%D0%93%D0%98%D0%A1.%0A%0A, whatsapp:https://wa.me/79279390944?text=%D0%97%D0%B4%D1%80%D0%B0%D0%B2%D1%81%D1%82%D0%B2%D1%83%D0%B9%D1%82%D0%B5!%0A%0A%D0%9F%D0%B8%D1%88%D1%83%20%D0%B8%D0%B7%20%D0%BF%D1%80%D0%B8%D0%BB%D0%BE%D0%B6%D0%B5%D0%BD%D0%B8%D1%8F%202%D0%93%D0%98%D0%A1.%0A%0A",https://2gis.ru/firm/2393065583198297,,"Пн: 09:00-13:00, 14:00-18:00; Вт: 09:00-13:00, 14:00-18:00; Ср: 09:00-13:00, 14:00-18:00; Чт: 09:00-13:00, 14:00-18:00; Пт: 09:00-13:00, 14:00-18:00",C
"Крайняя улица, 2","Буровые работы, Геологоразведочные работы, Геодезические работы, Геофизические работы",+73472715360,Буровые работы,Уфа,65,bashgeo10@mail.ru,true,true,false,2393065583033556,54.682845,2GIS,55.797134,"Башкиргеология, геологоразведочная компания",+73472715360,450095,,4,,2026-10-09T03:04:19.504059+00:00,Уфа,бурение скважин,,https://2gis.ru/firm/2393065583033556,,"Пн: 08:00-12:00, 13:00-17:00; Вт: 08:00-12:00, 13:00-17:00; Чт: 08:00-12:00, 13:00-17:00",A
"Интернациональная улица, 131/1","Буровые работы, Земляные работы, Наружное отопление, водоснабжение, канализация","+79875950009, +73472990991",Буровые работы,Уфа,100,renagl@mail.ru,true,true,true,70000001050731086,54.804858,2GIS,56.109682,АкваБурСтрой,+79875950009,450038,4.7,57,57,2026-10-09T03:04:19.523004+00:00,Уфа,бурение скважин,"whatsapp:https://wa.me/79053510991?text=%D0%97%D0%B4%D1%80%D0%B0%D0%B2%D1%81%D1%82%D0%B2%D1%83%D0%B9%D1%82%D0%B5!%0A%0A%D0%9F%D0%B8%D1%88%D1%83%20%D0%B8%D0%B7%20%D0%BF%D1%80%D0%B8%D0%BB%D0%BE%D0%B6%D0%B5%D0%BD%D0%B8%D1%8F%202%D0%93%D0%98%D0%A1.%0A%0A, telegram:https://t.me/renagl",https://2gis.ru/firm/70000001050731086,http://aquaburstroi.ru/?utm_source=2gis&utm_medium=kontekst&utm_campaign=2gis,Пн: 07:00-24:00; Вт: 07:00-24:00; Ср: 07:00-24:00; Чт: 07:00-24:00; Пт: 07:00-24:00; Сб: 07:00-24:00; Вс: 07:00-24:00,C
"улица Мира, 8а/1","Буровые работы, Аренда спецтехники, Песок и щебень",+79374888888,Буровые работы,Уфа,40,,false,true,false,70000001082675374,54.625165,2GIS,56.106509,Компания по аренде спецтехники и бурению колодцев,+79374888888,450900,,1,,2026-10-09T03:04:19.556877+00:00,Уфа,бурение скважин,whatsapp:https://wa.me/79374888888?text=%D0%97%D0%B4%D1%80%D0%B0%D0%B2%D1%81%D1%82%D0%B2%D1%83%D0%B9%D1%82%D0%B5!%0A%0A%D0%9F%D0%B8%D1%88%D1%83%20%D0%B8%D0%B7%20%D0%BF%D1%80%D0%B8%D0%BB%D0%BE%D0%B6%D0%B5%D0%BD%D0%B8%D1%8F%202%D0%93%D0%98%D0%A1.%0A%0A,https://2gis.ru/firm/70000001082675374,,Пн: 09:00-20:00; Вт: 09:00-20:00; Ср: 09:00-20:00; Чт: 09:00-20:00; Пт: 09:00-20:00; Сб: 09:00-20:00; Вс: 09:00-20:00,C
"улица Революционная, 17",Буровые работы,+79177559331,Буровые работы,Уфа,100,albert0271@mail.ru,true,true,true,70000001075325023,54.737856,2GIS,55.940857,Burenieufa02,+79177559331,450015,5,10,9,2026-10-09T03:04:19.598784+00:00,Уфа,бурение скважин,"whatsapp:https://wa.me/79177559331?text=%D0%97%D0%B4%D1%80%D0%B0%D0%B2%D1%81%D1%82%D0%B2%D1%83%D0%B9%D1%82%D0%B5!%0A%0A%D0%9F%D0%B8%D1%88%D1%83%20%D0%B8%D0%B7%20%D0%BF%D1%80%D0%B8%D0%BB%D0%BE%D0%B6%D0%B5%D0%BD%D0%B8%D1%8F%202%D0%93%D0%98%D0%A1.%0A%0A, telegram:https://t.me/+79177559331",https://2gis.ru/firm/70000001075325023,http://burenieufa02.ru,Пн: 07:00-22:00; Вт: 07:00-22:00; Ср: 07:00-22:00; Чт: 07:00-22:00; Пт: 07:00-22:00; Сб: 07:00-22:00; Вс: 07:00-22:00,A
"Бакалинская улица, 68/6","Буровые работы, Геологические работы, Экологические работы",+79177996630,Буровые работы,Уфа,100,ooo-usiz@mail.ru,true,true,true,70000001053325211,54.720571,2GIS,55.987659,"УфаСтройизыскания, компания",+79177996630,450022,5,52,48,2026-10-09T03:04:19.644284+00:00,Уфа,бурение скважин,whatsapp:https://wa.me/79177996630?text=%D0%97%D0%B4%D1%80%D0%B0%D0%B2%D1%81%D1%82%D0%B2%D1%83%D0%B9%D1%82%D0%B5!%0A%0A%D0%9F%D0%B8%D1%88%D1%83%20%D0%B8%D0%B7%20%D0%BF%D1%80%D0%B8%D0%BB%D0%BE%D0%B6%D0%B5%D0%BD%D0%B8%D1%8F%202%D0%93%D0%98%D0%A1.%0A%0A,https://2gis.ru/firm/70000001053325211,http://usiz.ru,"Пн: 09:00-13:00, 14:00-17:30; Вт: 09:00-13:00, 14:00-17:30; Ср: 09:00-13:00, 14:00-17:30; Чт: 09:00-13:00, 14:00-17:30; Пт: 09:00-13:00, 14:00-17:30; Сб: 09:00-13:00, 14:00-17:30; Вс: 09:00-13:00, 14:00-17:30",B
"Заки Валиди, 73","Буровые работы, Свайные работы, Спецтехника","+73472850550, +73472861504",Буровые работы,Уфа,100,bpgs@yandex.ru,true,true,true,2393065583131959,54.716054,2GIS,55.956026,"Башпромгидрострой, специализированное строительное предприятие",+73472850550,450057,5,41,38,2026-10-09T03:04:19.687603+00:00,Уфа,бурение скважин,,https://2gis.ru/firm/2393065583131959,http://www.bpgs.ru,"Пн: 08:00-13:00, 14:00-18:00; Вт: 08:00-13:00, 14:00-18:00; Ср: 08:00-13:00, 14:00-18:00; Чт: 08:00-13:00, 14:00-18:00; Пт: 08:00-17:00; Вс: 08:00-17:00",A
"Окружная улица, 23в/7","Буровые работы, Наружное отопление, водоснабжение, канализация",+74212663388,Буровые работы,Хабаровск,100,gidrokomfort27@mail.ru,true,true,true,70000001006384195,48.500873,2GIS,135.148379,"Гидрокомфорт, компания по строительству наружных сетей",+74212663388,680031,4.8,23,16,2026-10-09T02:20:12.250734+00:00,Хабаровск,бурение скважин,"whatsapp:https://wa.me/79098233388?text=%D0%97%D0%B4%D1%80%D0%B0%D0%B2%D1%81%D1%82%D0%B2%D1%83%D0%B9%D1%82%D0%B5!%0A%0A%D0%9F%D0%B8%D1%88%D1%83%20%D0%B8%D0%B7%20%D0%BF%D1%80%D0%B8%D0%BB%D0%BE%D0%B6%D0%B5%D0%BD%D0%B8%D1%8F%202%D0%93%D0%98%D0%A1.%0A%0A, telegram:https://t.me/+79098233388",https://2gis.ru/firm/70000001006384195,http://www.gidrokomfort27.ru,Пн: 09:00-18:00; Вт: 09:00-18:00; Ср: 09:00-18:00; Чт: 09:00-18:00; Пт: 09:00-18:00,C
"Вяземская улица, 11/2","Буровые работы, Проектирование объектов добычи полезных ископаемых, Геологические работы, Лицензирование, Наружное отопление, водоснабжение, канализация","+74212241711, +79144118808, +79141591711",Буровые работы,Хабаровск,100,byrnavod@mail.ru,true,true,true,70000001006369692,48.508642,2GIS,135.078684,"Бурнавод ДВ, компания по бурению скважин на воду",+74212241711,680022,4.9,44,44,2026-10-09T02:20:12.324197+00:00,Хабаровск,бурение скважин,"whatsapp:https://wa.me/79144118808?text=%D0%97%D0%B4%D1%80%D0%B0%D0%B2%D1%81%D1%82%D0%B2%D1%83%D0%B9%D1%82%D0%B5!%0A%0A%D0%9F%D0%B8%D1%88%D1%83%20%D0%B8%D0%B7%20%D0%BF%D1%80%D0%B8%D0%BB%D0%BE%D0%B6%D0%B5%D0%BD%D0%B8%D1%8F%202%D0%93%D0%98%D0%A1.%0A%0A, telegram:https://t.me/+79144118808",https://2gis.ru/firm/70000001006369692,http://xn--90acf1co.xn--p1ai,Пн: 09:00-18:00; Вт: 09:00-18:00; Ср: 09:00-18:00; Чт: 09:00-18:00; Пт: 09:00-18:00; Сб: 09:00-18:00; Вс: 09:00-18:00,B
"Зелёная улица, 18","Буровые работы, Аренда спецтехники, Наружное отопление, водоснабжение, канализация","+74212665777, +79242146068",Буровые работы,Хабаровск,90,bic-gnb@mail.ru,true,true,true,4926340373604261,48.450431,2GIS,135.142968,"Бик, компания по горизонтально направленному бурению",+74212665777,680032,,,,2026-10-09T02:20:12.368667+00:00,Хабаровск,бурение скважин,"whatsapp:https://wa.me/79249193434?text=%D0%97%D0%B4%D1%80%D0%B0%D0%B2%D1%81%D1%82%D0%B2%D1%83%D0%B9%D1%82%D0%B5!%0A%0A%D0%9F%D0%B8%D1%88%D1%83%20%D0%B8%D0%B7%20%D0%BF%D1%80%D0%B8%D0%BB%D0%BE%D0%B6%D0%B5%D0%BD%D0%B8%D1%8F%202%D0%93%D0%98%D0%A1.%0A%0A, whatsapp:https://wa.me/79242146068?text=%D0%97%D0%B4%D1%80%D0%B0%D0%B2%D1%81%D1%82%D0%B2%D1%83%D0%B9%D1%82%D0%B5!%0A%0A%D0%9F%D0%B8%D1%88%D1%83%20%D0%B8%D0%B7%20%D0%BF%D1%80%D0%B8%D0%BB%D0%BE%D0%B6%D0%B5%D0%BD%D0%B8%D1%8F%202%D0%93%D0%98%D0%A1.%0A%0A, telegram:https://t.me/bic_hdd",https://2gis.ru/firm/4926340373604261,http://bic-gnb.ru,Пн: 09:00-19:00; Вт: 09:00-19:00; Ср: 09:00-19:00; Чт: 09:00-19:00; Пт: 09:00-19:00; Сб: 09:00-19:00; Вс: 09:00-19:00,C
"Яровая улица, 5","Буровые работы, Свайные работы, Аренда спецтехники, Металлоконструкции для строительства, Монтаж систем освещения, Строительство и обслуживание электросетей, Опоры линий электропередач, Заборы и ограждения",+79147724440,Буровые работы,Хабаровск,75,,false,true,true,70000001105698077,48.528618,2GIS,135.119808,Сваи Маркет 27,+79147724440,680009,5,8,7,2026-10-09T02:20:12.410301+00:00,Хабаровск,бурение скважин,telegram:https://t.me/+79145422421,https://2gis.ru/firm/70000001105698077,http://svaimarket27.ru,Пн: 09:00-19:00; Вт: 09:00-19:00; Ср: 09:00-19:00; Чт: 09:00-19:00; Пт: 09:00-19:00; Сб: 09:00-19:00; Вс: 09:00-19:00,A
"Бирюзовая улица, 20а","Буровые работы, Свайные работы, Эвакуатор, Аренда спецтехники, Металлообработка, Металлоконструкции для строительства","+79249210424, +79143781118",Буровые работы,Хабаровск,100,plazmarezkhv@yandex.ru,true,true,true,70000001100258697,48.352221,2GIS,135.060905,"Плазморез ХБК, компания по производству и монтажу винтовых свай и услуг спецтехники",+79249210424,680040,5,7,3,2026-10-09T02:20:12.450750+00:00,Хабаровск,бурение скважин,"whatsapp:https://wa.me/79249210424?text=%D0%97%D0%B4%D1%80%D0%B0%D0%B2%D1%81%D1%82%D0%B2%D1%83%D0%B9%D1%82%D0%B5!%0A%0A%D0%9F%D0%B8%D1%88%D1%83%20%D0%B8%D0%B7%20%D0%BF%D1%80%D0%B8%D0%BB%D0%BE%D0%B6%D0%B5%D0%BD%D0%B8%D1%8F%202%D0%93%D0%98%D0%A1.%0A%0A, whatsapp:https://wa.me/79143781118?text=%D0%97%D0%B4%D1%80%D0%B0%D0%B2%D1%81%D1%82%D0%B2%D1%83%D0%B9%D1%82%D0%B5!%0A%0A%D0%9F%D0%B8%D1%88%D1%83%20%D0%B8%D0%B7%20%D0%BF%D1%80%D0%B8%D0%BB%D0%BE%D0%B6%D0%B5%D0%BD%D0%B8%D1%8F%202%D0%93%D0%98%D0%A1.%0A%0A, telegram:https://t.me/+79249210424",https://2gis.ru/firm/70000001100258697,http://plazmarezkhv.ru,"Пн: 09:00-13:00, 14:00-18:00; Вт: 09:00-13:00, 14:00-18:00; Ср: 09:00-13:00, 14:00-18:00; Чт: 09:00-13:00, 14:00-18:00; Пт: 09:00-13:00, 14:00-18:00; Сб: 10:00-16:00",A
"Промышленная улица, 12а","Буровые работы, Наружное отопление, водоснабжение, канализация","+74212608108, +79626785702",Буровые работы,Хабаровск,100,armadabur@gmail.com,true,true,true,4926341374069655,48.489428,2GIS,135.113913,"Армада, буровая компания",+74212608108,680031,4.1,8,8,2026-10-09T02:20:12.482117+00:00,Хабаровск,бурение скважин,whatsapp:https://wa.me/79626785702?text=%D0%97%D0%B4%D1%80%D0%B0%D0%B2%D1%81%D1%82%D0%B2%D1%83%D0%B9%D1%82%D0%B5!%0A%0A%D0%9F%D0%B8%D1%88%D1%83%20%D0%B8%D0%B7%20%D0%BF%D1%80%D0%B8%D0%BB%D0%BE%D0%B6%D0%B5%D0%BD%D0%B8%D1%8F%202%D0%93%D0%98%D0%A1.%0A%0A,https://2gis.ru/firm/4926341374069655,http://www.armada-tech.ru,Пн: 09:00-18:00; Вт: 09:00-18:00; Ср: 09:00-18:00; Чт: 09:00-18:00; Пт: 09:00-18:00,C
"Ленинградская улица, 73Б","Буровые работы, Наружное отопление, водоснабжение, канализация, Системы водоотведения, Строительство и обслуживание наружного газоснабжения, Проектирование инженерных систем",+74212748550,Буровые работы,Хабаровск,100,avantagstroi@mail.ru,true,true,true,4926340373425601,48.494814,2GIS,135.076299,"АвантажстройДВ, строительно-монтажная компания",+74212748550,680021,5,41,40,2026-10-09T02:20:12.520426+00:00,Хабаровск,бурение скважин,,https://2gis.ru/firm/4926340373425601,http://gnb27.ru,"Пн: 09:00-13:00, 14:00-18:00; Вт: 09:00-13:00, 14:00-18:00; Ср: 09:00-13:00, 14:00-18:00; Чт: 09:00-13:00, 14:00-18:00; Пт: 09:00-13:00, 14:00-18:00",C
"улица Шеронова, 66","Буровые работы, Геодезические работы",+74212913014,Буровые работы,Хабаровск,75,secretarhgrp@ogkgroup.com,true,true,false,4926340373463915,48.478154,2GIS,135.070755,Хабаровское геологоразведочное предприятие,+74212913014,680000,4.1,43,22,2026-10-09T02:20:12.568294+00:00,Хабаровск,бурение скважин,,https://2gis.ru/firm/4926340373463915,,"Пн: 08:30-13:00, 14:00-17:30; Вт: 08:30-13:00, 14:00-17:30; Ср: 08:30-13:00, 14:00-17:30; Чт: 08:30-13:00, 14:00-17:30; Пт: 08:30-13:00, 14:00-17:30",B
"улица Ленина, 57",Буровые работы,"+74212751517, +74212751516",Буровые работы,Хабаровск,100,info@detra.pro,true,true,true,70000001018925275,48.478695,2GIS,135.084877,"Дэтра, буровая компания",+74212751517,680017,2.5,14,4,2026-10-09T02:20:12.599505+00:00,Хабаровск,бурение скважин,,https://2gis.ru/firm/70000001018925275,http://detra.pro,"Пн: 09:00-13:00, 14:00-18:00; Вт: 09:00-13:00, 14:00-18:00; Ср: 09:00-13:00, 14:00-18:00; Чт: 09:00-13:00, 14:00-18:00; Пт: 09:00-13:00, 14:00-18:00",A
"Верстовой переулок, 4","Буровые работы, Свайные работы, Аренда спецтехники","+79144200253, +79842801134",Буровые работы,Хабаровск,75,dst_h@mail.ru,true,true,false,70000001041490913,48.482944,2GIS,135.154158,"Стдв, компания",+79144200253,680014,5,21,3,2026-10-09T02:20:12.642476+00:00,Хабаровск,бурение скважин,"whatsapp:https://wa.me/79144200253?text=%D0%97%D0%B4%D1%80%D0%B0%D0%B2%D1%81%D1%82%D0%B2%D1%83%D0%B9%D1%82%D0%B5!%0A%0A%D0%9F%D0%B8%D1%88%D1%83%20%D0%B8%D0%B7%20%D0%BF%D1%80%D0%B8%D0%BB%D0%BE%D0%B6%D0%B5%D0%BD%D0%B8%D1%8F%202%D0%93%D0%98%D0%A1.%0A%0A, whatsapp:https://wa.me/79842801134?text=%D0%97%D0%B4%D1%80%D0%B0%D0%B2%D1%81%D1%82%D0%B2%D1%83%D0%B9%D1%82%D0%B5!%0A%0A%D0%9F%D0%B8%D1%88%D1%83%20%D0%B8%D0%B7%20%D0%BF%D1%80%D0%B8%D0%BB%D0%BE%D0%B6%D0%B5%D0%BD%D0%B8%D1%8F%202%D0%93%D0%98%D0%A1.%0A%0A",https://2gis.ru/firm/70000001041490913,,"Пн: 09:00-13:00, 14:00-18:00; Вт: 09:00-13:00, 14:00-18:00; Ср: 09:00-13:00, 14:00-18:00; Чт: 09:00-13:00, 14:00-18:00; Пт: 09:00-13:00, 14:00-18:00",A
"Комсомольская улица, 71","Буровые работы, Геодезические работы, Геофизические работы, Геологоразведочные работы",+74212313670,Буровые работы,Хабаровск,90,office@namgor.com,true,true,true,4926340373425579,48.472548,2GIS,135.059957,Нижнеамурская горная компания,+74212313670,680000,,5,,2026-10-09T02:20:12.684120+00:00,Хабаровск,бурение скважин,,https://2gis.ru/firm/4926340373425579,http://namgor.com,"Пн: 09:00-13:00, 14:00-18:00; Вт: 09:00-13:00, 14:00-18:00; Ср: 09:00-13:00, 14:00-18:00; Чт: 09:00-13:00, 14:00-18:00; Пт: 09:00-13:00, 14:00-18:00",A
"Тихоокеанская улица, 204 к5","Буровые работы, Буровое оборудование",+79147707714,Буровые работы,Хабаровск,65,gnbdv@mail.ru,true,true,false,70000001022638576,48.5565,2GIS,135.04904,"Горизонтально-направленное бурение-Дальний Восток, компания",+79147707714,680033,,3,,2026-10-09T02:20:12.716419+00:00,Хабаровск,бурение скважин,whatsapp:https://wa.me/79147707714?text=%D0%97%D0%B4%D1%80%D0%B0%D0%B2%D1%81%D1%82%D0%B2%D1%83%D0%B9%D1%82%D0%B5!%0A%0A%D0%9F%D0%B8%D1%88%D1%83%20%D0%B8%D0%B7%20%D0%BF%D1%80%D0%B8%D0%BB%D0%BE%D0%B6%D0%B5%D0%BD%D0%B8%D1%8F%202%D0%93%D0%98%D0%A1.%0A%0A,https://2gis.ru/firm/70000001022638576,,Пн: 08:00-22:00; Вт: 08:00-22:00; Ср: 08:00-22:00; Чт: 08:00-22:00; Пт: 08:00-22:00; Сб: 10:00-17:00,B
,"Буровые работы, Геологоразведочные работы","+74212214729, +74212221379",Буровые работы,Хабаровск,90,info@vbur.ru,true,true,true,4926340373425574,,2GIS,,Восточная буровая компания,+74212214729,,,4,,2026-10-09T02:20:12.746740+00:00,Хабаровск,бурение скважин,,https://2gis.ru/firm/4926340373425574,http://vbur.ru,Пн: 09:00-18:00; Вт: 09:00-18:00; Ср: 09:00-18:00; Чт: 09:00-18:00; Пт: 09:00-18:00,A
"улица Суворова, 73","Буровые работы, Свайные работы, Металлоконструкции для строительства, Заборы и ограждения, Металлоизделия","+79141592099, +74212242099, +79941371536",Буровые работы,Хабаровск,100,mirsvaidv@yandex.ru,true,true,true,70000001020868290,48.396277,2GIS,135.139422,"Мир свай ДВ, компания",+79141592099,680015,3.2,11,9,2026-10-09T02:20:12.780243+00:00,Хабаровск,бурение скважин,whatsapp:https://wa.me/79143198011?text=%D0%97%D0%B4%D1%80%D0%B0%D0%B2%D1%81%D1%82%D0%B2%D1%83%D0%B9%D1%82%D0%B5!%0A%0A%D0%9F%D0%B8%D1%88%D1%83%20%D0%B8%D0%B7%20%D0%BF%D1%80%D0%B8%D0%BB%D0%BE%D0%B6%D0%B5%D0%BD%D0%B8%D1%8F%202%D0%93%D0%98%D0%A1.%0A%0A,https://2gis.ru/firm/70000001020868290,http://mirsvaidv.ru,Пн: 09:00-18:00; Вт: 09:00-18:00; Ср: 09:00-18:00; Чт: 09:00-18:00; Пт: 09:00-18:00; Сб: 09:00-18:00,A
"улица Шеронова, 115","Буровые работы, Геодезические работы, Геологические работы, Экологические работы, Проектирование инженерных систем",+74212911510,Буровые работы,Хабаровск,100,ooo-planning@yandex.ru,true,true,true,4926340373434116,48.481278,2GIS,135.065755,"Землеустройство-ДВ, землеустроительная фирма",+74212911510,680000,5,11,3,2026-10-09T02:20:12.827037+00:00,Хабаровск,бурение скважин,,https://2gis.ru/firm/4926340373434116,http://zu-dv.ru,"Пн: 08:30-13:00, 14:00-17:30; Вт: 08:30-13:00, 14:00-17:30; Ср: 08:30-13:00, 14:00-17:30; Чт: 08:30-13:00, 14:00-17:30; Пт: 08:30-13:00, 14:00-17:30",B
"Краснодарская улица, 104г","Буровые работы, Бетон и раствор, Железобетонные изделия, Аренда спецтехники, Бетоносмесители","+74212676712, +79143750505",Буровые работы,Хабаровск,75,beton_dv27@mail.ru,true,true,false,70000001063606965,48.524903,2GIS,135.117641,БетонДВ,+74212676712,680031,5,8,6,2026-10-09T02:20:12.864663+00:00,Хабаровск,бурение скважин,whatsapp:https://wa.me/79143750505?text=%D0%97%D0%B4%D1%80%D0%B0%D0%B2%D1%81%D1%82%D0%B2%D1%83%D0%B9%D1%82%D0%B5!%0A%0A%D0%9F%D0%B8%D1%88%D1%83%20%D0%B8%D0%B7%20%D0%BF%D1%80%D0%B8%D0%BB%D0%BE%D0%B6%D0%B5%D0%BD%D0%B8%D1%8F%202%D0%93%D0%98%D0%A1.%0A%0A,https://2gis.ru/firm/70000001063606965,,Пн: 08:00-20:00; Вт: 08:00-20:00; Ср: 08:00-20:00; Чт: 08:00-20:00; Пт: 08:00-20:00; Сб: 08:00-20:00; Вс: 08:00-20:00,C
"Спортивный переулок, 4/1","Буровые работы, Внутренние системы отопления, водоснабжения, канализации",+74212458469,Буровые работы,Хабаровск,90,ooo-cht@mail.ru,true,true,true,70000001040549986,48.44971,2GIS,135.096074,СНТ,+74212458469,680007,,,,2026-10-09T02:20:12.890501+00:00,Хабаровск,бурение скважин,,https://2gis.ru/firm/70000001040549986,http://cnthab.ru,"Пн: 09:00-13:00, 14:00-18:00; Вт: 09:00-13:00, 14:00-18:00; Ср: 09:00-13:00, 14:00-18:00; Чт: 09:00-13:00, 14:00-18:00; Пт: 09:00-13:00, 14:00-18:00",C
"Пермская улица, 7 к1","Буровые работы, Свайные работы, Строительство фундамента, Промышленное строительство","+79145442448, +79098271647",Буровые работы,Хабаровск,90,ozarit.svb@mail.ru,true,true,true,70000001091299512,48.481422,2GIS,135.128449,"Озарит, компания",+79145442448,680014,,1,,2026-10-09T02:20:13.011387+00:00,Хабаровск,бурение скважин,,https://2gis.ru/firm/70000001091299512,http://xn--80anevmn.xn--p1ai/?ysclid=ml7bnf423y753089404,Пн: 09:00-18:00; Вт: 09:00-18:00; Ср: 09:00-18:00; Чт: 09:00-18:00; Пт: 09:00-18:00,A
"Матвеевское шоссе, 41","Буровые работы, Насосное оборудование, Товары для отопления, водоснабжения, канализации, Оборудование для очистки воды","+79098226999, +74212500950",Буровые работы,Хабаровск,50,,false,true,false,70000001076225984,48.533151,2GIS,135.1764,Инженериум,+79098226999,680029,3.1,4,3,2026-10-09T02:20:13.046778+00:00,Хабаровск,бурение скважин,whatsapp:https://wa.me/79089966777?text=%D0%97%D0%B4%D1%80%D0%B0%D0%B2%D1%81%D1%82%D0%B2%D1%83%D0%B9%D1%82%D0%B5!%0A%0A%D0%9F%D0%B8%D1%88%D1%83%20%D0%B8%D0%B7%20%D0%BF%D1%80%D0%B8%D0%BB%D0%BE%D0%B6%D0%B5%D0%BD%D0%B8%D1%8F%202%D0%93%D0%98%D0%A1.%0A%0A,https://2gis.ru/firm/70000001076225984,,Пн: 09:00-18:00; Вт: 09:00-18:00; Ср: 09:00-18:00; Чт: 09:00-18:00; Пт: 09:00-18:00; Сб: 09:00-18:00; Вс: 09:00-18:00,C
"Строительная улица, 28/4","Буровые работы, Геологоразведочные работы, Взрывные работы, Междугородные автогрузоперевозки",+79145418570,Буровые работы,Хабаровск,90,granit-svg@mail.ru,true,true,true,70000001038799978,48.373505,2GIS,135.104772,"Гранит, компания",+79145418570,680001,,,,2026-10-09T02:20:13.073209+00:00,Хабаровск,бурение скважин,whatsapp:https://wa.me/79145418570?text=%D0%97%D0%B4%D1%80%D0%B0%D0%B2%D1%81%D1%82%D0%B2%D1%83%D0%B9%D1%82%D0%B5!%0A%0A%D0%9F%D0%B8%D1%88%D1%83%20%D0%B8%D0%B7%20%D0%BF%D1%80%D0%B8%D0%BB%D0%BE%D0%B6%D0%B5%D0%BD%D0%B8%D1%8F%202%D0%93%D0%98%D0%A1.%0A%0A,https://2gis.ru/firm/70000001038799978,http://granit-svg.ru,"Пн: 09:00-12:00, 13:00-18:00; Вт: 09:00-12:00, 13:00-18:00; Ср: 09:00-12:00, 13:00-18:00; Чт: 09:00-12:00, 13:00-18:00; Пт: 09:00-12:00, 13:00-18:00",A
"Чистопольская улица, 27/11","Буровые работы, Наружное отопление, водоснабжение, канализация, Внутренние системы отопления, водоснабжения, канализации",+79080559919,Буровые работы,Челябинск,100,akvaburenie74@yandex.ru,true,true,true,70000001042953908,55.09535,2GIS,61.489944,"АкваВертикаль, буровая компания",+79080559919,454139,5,23,22,2026-10-09T03:04:53.229856+00:00,Челябинск,бурение скважин,whatsapp:https://wa.me/79080559919?text=%D0%97%D0%B4%D1%80%D0%B0%D0%B2%D1%81%D1%82%D0%B2%D1%83%D0%B9%D1%82%D0%B5!%0A%0A%D0%9F%D0%B8%D1%88%D1%83%20%D0%B8%D0%B7%20%D0%BF%D1%80%D0%B8%D0%BB%D0%BE%D0%B6%D0%B5%D0%BD%D0%B8%D1%8F%202%D0%93%D0%98%D0%A1.%0A%0A,https://2gis.ru/firm/70000001042953908,http://www.aqua-v.pro/,Пн: 08:00-20:00; Вт: 08:00-20:00; Ср: 08:00-20:00; Чт: 08:00-20:00; Пт: 08:00-20:00; Сб: 09:00-18:00; Вс: 09:00-18:00,C
"улица Курчатова, 19 к2","Буровые работы, Аренда спецтехники, Междугородные автогрузоперевозки, Городские автогрузоперевозки, Вывоз снега","+73512334020, +73512334030, +73512334050, +73517111451",Буровые работы,Челябинск,100,ast174@bk.ru,true,true,true,2111590608713918,55.149723,2GIS,61.3884,"АвтоСпецТехника, компания по аренде спецтехники",+73512334020,454092,4.9,55,53,2026-10-09T03:04:53.295570+00:00,Челябинск,бурение скважин,"whatsapp:https://wa.me/79512349290?text=%D0%97%D0%B4%D1%80%D0%B0%D0%B2%D1%81%D1%82%D0%B2%D1%83%D0%B9%D1%82%D0%B5!%0A%0A%D0%9F%D0%B8%D1%88%D1%83%20%D0%B8%D0%B7%20%D0%BF%D1%80%D0%B8%D0%BB%D0%BE%D0%B6%D0%B5%D0%BD%D0%B8%D1%8F%202%D0%93%D0%98%D0%A1.%0A%0A, telegram:https://t.me/+79512349290",https://2gis.ru/firm/2111590608713918,http://ast74.ru,Пн: 09:00-21:00; Вт: 09:00-21:00; Ср: 09:00-21:00; Чт: 09:00-21:00; Пт: 09:00-21:00; Сб: 09:00-21:00; Вс: 09:00-21:00,C
"Промышленная улица, 6","Буровые работы, Внутренние системы отопления, водоснабжения, канализации, Насосное оборудование",+73512170371,Буровые работы,Челябинск,100,bur74@bk.ru,true,true,true,2111590608242245,55.2351,2GIS,61.437439,Первая буровая компания,+73512170371,454038,4.2,96,86,2026-10-09T03:04:53.316997+00:00,Челябинск,бурение скважин,whatsapp:https://wa.me/73512170371?text=%D0%97%D0%B4%D1%80%D0%B0%D0%B2%D1%81%D1%82%D0%B2%D1%83%D0%B9%D1%82%D0%B5!%0A%0A%D0%9F%D0%B8%D1%88%D1%83%20%D0%B8%D0%B7%20%D0%BF%D1%80%D0%B8%D0%BB%D0%BE%D0%B6%D0%B5%D0%BD%D0%B8%D1%8F%202%D0%93%D0%98%D0%A1.%0A%0A,https://2gis.ru/firm/2111590608242245,http://bur174.ru,Пн: 08:30-17:00; Вт: 08:30-17:00; Ср: 08:30-17:00; Чт: 08:30-17:00; Пт: 08:30-17:00,C
"улица Косарева, 71","Буровые работы, Геодезические работы, Геологические работы, Экологические работы, Гидрогеологические работы","+79080516297, +73517763839",Буровые работы,Челябинск,100,cheltisiz@mail.ru,true,true,true,70000001025015147,55.180934,2GIS,61.37352,"ЧелябинскТисиз, изыскательская организация",+79080516297,454018,5,22,14,2026-10-09T03:04:53.338967+00:00,Челябинск,бурение скважин,,https://2gis.ru/firm/70000001025015147,http://cheltisiz.ru,"Пн: 08:30-12:00, 12:45-17:15; Вт: 08:30-12:00, 12:45-17:15; Ср: 08:30-12:00, 12:45-17:15; Чт: 08:30-12:00, 12:45-17:15; Пт: 08:30-12:00, 12:45-16:15",A
"2-я Павелецкая улица, 30","Буровые работы, Наружное отопление, водоснабжение, канализация, Аренда спецтехники, Земляные работы, Проектирование инженерных систем","+73517352414, +73517252621",Буровые работы,Челябинск,100,info@su2.ru,true,true,true,2111590606330262,55.270419,2GIS,61.404537,"Спецстрой-2, строительная фирма",+73517352414,454047,5,15,5,2026-10-09T03:04:53.357480+00:00,Челябинск,бурение скважин,,https://2gis.ru/firm/2111590606330262,http://www.su2.ru,"Пн: 08:00-12:00, 13:00-17:00; Вт: 08:00-12:00, 13:00-17:00; Ср: 08:00-12:00, 13:00-17:00; Чт: 08:00-12:00, 13:00-17:00; Пт: 08:00-12:00, 13:00-16:00",C
"улица Сони Кривой, 43а","Буровые работы, Промышленное строительство, Архитектурное проектирование, Геологические работы, Геодезические работы",88002506424,Буровые работы,Челябинск,100,info@necentr.com,true,true,true,70000001042172726,55.156847,2GIS,61.388146,Национальный инжиниринговый центр,88002506424,454080,5,6,1,2026-10-09T03:04:53.391035+00:00,Челябинск,бурение скважин,,https://2gis.ru/firm/70000001042172726,http://necentr.ru,Пн: 09:00-18:00; Вт: 09:00-18:00; Ср: 09:00-18:00; Чт: 09:00-18:00; Пт: 09:00-18:00,B
"Свердловский тракт, 33а","Буровые работы, Наружное отопление, водоснабжение, канализация","+73517911722, +73517965699",Буровые работы,Челябинск,100,kvadrat74@bk.ru,true,true,true,2111590608204340,55.199805,2GIS,61.396153,"Квадрат, строительная фирма",+73517911722,454008,2.5,5,3,2026-10-09T03:04:53.421548+00:00,Челябинск,бурение скважин,,https://2gis.ru/firm/2111590608204340,http://kvadrat-74.ru,Пн: 08:00-17:00; Вт: 08:00-17:00; Ср: 08:00-17:00; Чт: 08:00-17:00; Пт: 08:00-17:00,C
"Механическая улица, 38 к3","Буровые работы, Аренда спецтехники, Железобетонные изделия, Товары для отопления, водоснабжения, канализации",+79193574494,Буровые работы,Челябинск,90,2351566@mail.ru,true,true,true,70000001055146502,55.192921,2GIS,61.425868,"Демонтажсервис, торгово-монтажная фирма",+79193574494,454081,,,,2026-10-09T03:04:53.448404+00:00,Челябинск,бурение скважин,"whatsapp:https://wa.me/79193574494?text=%D0%97%D0%B4%D1%80%D0%B0%D0%B2%D1%81%D1%82%D0%B2%D1%83%D0%B9%D1%82%D0%B5!%0A%0A%D0%9F%D0%B8%D1%88%D1%83%20%D0%B8%D0%B7%20%D0%BF%D1%80%D0%B8%D0%BB%D0%BE%D0%B6%D0%B5%D0%BD%D0%B8%D1%8F%202%D0%93%D0%98%D0%A1.%0A%0A, whatsapp:https://wa.me/79517892636?text=%D0%97%D0%B4%D1%80%D0%B0%D0%B2%D1%81%D1%82%D0%B2%D1%83%D0%B9%D1%82%D0%B5!%0A%0A%D0%9F%D0%B8%D1%88%D1%83%20%D0%B8%D0%B7%20%D0%BF%D1%80%D0%B8%D0%BB%D0%BE%D0%B6%D0%B5%D0%BD%D0%B8%D1%8F%202%D0%93%D0%98%D0%A1.%0A%0A, telegram:https://t.me/+79517892636",https://2gis.ru/firm/70000001055146502,http://vse-kanalizacii174.ru,Пн: 08:00-19:00; Вт: 08:00-19:00; Ср: 08:00-19:00; Чт: 08:00-19:00; Пт: 08:00-19:00; Сб: 08:00-19:00,C
"проспект Ленина, 83","Буровые работы, Наружное отопление, водоснабжение, канализация, Геологические работы, Геодезические работы, Промышленное строительство","+73512222777,,,102, +79175612511",Буровые работы,Челябинск,90,info@kurs74.ru,true,true,true,70000001020890736,55.159205,2GIS,61.371626,"Курс, группа компаний","+73512222777,,,102",454080,,,,2026-10-09T03:04:53.472053+00:00,Челябинск,бурение скважин,,https://2gis.ru/firm/70000001020890736,http://promparks.ru,Пн: 09:00-17:00; Вт: 09:00-17:00; Ср: 09:00-17:00; Чт: 09:00-17:00; Пт: 09:00-17:00,B
"Трактовая улица, 2/1","Буровые работы, Геологические работы, Геологоразведочные работы","+79191200005, +79026132222",Буровые работы,Челябинск,100,av.lyamin@mail.ru,true,true,true,70000001027905379,55.315226,2GIS,61.242831,"Скважина 74, буровая компания",+79191200005,456510,5,42,35,2026-10-09T03:04:53.494858+00:00,Челябинск,бурение скважин,"whatsapp:https://wa.me/79191200005?text=%D0%97%D0%B4%D1%80%D0%B0%D0%B2%D1%81%D1%82%D0%B2%D1%83%D0%B9%D1%82%D0%B5!%0A%0A%D0%9F%D0%B8%D1%88%D1%83%20%D0%B8%D0%B7%20%D0%BF%D1%80%D0%B8%D0%BB%D0%BE%D0%B6%D0%B5%D0%BD%D0%B8%D1%8F%202%D0%93%D0%98%D0%A1.%0A%0A, telegram:https://t.me/bk_skvazhina74, telegram:https://t.me/+79191200005",https://2gis.ru/firm/70000001027905379,http://bur-74.ru,Пн: 08:00-20:00; Вт: 08:00-20:00; Ср: 08:00-20:00; Чт: 08:00-20:00; Пт: 08:00-20:00; Сб: 08:00-18:00; Вс: 08:00-18:00,A
"Копейское шоссе, 54","Буровые работы, Геологические работы, Наружное отопление, водоснабжение, канализация","+79085826185, +79514444712, +73512707087, +79507252750",Буровые работы,Челябинск,100,info@burchel.ru,true,true,true,70000001007291315,55.140929,2GIS,61.45572,"БурЧел, буровая компания",+79085826185,454010,4.9,48,45,2026-10-09T03:04:53.514061+00:00,Челябинск,бурение скважин,"whatsapp:https://wa.me/79085826185?text=%D0%97%D0%B4%D1%80%D0%B0%D0%B2%D1%81%D1%82%D0%B2%D1%83%D0%B9%D1%82%D0%B5!%0A%0A%D0%9F%D0%B8%D1%88%D1%83%20%D0%B8%D0%B7%20%D0%BF%D1%80%D0%B8%D0%BB%D0%BE%D0%B6%D0%B5%D0%BD%D0%B8%D1%8F%202%D0%93%D0%98%D0%A1.%0A%0A, whatsapp:https://wa.me/79507252750?text=%D0%97%D0%B4%D1%80%D0%B0%D0%B2%D1%81%D1%82%D0%B2%D1%83%D0%B9%D1%82%D0%B5!%0A%0A%D0%9F%D0%B8%D1%88%D1%83%20%D0%B8%D0%B7%20%D0%BF%D1%80%D0%B8%D0%BB%D0%BE%D0%B6%D0%B5%D0%BD%D0%B8%D1%8F%202%D0%93%D0%98%D0%A1.%0A%0A, telegram:https://t.me/+79507252750",https://2gis.ru/firm/70000001007291315,http://burchel.ru,Пн: 09:00-21:00; Вт: 09:00-21:00; Ср: 09:00-21:00; Чт: 09:00-21:00; Пт: 09:00-21:00; Сб: 09:00-21:00; Вс: 09:00-21:00,B
"Центральная улица, 3Б","Буровые работы, Локальные очистные сооружения, Оборудование для очистки воды, Наружное отопление, водоснабжение, канализация, Системы водоотведения","88003508519, +73512007521",Буровые работы,Челябинск,100,info@septictop.ru,true,true,true,70000001092007484,55.148928,2GIS,61.306202,"Септик Топ, компания по продаже систем водоотведения",88003508519,454902,5,1,1,2026-10-09T03:04:53.533012+00:00,Челябинск,бурение скважин,telegram:https://t.me/+79950055037,https://2gis.ru/firm/70000001092007484,http://septictop.ru,Пн: 09:00-20:00; Вт: 09:00-20:00; Ср: 09:00-20:00; Чт: 09:00-20:00; Пт: 09:00-20:00; Сб: 09:00-20:00; Вс: 09:00-20:00,C
"улица Елькина, 110","Буровые работы, Наружное отопление, водоснабжение, канализация, Строительство и обслуживание наружного газоснабжения",+73512102027,Буровые работы,Челябинск,50,,false,true,false,70000001089734112,55.143446,2GIS,61.400334,"Подземные коммуникации, строительная компания",+73512102027,454048,1,2,2,2026-10-09T03:04:53.552032+00:00,Челябинск,бурение скважин,,https://2gis.ru/firm/70000001089734112,,Пн: 08:00-17:00; Вт: 08:00-17:00; Ср: 08:00-17:00; Чт: 08:00-17:00; Пт: 08:00-17:00,C
"Комсомольский проспект, 14",Буровые работы,"+73512706212, +79512506212",Буровые работы,Челябинск,100,lazurit-l@yandex.ru,true,true,true,2111590608859889,55.192146,2GIS,61.370803,"Лазурит, буровая компания",+73512706212,454008,4.6,12,10,2026-10-09T03:04:53.572905+00:00,Челябинск,бурение скважин,whatsapp:https://wa.me/79512506212?text=%D0%97%D0%B4%D1%80%D0%B0%D0%B2%D1%81%D1%82%D0%B2%D1%83%D0%B9%D1%82%D0%B5!%0A%0A%D0%9F%D0%B8%D1%88%D1%83%20%D0%B8%D0%B7%20%D0%BF%D1%80%D0%B8%D0%BB%D0%BE%D0%B6%D0%B5%D0%BD%D0%B8%D1%8F%202%D0%93%D0%98%D0%A1.%0A%0A,https://2gis.ru/firm/2111590608859889,http://lazurit-l.ru,Пн: 09:00-17:00; Вт: 09:00-17:00; Ср: 09:00-17:00; Чт: 09:00-17:00; Пт: 09:00-16:00,A
"улица Бейвеля, 118","Буровые работы, Гидрогеологические работы, Геологические работы","+73512231065, +79191171169",Буровые работы,Челябинск,100,uralgeokadastr@mail.ru,true,true,true,2111591606536913,55.219529,2GIS,61.296311,"УралГеоКадастр, научно-производственная фирма",+73512231065,454076,4.9,8,7,2026-10-09T03:04:53.593308+00:00,Челябинск,бурение скважин,whatsapp:https://wa.me/79191171169?text=%D0%97%D0%B4%D1%80%D0%B0%D0%B2%D1%81%D1%82%D0%B2%D1%83%D0%B9%D1%82%D0%B5!%0A%0A%D0%9F%D0%B8%D1%88%D1%83%20%D0%B8%D0%B7%20%D0%BF%D1%80%D0%B8%D0%BB%D0%BE%D0%B6%D0%B5%D0%BD%D0%B8%D1%8F%202%D0%93%D0%98%D0%A1.%0A%0A,https://2gis.ru/firm/2111591606536913,http://www.uralgeokadastr.ru,"Пн: 09:00-12:00, 13:00-17:00; Вт: 09:00-12:00, 13:00-17:00; Ср: 09:00-12:00, 13:00-17:00; Чт: 09:00-12:00, 13:00-17:00; Пт: 09:00-12:00, 13:00-17:00",A
"Братская улица, 2д","Буровые работы, Спецтехника, Буровое оборудование, Металлообработка","88005559490, +73512171550",Буровые работы,Челябинск,90,fobospk@yandex.ru,true,true,true,2111590608756436,55.129183,2GIS,61.368562,"Фобос, производственная компания",88005559490,454087,,,,2026-10-09T03:04:53.637943+00:00,Челябинск,бурение скважин,,https://2gis.ru/firm/2111590608756436,http://fobos.biz,Пн: 07:00-16:00; Вт: 07:00-16:00; Ср: 07:00-16:00; Чт: 07:00-16:00; Пт: 07:00-16:00,B
"Передовой переулок, 4","Буровые работы, Наружное отопление, водоснабжение, канализация, Внутренние системы отопления, водоснабжения, канализации, Строительство дач и коттеджей, Водоснабжение",88002007195,Буровые работы,Челябинск,100,director@uss-74.ru,true,true,true,70000001044444394,55.175645,2GIS,61.446565,Уралстоксервис,88002007195,454071,5,17,13,2026-10-09T03:04:53.656179+00:00,Челябинск,бурение скважин,"whatsapp:https://wa.me/79226973960?text=%D0%97%D0%B4%D1%80%D0%B0%D0%B2%D1%81%D1%82%D0%B2%D1%83%D0%B9%D1%82%D0%B5!%0A%0A%D0%9F%D0%B8%D1%88%D1%83%20%D0%B8%D0%B7%20%D0%BF%D1%80%D0%B8%D0%BB%D0%BE%D0%B6%D0%B5%D0%BD%D0%B8%D1%8F%202%D0%93%D0%98%D0%A1.%0A%0A, telegram:https://t.me/+79226973960",https://2gis.ru/firm/70000001044444394,http://uss-74.ru,Пн: 08:00-17:00; Вт: 08:00-17:00; Ср: 08:00-17:00; Чт: 08:00-17:00; Пт: 08:00-17:00,C
,"Буровые работы, Аренда спецтехники, Эвакуатор, Вывоз мусора, Экспедирование грузов",+79634633569,Буровые работы,Челябинск,90,kranna5@yandex.ru,true,true,true,70000001064086629,,2GIS,,КранНа5,+79634633569,,,,,2026-10-09T03:04:53.689213+00:00,Челябинск,бурение скважин,,https://2gis.ru/firm/70000001064086629,http://chelyabinsk.avtokran5.ru,Пн: 00:00-24:00; Вт: 00:00-24:00; Ср: 00:00-24:00; Чт: 00:00-24:00; Пт: 00:00-24:00; Сб: 00:00-24:00; Вс: 00:00-24:00,C
"улица Молодогвардейцев, 7","Буровые работы, Металлоконструкции для строительства, Свайные работы, Металлообработка","+79080518800, +79080787203",Буровые работы,Челябинск,100,ms79080518800@gmail.com,true,true,true,70000001103821948,55.204674,2GIS,61.328863,"МеталлСвайГрупп, компания по производству фундаментов на винтовых сваях",+79080518800,454138,5,10,10,2026-10-09T03:04:53.711746+00:00,Челябинск,бурение скважин,"whatsapp:https://wa.me/79080518800?text=%D0%97%D0%B4%D1%80%D0%B0%D0%B2%D1%81%D1%82%D0%B2%D1%83%D0%B9%D1%82%D0%B5!%0A%0A%D0%9F%D0%B8%D1%88%D1%83%20%D0%B8%D0%B7%20%D0%BF%D1%80%D0%B8%D0%BB%D0%BE%D0%B6%D0%B5%D0%BD%D0%B8%D1%8F%202%D0%93%D0%98%D0%A1.%0A%0A, telegram:https://t.me/+79080518800",https://2gis.ru/firm/70000001103821948,http://svai74.ru,Пн: 09:00-20:00; Вт: 09:00-20:00; Ср: 09:00-20:00; Чт: 09:00-20:00; Пт: 09:00-20:00; Сб: 09:00-20:00; Вс: 09:00-20:00,A
"Маркса улица, 70","Буровые работы, Кадастровые работы, Оформление недвижимости, Геодезические работы, Геологические работы","+79227042580, +79026041293, +73512635156",Буровые работы,Челябинск,75,stpro174@gmail.com,true,true,false,2111590606517360,55.165455,2GIS,61.40187,"Стройпроект, кадастровое бюро",+79227042580,454091,5,2,2,2026-10-09T03:04:53.743644+00:00,Челябинск,бурение скважин,"telegram:https://t.me/gribarta, whatsapp:https://wa.me/79227042580?text=%D0%97%D0%B4%D1%80%D0%B0%D0%B2%D1%81%D1%82%D0%B2%D1%83%D0%B9%D1%82%D0%B5!%0A%0A%D0%9F%D0%B8%D1%88%D1%83%20%D0%B8%D0%B7%20%D0%BF%D1%80%D0%B8%D0%BB%D0%BE%D0%B6%D0%B5%D0%BD%D0%B8%D1%8F%202%D0%93%D0%98%D0%A1.%0A%0A",https://2gis.ru/firm/2111590606517360,,Пн: 09:00-18:00; Вт: 09:00-18:00; Ср: 09:00-18:00; Чт: 09:00-18:00; Пт: 09:00-18:00,B
"Ключевая улица, 9","Буровые работы, Геологические работы, Свайные работы","+73022555575, +79965146008, +79144827283",Буровые работы,Чита,100,burovikchita@mail.ru,true,true,true,9007727535726757,52.136452,2GIS,113.496008,"Буровик плюс, буровая компания",+73022555575,672512,4.8,80,75,2026-10-09T04:30:34.390566+00:00,Чита,бурение скважин,"whatsapp:https://wa.me/79144827283?text=%D0%97%D0%B4%D1%80%D0%B0%D0%B2%D1%81%D1%82%D0%B2%D1%83%D0%B9%D1%82%D0%B5!%0A%0A%D0%9F%D0%B8%D1%88%D1%83%20%D0%B8%D0%B7%20%D0%BF%D1%80%D0%B8%D0%BB%D0%BE%D0%B6%D0%B5%D0%BD%D0%B8%D1%8F%202%D0%93%D0%98%D0%A1.%0A%0A, whatsapp:https://wa.me/79965146008?text=%D0%97%D0%B4%D1%80%D0%B0%D0%B2%D1%81%D1%82%D0%B2%D1%83%D0%B9%D1%82%D0%B5!%0A%0A%D0%9F%D0%B8%D1%88%D1%83%20%D0%B8%D0%B7%20%D0%BF%D1%80%D0%B8%D0%BB%D0%BE%D0%B6%D0%B5%D0%BD%D0%B8%D1%8F%202%D0%93%D0%98%D0%A1.%0A%0A, telegram:https://t.me/+79965146008, telegram:https://t.me/+79144827283",https://2gis.ru/firm/9007727535726757,http://burovik-chita.ru,Пн: 09:00-18:00; Вт: 09:00-18:00; Ср: 09:00-18:00; Чт: 09:00-18:00; Пт: 09:00-18:00; Сб: 09:00-18:00; Вс: 09:00-18:00,A
"Вишнёвая улица, 10","Буровые работы, Насосное оборудование, Геологические работы, Свайные работы, Геологоразведочные работы","+79144816866, +79145220946, +73022358877, +79143578877",Буровые работы,Чита,100,burenie.chita@yandex.ru,true,true,true,9007727535759982,52.127528,2GIS,113.443774,Буровая компания,+79144816866,672014,5,39,34,2026-10-09T04:30:34.491408+00:00,Чита,бурение скважин,,https://2gis.ru/firm/9007727535759982,http://burenie75.ru,Пн: 09:00-18:00; Вт: 09:00-18:00; Ср: 09:00-18:00; Чт: 09:00-18:00; Пт: 09:00-18:00; Сб: 09:00-18:00,A
"Шилова, 99г",Буровые работы,+73022282006,Буровые работы,Чита,100,info_chita@rbm-armz.ru,true,true,true,9007727535754130,52.062758,2GIS,113.49467,"Русбурмаш, геологоразведочная компания",+73022282006,672038,5,6,1,2026-10-09T04:30:34.539079+00:00,Чита,бурение скважин,,https://2gis.ru/firm/9007727535754130,http://www.rbm.armz.ru,"Пн: 09:00-13:00, 14:00-18:00; Вт: 09:00-13:00, 14:00-18:00; Ср: 09:00-13:00, 14:00-18:00; Чт: 09:00-13:00, 14:00-18:00; Пт: 09:00-13:00, 14:00-17:00",A
"Трактовая улица, 7а",Буровые работы,"+79234783001, +79236150776, +79293412031",Буровые работы,Чита,75,office.zbf@azotvzryv.ru,true,true,false,70000001050736012,52.065032,2GIS,113.450292,"Азот Майнинг Сервис, Забайкальский филиал",+79234783001,672014,2.3,9,1,2026-10-09T04:30:34.669041+00:00,Чита,бурение скважин,,https://2gis.ru/firm/70000001050736012,,"Пн: 09:00-13:00, 14:00-18:00; Вт: 09:00-13:00, 14:00-18:00; Ср: 09:00-13:00, 14:00-18:00; Чт: 09:00-13:00, 14:00-18:00; Пт: 09:00-13:00, 14:00-18:00",A
"улица Балябина, 75","Буровые работы, Строительство дорог, Аренда спецтехники, Промышленное строительство",+79960222357,Буровые работы,Чита,50,,false,true,false,70000001043723110,52.048172,2GIS,113.484798,"ТрансМагистральСтрой, компания",+79960222357,672007,2.7,7,5,2026-10-09T04:30:34.721651+00:00,Чита,бурение скважин,,https://2gis.ru/firm/70000001043723110,,Пн: 08:30-17:30; Вт: 08:30-17:30; Ср: 08:30-17:30; Чт: 08:30-17:30; Пт: 08:30-17:30,C
"улица Чкалова, 158","Буровые работы, Геологоразведочные работы","+73022350553, +73022350558, +73022350595",Буровые работы,Чита,75,arealresurs@mail.ru,true,true,false,9007727535719325,52.039813,2GIS,113.496041,"Ареал ресурс, геологоразведочная компания",+73022350553,672007,5,1,1,2026-10-09T04:30:34.753375+00:00,Чита,бурение скважин,,https://2gis.ru/firm/9007727535719325,,"Пн: 08:00-12:00, 13:00-17:00; Вт: 08:00-12:00, 13:00-17:00; Ср: 08:00-12:00, 13:00-17:00; Чт: 08:00-12:00, 13:00-17:00; Пт: 08:00-12:00, 13:00-17:00",A
"Трактовая улица, 33 ст3","Буровые работы, Геологические работы, Геологоразведочные работы, Геодезические работы",+79644707575,Буровые работы,Чита,40,,false,true,false,70000001076526903,52.072555,2GIS,113.452519,МаркГеоКомплекс,+79644707575,672014,0,4,1,2026-10-09T04:30:34.795916+00:00,Чита,бурение скважин,whatsapp:https://wa.me/79644707575?text=%D0%97%D0%B4%D1%80%D0%B0%D0%B2%D1%81%D1%82%D0%B2%D1%83%D0%B9%D1%82%D0%B5!%0A%0A%D0%9F%D0%B8%D1%88%D1%83%20%D0%B8%D0%B7%20%D0%BF%D1%80%D0%B8%D0%BB%D0%BE%D0%B6%D0%B5%D0%BD%D0%B8%D1%8F%202%D0%93%D0%98%D0%A1.%0A%0A,https://2gis.ru/firm/70000001076526903,,Пн: 09:00-17:00; Вт: 09:00-17:00; Ср: 09:00-17:00; Чт: 09:00-17:00; Пт: 09:00-17:00,A
"улица Чкалова, 158","Буровые работы, Архитектурное проектирование, Проектирование дорог и мостов, Геологические работы, Геодезические работы","+79143564767, +79145176664",Буровые работы,Чита,90,zpcom@inbox.ru,true,true,true,70000001021039370,52.039727,2GIS,113.496264,Забайкальская проектная компания,+79143564767,672007,,,,2026-10-09T04:30:34.826236+00:00,Чита,бурение скважин,,https://2gis.ru/firm/70000001021039370,http://zpk75.ru/,"Пн: 09:00-13:00, 14:00-18:00; Вт: 09:00-13:00, 14:00-18:00; Ср: 09:00-13:00, 14:00-18:00; Чт: 09:00-13:00, 14:00-18:00; Пт: 09:00-13:00, 14:00-18:00",B
"Амурская улица, 91","Буровые работы, Геологоразведочные работы, Геологические работы, Проектирование объектов добычи полезных ископаемых, Добыча полезных ископаемых","+79248132222, +73022732222",Буровые работы,Чита,100,siberiageo@mail.ru,true,true,true,70000001093604144,52.028898,2GIS,113.501077,"Сибирь Геология, многопрофильная компания",+79248132222,672000,1,2,1,2026-10-09T04:30:34.869449+00:00,Чита,бурение скважин,telegram:https://t.me/+79248132222,https://2gis.ru/firm/70000001093604144,http://siberiageo.ru,Пн: 08:30-17:30; Вт: 08:30-17:30; Ср: 08:30-17:30; Чт: 08:30-17:30; Пт: 08:30-17:30,A
"Огородная, 72",Буровые работы,"+79245100018, +79248103352",Буровые работы,Чита,40,,false,true,false,70000001116523661,51.98646,2GIS,113.550212,Буровик 75,+79245100018,672015,0,2,1,2026-10-09T04:30:34.896194+00:00,Чита,бурение скважин,whatsapp:https://wa.me/79245100018?text=%D0%97%D0%B4%D1%80%D0%B0%D0%B2%D1%81%D1%82%D0%B2%D1%83%D0%B9%D1%82%D0%B5!%0A%0A%D0%9F%D0%B8%D1%88%D1%83%20%D0%B8%D0%B7%20%D0%BF%D1%80%D0%B8%D0%BB%D0%BE%D0%B6%D0%B5%D0%BD%D0%B8%D1%8F%202%D0%93%D0%98%D0%A1.%0A%0A,https://2gis.ru/firm/70000001116523661,,Пн: 08:00-21:00; Вт: 08:00-21:00; Ср: 08:00-21:00; Чт: 08:00-21:00; Пт: 08:00-21:00; Сб: 08:00-21:00; Вс: 08:00-21:00,A
"Июньская улица, 27 ст1","Буровые работы, Геологоразведочные работы",+73022720113,Буровые работы,Чита,90,info@zabbp.ru,true,true,true,70000001103881421,52.059353,2GIS,113.490826,"Забайкальское буровое предприятие, компания по буровым и геологоразведочным работам",+73022720113,672038,,,,2026-10-09T04:30:34.959216+00:00,Чита,бурение скважин,,https://2gis.ru/firm/70000001103881421,http://zabbp.ru,Пн: 00:00-24:00; Вт: 00:00-24:00; Ср: 00:00-24:00; Чт: 00:00-24:00; Пт: 00:00-24:00; Сб: 00:00-24:00; Вс: 00:00-24:00,A
"Добротный микрорайон, 62а",Буровые работы,"+79144641590, +79245000041",Буровые работы,Чита,75,mihail.konstantinow.63@mail.ru,true,true,false,70000001021600133,52.169103,2GIS,113.51919,Компания буровых работ,+79144641590,672512,5,4,1,2026-10-09T04:30:35.003714+00:00,Чита,бурение скважин,"whatsapp:https://wa.me/79144641590?text=%D0%97%D0%B4%D1%80%D0%B0%D0%B2%D1%81%D1%82%D0%B2%D1%83%D0%B9%D1%82%D0%B5!%0A%0A%D0%9F%D0%B8%D1%88%D1%83%20%D0%B8%D0%B7%20%D0%BF%D1%80%D0%B8%D0%BB%D0%BE%D0%B6%D0%B5%D0%BD%D0%B8%D1%8F%202%D0%93%D0%98%D0%A1.%0A%0A, telegram:https://t.me/+79245000041",https://2gis.ru/firm/70000001021600133,,Пн: 09:00-18:00; Вт: 09:00-18:00; Ср: 09:00-18:00; Чт: 09:00-18:00; Пт: 09:00-18:00; Сб: 09:00-18:00; Вс: 09:00-18:00,A
"Кустарный переулок, 15","Буровые работы, Геологические работы","+79144963333, +79245138889",Буровые работы,Чита,100,bol1@yandex.ru,true,true,true,70000001023900973,52.000542,2GIS,113.493687,"БСВ, буровая компания",+79144963333,672020,4.4,11,8,2026-10-09T04:30:35.048778+00:00,Чита,бурение скважин,whatsapp:https://wa.me/79144963333?text=%D0%97%D0%B4%D1%80%D0%B0%D0%B2%D1%81%D1%82%D0%B2%D1%83%D0%B9%D1%82%D0%B5!%0A%0A%D0%9F%D0%B8%D1%88%D1%83%20%D0%B8%D0%B7%20%D0%BF%D1%80%D0%B8%D0%BB%D0%BE%D0%B6%D0%B5%D0%BD%D0%B8%D1%8F%202%D0%93%D0%98%D0%A1.%0A%0A,https://2gis.ru/firm/70000001023900973,http://www.burenie-75chita.ru/,Пн: 09:00-20:00; Вт: 09:00-20:00; Ср: 09:00-20:00; Чт: 09:00-20:00; Пт: 09:00-20:00; Сб: 09:00-20:00; Вс: 09:00-20:00,B
"улица Космонавтов, 15г ст4","Буровые работы, Аренда спецтехники, Строительство и обслуживание электросетей, Сварочные работы, Свайные работы","+79245002351, +79144512351",Буровые работы,Чита,50,,false,true,false,70000001028249258,52.081504,2GIS,113.381928,"Опора, буровая компания",+79245002351,672030,5,2,2,2026-10-09T04:30:35.112943+00:00,Чита,бурение скважин,whatsapp:https://wa.me/79144512351?text=%D0%97%D0%B4%D1%80%D0%B0%D0%B2%D1%81%D1%82%D0%B2%D1%83%D0%B9%D1%82%D0%B5!%0A%0A%D0%9F%D0%B8%D1%88%D1%83%20%D0%B8%D0%B7%20%D0%BF%D1%80%D0%B8%D0%BB%D0%BE%D0%B6%D0%B5%D0%BD%D0%B8%D1%8F%202%D0%93%D0%98%D0%A1.%0A%0A,https://2gis.ru/firm/70000001028249258,,Пн: 09:00-21:00; Вт: 09:00-21:00; Ср: 09:00-21:00; Чт: 09:00-21:00; Пт: 09:00-21:00; Сб: 09:00-21:00; Вс: 09:00-21:00,A
,"Буровые работы, Аренда спецтехники, Эвакуатор, Городские автогрузоперевозки, Спецтехника","+79144719690, +79243880707",Буровые работы,Чита,40,,false,true,false,70000001032842592,,2GIS,,Компания по аренде спецтехники,+79144719690,,,,,2026-10-09T04:30:35.205538+00:00,Чита,бурение скважин,whatsapp:https://wa.me/79243880707?text=%D0%97%D0%B4%D1%80%D0%B0%D0%B2%D1%81%D1%82%D0%B2%D1%83%D0%B9%D1%82%D0%B5!%0A%0A%D0%9F%D0%B8%D1%88%D1%83%20%D0%B8%D0%B7%20%D0%BF%D1%80%D0%B8%D0%BB%D0%BE%D0%B6%D0%B5%D0%BD%D0%B8%D1%8F%202%D0%93%D0%98%D0%A1.%0A%0A,https://2gis.ru/firm/70000001032842592,,Пн: 09:00-22:00; Вт: 09:00-22:00; Ср: 09:00-22:00; Чт: 09:00-22:00; Пт: 09:00-22:00; Сб: 09:00-22:00; Вс: 09:00-22:00,C
"улица Тимирязева, 25","Буровые работы, Геодезические работы, Геологические работы, Экологические работы, Геологоразведочные работы","+79644676416, +79644644666",Буровые работы,Чита,75,burenie_dv@mail.ru,true,true,false,70000001060676375,52.048552,2GIS,113.490098,"Буровая компания, компания по выполнению геологоразведочных работ",+79644676416,672007,5,2,2,2026-10-09T04:30:35.262549+00:00,Чита,бурение скважин,,https://2gis.ru/firm/70000001060676375,,Пн: 09:00-19:00; Вт: 09:00-19:00; Ср: 09:00-19:00; Чт: 09:00-19:00; Пт: 09:00-19:00,A
"Шилова, 8а",Буровые работы,"+79245717211, +79144705391",Буровые работы,Чита,65,as.oleg2011@yandex.ru,true,true,false,70000001109829463,52.048156,2GIS,113.492262,"ЧБК, буровая компания",+79245717211,672038,,,,2026-10-09T04:30:35.312917+00:00,Чита,бурение скважин,telegram:https://t.me/+79144705391,https://2gis.ru/firm/70000001109829463,,Пн: 09:00-17:00; Вт: 09:00-17:00; Ср: 09:00-17:00; Чт: 09:00-17:00; Пт: 09:00-17:00; Сб: 09:00-17:00,A
"Ямская улица, 18","Буровые работы, Добыча полезных ископаемых",+79144655084,Буровые работы,Чита,40,,false,true,false,70000001114483673,52.032306,2GIS,113.435505,Байкалголд,+79144655084,672040,,,,2026-10-09T04:30:35.367034+00:00,Чита,бурение скважин,,https://2gis.ru/firm/70000001114483673,,,B
,"Буровые работы, Геологические работы, Взрывные работы, Спецтехника","+79146350426, +79247775578",Буровые работы,Чита,40,,false,true,false,70000001114503165,,2GIS,,БВК,+79146350426,,,,,2026-10-09T04:30:35.403246+00:00,Чита,бурение скважин,,https://2gis.ru/firm/70000001114503165,,,B
,Буровые работы,+79143602404,Буровые работы,Чита,40,,false,true,false,70000001117414595,,2GIS,,"Родник, компания по бурению скважин",+79143602404,,,,,2026-10-09T04:30:35.427170+00:00,Чита,бурение скважин,,https://2gis.ru/firm/70000001117414595,,,A
,"Буровые работы, Внутренние системы отопления, водоснабжения, канализации, Наружное отопление, водоснабжение, канализация, Геологические работы","+74242255366, +79147555366",Буровые работы,Южно-Сахалинск,75,ploskiyds@gmail.com,true,true,false,70000001113576007,,2GIS,,Буровик,+74242255366,,5,8,8,2026-10-09T02:21:12.391678+00:00,Южно-Сахалинск,бурение скважин,"whatsapp:https://wa.me/79147555366?text=%D0%97%D0%B4%D1%80%D0%B0%D0%B2%D1%81%D1%82%D0%B2%D1%83%D0%B9%D1%82%D0%B5!%0A%0A%D0%9F%D0%B8%D1%88%D1%83%20%D0%B8%D0%B7%20%D0%BF%D1%80%D0%B8%D0%BB%D0%BE%D0%B6%D0%B5%D0%BD%D0%B8%D1%8F%202%D0%93%D0%98%D0%A1.%0A%0A, telegram:https://t.me/+79141555366, telegram:https://t.me/+79147555366",https://2gis.ru/firm/70000001113576007,,Пн: 08:00-20:00; Вт: 08:00-20:00; Ср: 08:00-20:00; Чт: 08:00-20:00; Пт: 08:00-20:00; Сб: 08:00-20:00; Вс: 08:00-20:00,B
"Амурская улица, 62","Буровые работы, Строительство и обслуживание электросетей, Электромонтажные работы",+79147410438,Буровые работы,Южно-Сахалинск,100,berezhnoi_zakhar@mail.ru,true,true,true,70000001105278690,46.959458,2GIS,142.731021,ЭнергоСахСтрой,+79147410438,693020,5,6,4,2026-10-09T02:21:12.511676+00:00,Южно-Сахалинск,бурение скважин,whatsapp:https://wa.me/79147410438?text=%D0%97%D0%B4%D1%80%D0%B0%D0%B2%D1%81%D1%82%D0%B2%D1%83%D0%B9%D1%82%D0%B5!%0A%0A%D0%9F%D0%B8%D1%88%D1%83%20%D0%B8%D0%B7%20%D0%BF%D1%80%D0%B8%D0%BB%D0%BE%D0%B6%D0%B5%D0%BD%D0%B8%D1%8F%202%D0%93%D0%98%D0%A1.%0A%0A,https://2gis.ru/firm/70000001105278690,http://70000001084134214.2gis.biz/,Пн: 09:00-18:00; Вт: 09:00-18:00; Ср: 09:00-18:00; Чт: 09:00-18:00; Пт: 09:00-18:00,C
"проспект Победы, 39","Буровые работы, Строительство и обслуживание наружного газоснабжения, Проектирование инженерных систем, Внутренние системы отопления, водоснабжения, канализации, Сварочные работы","+74242415131, +79625815131",Буровые работы,Южно-Сахалинск,75,strgk@bk.ru,true,true,false,70000001064901912,46.950059,2GIS,142.745856,Строительная Газовая Компания,+74242415131,693007,5,29,22,2026-10-09T02:21:12.594399+00:00,Южно-Сахалинск,бурение скважин,"whatsapp:https://wa.me/79625815131?text=%D0%97%D0%B4%D1%80%D0%B0%D0%B2%D1%81%D1%82%D0%B2%D1%83%D0%B9%D1%82%D0%B5!%0A%0A%D0%9F%D0%B8%D1%88%D1%83%20%D0%B8%D0%B7%20%D0%BF%D1%80%D0%B8%D0%BB%D0%BE%D0%B6%D0%B5%D0%BD%D0%B8%D1%8F%202%D0%93%D0%98%D0%A1.%0A%0A, telegram:https://t.me/+79625815131",https://2gis.ru/firm/70000001064901912,,"Пн: 09:00-13:00, 14:00-18:00; Вт: 09:00-13:00, 14:00-18:00; Ср: 09:00-13:00, 14:00-18:00; Чт: 09:00-13:00, 14:00-18:00; Пт: 09:00-13:00, 14:00-18:00",C
"2-я Кедровая улица, 510а","Буровые работы, Внутренние системы отопления, водоснабжения, канализации, Буровое оборудование, Наружное отопление, водоснабжение, канализация, Локальные очистные сооружения",+74242212131,Буровые работы,Южно-Сахалинск,100,ecobyrstroi@yandex.ru,true,true,true,70000001069102231,46.96888,2GIS,142.661922,ЭкоБурСтрой,+74242212131,693005,5,37,34,2026-10-09T02:21:12.643539+00:00,Южно-Сахалинск,бурение скважин,"whatsapp:https://wa.me/79006615152?text=%D0%97%D0%B4%D1%80%D0%B0%D0%B2%D1%81%D1%82%D0%B2%D1%83%D0%B9%D1%82%D0%B5!%0A%0A%D0%9F%D0%B8%D1%88%D1%83%20%D0%B8%D0%B7%20%D0%BF%D1%80%D0%B8%D0%BB%D0%BE%D0%B6%D0%B5%D0%BD%D0%B8%D1%8F%202%D0%93%D0%98%D0%A1.%0A%0A, telegram:https://t.me/+79006615152",https://2gis.ru/firm/70000001069102231,http://xn--65-9kc6adybpajlj0k.xn--p1ai,Пн: 09:00-19:00; Вт: 09:00-19:00; Ср: 09:00-19:00; Чт: 09:00-19:00; Пт: 09:00-19:00; Сб: 09:00-15:00,C
"улица Восточная, 20а","Буровые работы, Нефтегазовое оборудование, Геофизические работы, Сорбенты, Красящие вещества","+74242463950, +74242557220",Буровые работы,Южно-Сахалинск,75,,false,true,true,12385428256574543,47.031738,2GIS,142.734915,"Schlumberger, нефтесервисная компания",+74242463950,693022,4.3,27,9,2026-10-09T02:21:12.736651+00:00,Южно-Сахалинск,бурение скважин,,https://2gis.ru/firm/12385428256574543,http://slb.ru,"Пн: 09:00-13:00, 14:00-17:00; Вт: 09:00-13:00, 14:00-17:00; Ср: 09:00-13:00, 14:00-17:00; Чт: 09:00-13:00, 14:00-17:00; Пт: 09:00-13:00, 14:00-17:00",B
"проспект Мира, 1/6","Буровые работы, Геофизические работы, Нефте- и газодобывающие компании",,Буровые работы,Южно-Сахалинск,10,,false,false,false,12385427256247614,47.000348,2GIS,142.732929,"Велтэк ойлфилд сервисес (Рус), компания",,693012,5,9,1,2026-10-09T02:21:12.777182+00:00,Южно-Сахалинск,бурение скважин,,https://2gis.ru/firm/12385427256247614,,Пн: 08:00-17:00; Вт: 08:00-17:00; Ср: 08:00-17:00; Чт: 08:00-17:00; Пт: 08:00-17:00,B
,"Буровые работы, Высотные работы, Аренда спецтехники","+74242262961, +79140890164",Буровые работы,Южно-Сахалинск,40,,false,true,false,70000001019432204,,2GIS,,"Ковчег, компания",+74242262961,,,,,2026-10-09T02:21:12.826511+00:00,Южно-Сахалинск,бурение скважин,whatsapp:https://wa.me/79140890164?text=%D0%97%D0%B4%D1%80%D0%B0%D0%B2%D1%81%D1%82%D0%B2%D1%83%D0%B9%D1%82%D0%B5!%0A%0A%D0%9F%D0%B8%D1%88%D1%83%20%D0%B8%D0%B7%20%D0%BF%D1%80%D0%B8%D0%BB%D0%BE%D0%B6%D0%B5%D0%BD%D0%B8%D1%8F%202%D0%93%D0%98%D0%A1.%0A%0A,https://2gis.ru/firm/70000001019432204,,Пн: 00:00-24:00; Вт: 00:00-24:00; Ср: 00:00-24:00; Чт: 00:00-24:00; Пт: 00:00-24:00; Сб: 00:00-24:00; Вс: 00:00-24:00,C
"2-я Северная улица, 1/1","Буровые работы, Гидрогеологические работы, Гидротехническое строительство","+74242799581, +74242799600",Буровые работы,Южно-Сахалинск,75,hydrogeo@rambler.ru,true,true,false,12385427256247959,47.023104,2GIS,142.718369,"ГидроГео, специализированное геологоразведочное предприятие",+74242799581,693021,5,1,1,2026-10-09T02:21:12.870549+00:00,Южно-Сахалинск,бурение скважин,,https://2gis.ru/firm/12385427256247959,,"Пн: 08:00-12:00, 13:00-17:00; Вт: 08:00-12:00, 13:00-17:00; Ср: 08:00-12:00, 13:00-17:00; Чт: 08:00-12:00, 13:00-17:00; Пт: 08:00-12:00, 13:00-17:00",A
,"Буровые работы, Эвакуатор, Аренда спецтехники, Внутренние системы отопления, водоснабжения, канализации, Наружное отопление, водоснабжение, канализация","+79147577711, +79147553152, +74242510010",Буровые работы,Южно-Сахалинск,50,,false,true,false,70000001115167801,,2GIS,,"Гидротерм бурение, компания по бурению скважин",+79147577711,,5,2,1,2026-10-09T02:21:12.942971+00:00,Южно-Сахалинск,бурение скважин,,https://2gis.ru/firm/70000001115167801,,Пн: 09:00-18:00; Вт: 09:00-18:00; Ср: 09:00-18:00; Чт: 09:00-18:00; Пт: 09:00-18:00; Сб: 10:00-17:00,C
,"Буровые работы, Товары для отопления, водоснабжения, канализации, Оборудование для очистки воды, Проектирование инженерных систем","+74242281954, +74242490780",Буровые работы,Южно-Сахалинск,75,geoservice@inbox.ru,true,true,false,70000001022768668,47.00034,2GIS,142.726485,Геосервис,+74242281954,693012,5,4,1,2026-10-09T02:21:12.984825+00:00,Южно-Сахалинск,бурение скважин,,https://2gis.ru/firm/70000001022768668,,"Пн: 08:30-13:00, 14:00-18:00; Вт: 08:30-13:00, 14:00-18:00; Ср: 08:30-13:00, 14:00-18:00; Чт: 08:30-13:00, 14:00-18:00; Пт: 08:30-13:00, 14:00-18:00; Сб: 09:00-14:00",C
"Станционный переулок, 1","Буровые работы, Строительство и обслуживание наружного газоснабжения, Проектирование инженерных систем, Газовое оборудование","+79147554552, +79004891404",Буровые работы,Южно-Сахалинск,75,stroyga65@bk.ru,true,true,false,70000001078223490,46.977004,2GIS,142.725367,Стройгаз65,+79147554552,693003,4.6,11,2,2026-10-09T02:21:13.038324+00:00,Южно-Сахалинск,бурение скважин,whatsapp:https://wa.me/79004891404?text=%D0%97%D0%B4%D1%80%D0%B0%D0%B2%D1%81%D1%82%D0%B2%D1%83%D0%B9%D1%82%D0%B5!%0A%0A%D0%9F%D0%B8%D1%88%D1%83%20%D0%B8%D0%B7%20%D0%BF%D1%80%D0%B8%D0%BB%D0%BE%D0%B6%D0%B5%D0%BD%D0%B8%D1%8F%202%D0%93%D0%98%D0%A1.%0A%0A,https://2gis.ru/firm/70000001078223490,,"Пн: 08:00-13:00, 14:00-18:00; Вт: 08:00-13:00, 14:00-18:00; Ср: 08:00-13:00, 14:00-18:00; Чт: 08:00-13:00, 14:00-18:00; Пт: 08:00-13:00, 14:00-18:00",C
"Хабаровская улица, 2 дом","Буровые работы, Геологические работы, Экологические работы, Геодезические работы, Геофизические работы","+78633220282,,,444, +74242436308, +74242432434,,,174",Буровые работы,Южно-Сахалинск,100,ofman@don-gis.ru,true,true,true,70000001045340699,46.962424,2GIS,142.746108,Донгис,"+78633220282,,,444",693010,2.8,7,3,2026-10-09T02:21:13.121795+00:00,Южно-Сахалинск,бурение скважин,whatsapp:https://wa.me/79140849064?text=%D0%97%D0%B4%D1%80%D0%B0%D0%B2%D1%81%D1%82%D0%B2%D1%83%D0%B9%D1%82%D0%B5!%0A%0A%D0%9F%D0%B8%D1%88%D1%83%20%D0%B8%D0%B7%20%D0%BF%D1%80%D0%B8%D0%BB%D0%BE%D0%B6%D0%B5%D0%BD%D0%B8%D1%8F%202%D0%93%D0%98%D0%A1.%0A%0A,https://2gis.ru/firm/70000001045340699,http://don-gis.ru,"Пн: 09:00-13:00, 14:00-18:00; Вт: 09:00-13:00, 14:00-18:00; Ср: 09:00-13:00, 14:00-18:00; Чт: 09:00-13:00, 14:00-18:00; Пт: 09:00-13:00, 14:00-18:00",B
"2-й Заречный переулок, 17в","Буровые работы, Наружное отопление, водоснабжение, канализация, Локальные очистные сооружения, Аренда спецтехники",+79621200814,Буровые работы,Южно-Сахалинск,75,goodwin.engineering@mail.ru,true,true,false,70000001112485408,46.882111,2GIS,142.735247,Гудвин Инжиниринг,+79621200814,693014,5,2,1,2026-10-09T02:21:13.168163+00:00,Южно-Сахалинск,бурение скважин,"whatsapp:https://wa.me/79621200814?text=%D0%97%D0%B4%D1%80%D0%B0%D0%B2%D1%81%D1%82%D0%B2%D1%83%D0%B9%D1%82%D0%B5!%0A%0A%D0%9F%D0%B8%D1%88%D1%83%20%D0%B8%D0%B7%20%D0%BF%D1%80%D0%B8%D0%BB%D0%BE%D0%B6%D0%B5%D0%BD%D0%B8%D1%8F%202%D0%93%D0%98%D0%A1.%0A%0A, telegram:https://t.me/+79621200814",https://2gis.ru/firm/70000001112485408,,Пн: 09:00-20:00; Вт: 09:00-20:00; Ср: 09:00-20:00; Чт: 09:00-20:00; Пт: 09:00-20:00; Сб: 09:00-20:00; Вс: 09:00-20:00,C
"Амурская улица, 62","Буровые работы, Геологические работы, Геодезические работы, Экологические работы",+74242334763,Буровые работы,Южно-Сахалинск,100,office@sakh-geo.ru,true,true,true,70000001031158016,46.959458,2GIS,142.731021,Сахалинская геология,+74242334763,693020,5,5,2,2026-10-09T02:21:13.218196+00:00,Южно-Сахалинск,бурение скважин,,https://2gis.ru/firm/70000001031158016,http://sakh-geo.ru,"Пн: 09:00-13:00, 14:00-17:30; Вт: 09:00-13:00, 14:00-17:30; Ср: 09:00-13:00, 14:00-17:30; Чт: 09:00-13:00, 14:00-17:30; Пт: 09:00-13:00, 14:00-16:00",B
"улица Крюкова, 57",Буровые работы,+79147551360,Буровые работы,Южно-Сахалинск,40,,false,true,false,70000001089691982,46.964674,2GIS,142.727208,"СахБурСервис, компания буровых работ",+79147551360,693020,,,,2026-10-09T02:21:13.264516+00:00,Южно-Сахалинск,бурение скважин,whatsapp:https://wa.me/79147551360?text=%D0%97%D0%B4%D1%80%D0%B0%D0%B2%D1%81%D1%82%D0%B2%D1%83%D0%B9%D1%82%D0%B5!%0A%0A%D0%9F%D0%B8%D1%88%D1%83%20%D0%B8%D0%B7%20%D0%BF%D1%80%D0%B8%D0%BB%D0%BE%D0%B6%D0%B5%D0%BD%D0%B8%D1%8F%202%D0%93%D0%98%D0%A1.%0A%0A,https://2gis.ru/firm/70000001089691982,,Пн: 09:00-18:00; Вт: 09:00-18:00; Ср: 09:00-18:00; Чт: 09:00-18:00; Пт: 09:00-18:00,A
"улица Владимировка, 3","Буровые работы, Автоматические ворота и шлагбаумы, Строительство дач и коттеджей, Строительство бань и саун, Сварочные работы","+74242390111, +74242278266",Буровые работы,Южно-Сахалинск,75,278266@mail.ru,true,true,false,70000001019432801,46.968405,2GIS,142.679445,"СтройБурТорг65, строительная компания",+74242390111,693005,5,3,2,2026-10-09T02:21:13.324125+00:00,Южно-Сахалинск,бурение скважин,"whatsapp:https://wa.me/79841390111?text=%D0%97%D0%B4%D1%80%D0%B0%D0%B2%D1%81%D1%82%D0%B2%D1%83%D0%B9%D1%82%D0%B5!%0A%0A%D0%9F%D0%B8%D1%88%D1%83%20%D0%B8%D0%B7%20%D0%BF%D1%80%D0%B8%D0%BB%D0%BE%D0%B6%D0%B5%D0%BD%D0%B8%D1%8F%202%D0%93%D0%98%D0%A1.%0A%0A, whatsapp:https://wa.me/79621027772?text=%D0%97%D0%B4%D1%80%D0%B0%D0%B2%D1%81%D1%82%D0%B2%D1%83%D0%B9%D1%82%D0%B5!%0A%0A%D0%9F%D0%B8%D1%88%D1%83%20%D0%B8%D0%B7%20%D0%BF%D1%80%D0%B8%D0%BB%D0%BE%D0%B6%D0%B5%D0%BD%D0%B8%D1%8F%202%D0%93%D0%98%D0%A1.%0A%0A",https://2gis.ru/firm/70000001019432801,,"Пн: 10:00-13:00, 14:00-17:00; Вт: 10:00-13:00, 14:00-17:00; Ср: 10:00-13:00, 14:00-17:00; Чт: 10:00-13:00, 14:00-17:00; Пт: 10:00-13:00, 14:00-17:00",B
"Хабаровская улица, 2а","Буровые работы, Металлоконструкции для строительства, Аренда спецтехники, Строительство дорог, Нефтегазовое оборудование",+74242311342,Буровые работы,Южно-Сахалинск,90,office@goldspark.ru,true,true,true,12385427256248002,46.962304,2GIS,142.745225,"Голд спарк, производственно-коммерческая фирма",+74242311342,693010,,,,2026-10-09T02:21:13.391904+00:00,Южно-Сахалинск,бурение скважин,,https://2gis.ru/firm/12385427256248002,http://goldspark.ru,Пн: 09:00-17:00; Вт: 09:00-17:00; Ср: 09:00-17:00; Чт: 09:00-17:00; Пт: 09:00-17:00,C
"улица Пушкина, 80","Буровые работы, Обслуживание нефтегазодобывающих компаний, Буровое оборудование",+74242511788,Буровые работы,Южно-Сахалинск,40,,false,true,false,70000001035383645,46.953837,2GIS,142.733461,"Акрос, нефтесервисная компания",+74242511788,693020,,,,2026-10-09T02:21:13.446659+00:00,Южно-Сахалинск,бурение скважин,,https://2gis.ru/firm/70000001035383645,,Пн: 09:00-18:00; Вт: 09:00-18:00; Ср: 09:00-18:00; Чт: 09:00-18:00; Пт: 09:00-18:00,B
"улица Новая, 19","Буровые работы, Эвакуатор, Городские автогрузоперевозки, Междугородные автогрузоперевозки, Сварочные работы","+74242322232, +79241922232",Буровые работы,Южно-Сахалинск,40,,false,true,false,70000001118112988,47.043875,2GIS,142.706483,СахБур65,+74242322232,693022,,,,2026-10-09T02:21:13.494677+00:00,Южно-Сахалинск,бурение скважин,"whatsapp:https://wa.me/79241922232?text=%D0%97%D0%B4%D1%80%D0%B0%D0%B2%D1%81%D1%82%D0%B2%D1%83%D0%B9%D1%82%D0%B5!%0A%0A%D0%9F%D0%B8%D1%88%D1%83%20%D0%B8%D0%B7%20%D0%BF%D1%80%D0%B8%D0%BB%D0%BE%D0%B6%D0%B5%D0%BD%D0%B8%D1%8F%202%D0%93%D0%98%D0%A1.%0A%0A, telegram:https://t.me/+79241922232",https://2gis.ru/firm/70000001118112988,,Пн: 00:00-24:00; Вт: 00:00-24:00; Ср: 00:00-24:00; Чт: 00:00-24:00; Пт: 00:00-24:00; Сб: 00:00-24:00; Вс: 00:00-24:00,B
"Северная улица, 56","Буровые работы, Взрывные работы",+74242772240,Буровые работы,Южно-Сахалинск,65,geoseism@yandex.ru,true,true,false,12385427256247942,46.966243,2GIS,142.717688,"Геосейсм, буровзрывная компания",+74242772240,693005,,1,,2026-10-09T02:21:13.550603+00:00,Южно-Сахалинск,бурение скважин,,https://2gis.ru/firm/12385427256247942,,"Пн: 09:00-13:00, 14:00-18:00; Вт: 09:00-13:00, 14:00-18:00; Ср: 09:00-13:00, 14:00-18:00; Чт: 09:00-13:00, 14:00-18:00; Пт: 09:00-13:00, 14:00-18:00",B
